passenger_id,first_name,last_name,age,gender,email,phone,aadhaar_id
P1000,Vivaan,C***,52,F,vi***@gmail.com,XXXXXX3790,99466baa9b8fe69a6f31db34c87d50f0e9a488eda788f3fdce1c00e09a316285
P1001,Krishna,R***,15,M,kr***@hotmail.com,XXXXXX2297,6d05ccbeb5011dd59948b882fff86e1a6f7fc0cf41f6598b385f58558830ac18
P1002,Myra,N***,72,M,my***@outlook.com,XXXXXX5092,3e24ac79e2c956797c22051676644d26204cc4de0f203e1bf3aec0d9ea8e0d3f
P1003,Myra,M***,61,F,my***@hotmail.com,XXXXXX7151,4e880723014ee24b39f0213150496f3efb9faa3f62d335c2248452b7c6ddc7e6
P1004,Saanvi,B***,21,M,sa***@outlook.com,XXXXXX5113,3ca09c31f18da71ad2bc39cb3cbb387c38a9cd5ad37239eb8ca5ac19c8c18ac1
P1005,Reyansh,J***,83,M,re***@gmail.com,XXXXXX3818,5baaecf571fcdc5ccf718f458f0be23d6275ed7c492ab7cf9fbe5740180bfc6b
P1006,Kavya,N***,87,M,ka***@yahoo.com,XXXXXX5830,2b1c48782995bca7651b32a296333e0f8719bc8b98a27877ccf03c696c89f9bb
P1007,Sara,J***,75,M,sa***@gmail.com,XXXXXX2119,13a51896795a68872c530ba9328d2a05de81c12824abd57c62fbad2a026acc33
P1008,Kavya,P***,75,M,ka***@gmail.com,XXXXXX6600,184b6d895f7c0fd560b885720ee72b5de5ee102df5f112d64c6b724d12bb24fd
P1009,Sai,K***,88,M,sa***@hotmail.com,XXXXXX9919,7152cf63fa78e06f15efe34fefe6158e1f8a85cb1ea49545581a0a7af42195d8
P1010,Sai,A***,24,M,sa***@yahoo.com,XXXXXX9690,6ccbdd4d650e0d64ce86d6e145d8f2b0c07aec9989fcbf2c660d39c96f3e3114
P1011,Sara,N***,3,M,sa***@yahoo.com,XXXXXX4718,6ec260924a1a8d6aa59b677aa509e0b8d3c83744bc682bae7f4afa4b22860ddc
P1012,Arjun,P***,22,M,ar***@yahoo.com,XXXXXX8245,bd856ea5b24a8112d2d4b595f3a544c977377ec20e1e2493e2e4d518c4a3d3aa
P1013,Sara,I***,53,M,sa***@hotmail.com,XXXXXX6298,01f603c86d6008c8305f292caf52f66c75cf7cd6a4be06f8d783b728fc025429
P1014,Anika,B***,2,F,an***@outlook.com,XXXXXX2705,f43bad82f1ea88b19fcd0c24acd414afa64f6aabe5b57580da7857b110f5d61a
P1015,Aadhya,V***,88,F,aa***@gmail.com,XXXXXX0141,d70bbd933fb62ae559b38998053c0fef4e5ea8498d7056cec5906af99cad0a16
P1016,Vivaan,N***,30,M,vi***@rediffmail.com,XXXXXX0826,b740b55080e3f5e987b1e613f84e3f5e550281a34627b8e44b8ce5926d7a2e0c
P1017,Reyansh,C***,38,F,re***@rediffmail.com,XXXXXX3976,e3e68bc9aef666c21568e5d5fcbc935c05a43988620fa2122f2d4f6f77b8d1ca
P1018,Ira,G***,2,F,ir***@hotmail.com,XXXXXX9320,dd0512da8f3fc09b12e4651f08c32fdb27d2264aa85de0eba7ba02e3068cf7b8
P1019,Diya,P***,64,M,di***@gmail.com,XXXXXX0329,27af54f85ed4ca2e1e40f09c25d1aa3bf50b51bd597e5b8cd9ef1d136ea17d06
P1020,Ananya,K***,60,M,an***@yahoo.com,XXXXXX6828,c51671e5c87fc0045a67f16cfce4c3968b99b588d4374c43980352cb041b0bbb
P1021,Kavya,N***,21,M,ka***@yahoo.com,XXXXXX3494,be8e1f9bc95f0bb62ef2eb1c73f0819d5a6feacbe8b9c25ace02400db4089a44
P1022,Shaurya,J***,33,F,sh***@outlook.com,XXXXXX5277,bdb2a0f6ff5354b4a3eef12484da771e0381b572315d732c8e52cba75e7b7bf2
P1023,Aditya,P***,76,F,ad***@hotmail.com,XXXXXX9973,aae89439b255e5dfa3dee8b4efa96bbacaccda93cd681b6c29f6d392312c06e5
P1024,Vivaan,S***,58,M,vi***@yahoo.com,XXXXXX4941,5ccf28839dc58717f318474e0c64564c44295f407b7f1ff16fea2b382a63aa7f
P1025,Aarav,C***,22,M,aa***@yahoo.com,XXXXXX2872,3b6f062d77b2606553508ed0058dff0df66586e4f66c24560edc31f91a2d8986
P1026,Ira,G***,89,M,ir***@hotmail.com,XXXXXX5852,c19551c77397628720f119e0fa54a4090a9a02f1e3895f7588daef5bc094efb3
P1027,Reyansh,B***,49,F,re***@gmail.com,XXXXXX6699,f033f74585ca0ac9ff328e651d50a74f12fcd2abd01fa7be818cb67e6c03d33f
P1028,Aadhya,M***,59,F,aa***@gmail.com,XXXXXX8647,48e69be23928a6d3b9e4732c3b2b45e4a462c35b3d868c56dec0464f379fb546
P1029,Diya,G***,42,F,di***@rediffmail.com,XXXXXX3245,ae8add5e2b5a7da66a875e0ffaf446030ac992bfb0f6071296f9059ff7df9415
P1030,Aditya,K***,60,F,ad***@gmail.com,XXXXXX2378,68c1f6cd2204ee3a45e5f076d30fa697484a95079336d01918ddaad95090db93
P1031,Shaurya,P***,80,M,sh***@gmail.com,XXXXXX2643,e2305aa80905ada0cced16bb86932b8147fd7a499ae8693de18d3f59f04fe334
P1032,Kavya,G***,15,M,ka***@rediffmail.com,XXXXXX9918,38071e4c4b90feab293af43edf797bfd8ce25d25050cb36ae33b7d914081f5bb
P1033,Aadhya,K***,62,M,aa***@hotmail.com,XXXXXX4498,e30ec22a134adfeed3e602da01d988b819e87febfbd1c8b62620e818bfeae23a
P1034,Ishaan, ***,62,M,is***@outlook.com,XXXXXX4033,64ddf0cc8598adad199473ea1ad0b028f19111c122162d31b7bb98b553a0a97c
P1035,Vivaan,G***,47,F,vi***@hotmail.com,XXXXXX2414,d88fba3c8073af55d94c3ca449814cb738cd79a809055ef598e037d7b38ea379
P1036,Riya,R***,62,F,ri***@rediffmail.com,XXXXXX7896,e0f95c940d08624f1b2ca5a54608014485d97b4d5043c94a6996dae145b1c355
P1037,Muhammad,G***,51,M,mu***@rediffmail.com,XXXXXX8772,afa962c23cad341fd185e0178421a420dc4b5786d1c9a06bbd3929c58e112331
P1038,Ira,P***,55,M,ir***@yahoo.com,XXXXXX8741,6a1d05297296389e84bba7d5546c6cee2f2caf2f04f4be25ea55666d6dead569
P1039,Shaurya,A***,64,F,sh***@hotmail.com,XXXXXX1542,3d6db7d02b273cc235d19ad50e46af859af47542267363462fab29442def7d00
P1040,Muhammad,J***,3,M,mu***@hotmail.com,XXXXXX3128,e62c04861301d5df9ae992773773845f2df7f25312add7b390711f3c39cd9a1a
P1041,Shaurya,G***,51,F,sh***@hotmail.com,XXXXXX0848,9e9092b91af8eed0b0dda010417a0e8d9bb93f23bd2ec1ff4f05fb258cb4f2b0
P1042,Arjun,K***,7,M,ar***@hotmail.com,XXXXXX3124,457534ddfc17753e4c130d6189bac54511b394e14457ef1eb7aa4ef033e6551d
P1043,Arjun,R***,21,M,ar***@hotmail.com,XXXXXX6217,028c41d63f69279d5d3288d3b3b332255a1d63ed32ca4bcb75399af70f1739d2
P1044,Sai,I***,73,M,sa***@yahoo.com,XXXXXX1644,62ff315ec95cf152890158ba5b93b75c0665895cf469c28d4e3dd4c85a85fd69
P1045,Kavya,R***,39,M,ka***@yahoo.com,XXXXXX3159,09348897270fc901944cef8228573d58fbc84250d3e8568b48284a1d42c1f7cf
P1046,Saanvi,S***,18,M,sa***@yahoo.com,XXXXXX8191,c92af55007ca65a9989d183bbfa6b3d48b2c2a6ba4e5d08ce73112559babbf86
P1047,Ishaan,C***,4,M,is***@rediffmail.com,XXXXXX9872,d153d15f08bd1389b6ec42d3ea4c4d2501dd48c6a5b2e56df1b2624182f338ba
P1048,Sai,M***,89,M,sa***@gmail.com,XXXXXX5636,8b0e327bca94dce5ac6133c545b34fde8f2d6cba2808dac6322f674f6fc7eb24
P1049,Aadhya,J***,60,F,aa***@rediffmail.com,XXXXXX0490,35f9ab2c175a312ac6e7b5c2c91f8500b3092d8c2a79586b89a2ca1b751911fc
P1050,Aarav,D***,14,F,aa***@yahoo.com,XXXXXX5622,0dec9ffcd508187d46bfe052650904966ef0492522da78b1c07fb9ecd4d33d6d
P1051,Aadhya,C***,9,F,aa***@outlook.com,XXXXXX9494,3157eb47074daa84ed9fbb6a50fdf870d9aa1186726a923c4ae09e10b9223cc7
P1052,Sai,K***,53,F,sa***@gmail.com,XXXXXX2365,1a6c56e0c65b72db424b16392b68294cc8b865218b6683f747e8dfde9ebbcbdd
P1053,Myra,B***,2,F,my***@gmail.com,XXXXXX5719,dec010b62871264a1329fc87905d2b5fc6e4d0aa91e2e79c5084ad50a4592e18
P1054,Muhammad,P***,84,M,mu***@rediffmail.com,XXXXXX9821,eabf1e495650bee0ff6cfa9f5c307a7408a8f62f34901dc6e476ee25b5ace095
P1055,Ishaan,C***,60,M,is***@gmail.com,XXXXXX1200,0a66fc7596354bb8c8a6b1f231a9914bf0f0172af7f58552d3e6705424d6d0d5
P1056,Saanvi,D***,71,F,sa***@rediffmail.com,XXXXXX3628,d590eaf5333e24a14052d14d00bf5201a5bf39f07b48b7524f181b994aba227d
P1057,Ishaan,G***,44,M,is***@outlook.com,XXXXXX5437,f7d6c5cbcdb7cd43f0671923abad05639303e8eea2a2d3c72bb9fd90528cf8b0
P1058,Diya,M***,8,F,di***@yahoo.com,XXXXXX6368,537806a15aaa9c46452bd22f1fdf11c3ae3b52c25f2378c62aec4bcee69c5769
P1059,Ishaan,B***,47,F,is***@outlook.com,XXXXXX3112,0adaa2d1cb62eca01583b0c1a9b8fe0000a43ffc70506b40d93896e57d73d34c
P1060,Riya,S***,35,M,ri***@yahoo.com,XXXXXX5930,399cad7e2fd246ebd7f87ae4afda8818a485db2dfdce26a9fa8ef7716c4b382a
P1061,Sai,G***,78,M,sa***@hotmail.com,XXXXXX9358,d7168c245107c9463ca5b28bbb4cf1a09c5b77d66327db12011c8f24e23c7e81
P1062,Aarav,S***,81,M,aa***@rediffmail.com,XXXXXX2051,7764065d75802fe94322e7cd4cff0eefb21c9106ab16d6d4ba3b62d0fe6c1471
P1063,Shaurya,M***,36,F,sh***@gmail.com,XXXXXX7084,740fe41b81b29f55298699870425911281b43608b6428fb1c7350f8b257b2157
P1064,Kavya,K***,50,M,ka***@yahoo.com,XXXXXX0204,c90d8488c1c0eff15f0ee72b60f5c39e0878adb1a7d9f688ef3ce7d745e98be2
P1065,Ishaan,K***,4,F,is***@hotmail.com,XXXXXX5206,d5581e13e655e01a2565fdb7248c7ca9199474c103cca009fbc360d02f503b7e
P1066,Riya,S***,2,F,ri***@outlook.com,XXXXXX6046,c0bdab2806b241befcfaf8b8b3d9b8fa887d7417f55097b4380ed54e5c6c6c50
P1067,Reyansh,P***,6,F,re***@hotmail.com,XXXXXX4047,ef7ab22c188f57c3eed8120593d081d4cbec9f4baf53ec41b82c33df7ad248c4
P1068,Sai,B***,54,M,sa***@yahoo.com,XXXXXX5500,860c54a3699c33c9c60e1cefcee6f9cd87768ce97cfa990bb00418a9dd390bd6
P1069,Krishna,N***,4,M,kr***@yahoo.com,XXXXXX9401,9c877c2dc1e0b7e32591be87accb1af537f77c82ea24cd93e053c8b9516bcce4
P1070,Ira,S***,54,F,ir***@outlook.com,XXXXXX0232,aa88816b827f8e89600369e67556f3c6d6788a8c05b9c618b3c7790d759ea124
P1071,Saanvi,G***,63,M,sa***@gmail.com,XXXXXX8977,a23f59ccdfcfba7e4d94f18e9038126c689a9b2fe291de4d99e85be60e951194
P1072,Krishna,B***,18,M,kr***@yahoo.com,XXXXXX7037,7fa979583c28087962c76fdf718a8a148ed0e9cf7bb035d35b27b9225e0c0ed4
P1073,Ananya,P***,44,M,an***@outlook.com,XXXXXX5165,eeaf371e3b1ab4b7d70d1b6a75b7b0ef4dac56c016caac497035e364a07c28bb
P1074,Riya,P***,34,F,ri***@hotmail.com,XXXXXX9588,c6e381cad07a50baad8ea39c41b0fa07d9b20f5e3a65aaf30a04a2476091f421
P1075,Krishna,K***,74,F,kr***@yahoo.com,XXXXXX5235,f14e0dbb5120691b71ff43f86d74ca9c1cdc3dfa8f19fa6e85c94ec4c5e58c62
P1076,Kavya,J***,62,M,ka***@hotmail.com,XXXXXX1998,1e2b124bd3be992ccc5d5c7127ca77be74c83102935cba817e50c0e5b5c77ab8
P1077,Myra,S***,14,F,my***@hotmail.com,XXXXXX9409,086501b9e4d74c300432d6d22d79c1d62668811a8faa7a7ef7e510367853826c
P1078,Reyansh,R***,48,M,re***@yahoo.com,XXXXXX5806,fd162e1f86eaabde09ee158a88fc86d463e8066676e8139ab1b9511f48079374
P1079,Diya,M***,15,M,di***@hotmail.com,XXXXXX4080,07d6eca6b4ae5c047b9a4bb082b7e553db1754a4918dba571f088572e145c606
P1080,Shaurya,C***,72,M,sh***@rediffmail.com,XXXXXX1867,c73a34198b7773db87bfc6bc2ad0bb79cd0add1ed10af5ac58590acfbd1fd288
P1081,Kavya,G***,78,M,ka***@rediffmail.com,XXXXXX3943,3f9232cdc2498959b940812e69456773e250ac18bd8f8041569d71bb752c7234
P1082,Sai,J***,87,F,sa***@gmail.com,XXXXXX5504,8036449ce28d3e6d085f09ee2269195ba2518fb8cc65277a7a3d0bcbf341bd03
P1083,Arjun,B***,62,F,ar***@outlook.com,XXXXXX0285,142fa59a1062db224fdbce4eeea34443869bdde50a5a4b3ed40a725b754eee76
P1084,Aditya,P***,40,F,ad***@hotmail.com,XXXXXX5666,be39fda3d3e047b7aac7ed70200851fd2a659d3570287c9898d9cda7bd2ce05a
P1085,Diya,N***,85,M,di***@hotmail.com,XXXXXX8399,c3d4891554b03ac8d08a19d2b53e98edc32bfb74c74c11f2097fe03c746f924f
P1086,Vivaan,C***,80,M,vi***@gmail.com,XXXXXX0915,b0fa0ed1b9e980178fe96d737dfd326cb4c44d665c4805bc1d6b49d27f600250
P1087,Vivaan,S***,82,M,vi***@yahoo.com,XXXXXX1488,9e2eaf7041e29bb3e1f5c80eeaea34a6357ec73a9d2bc65ed2dcd2ea850e5a8a
P1088,Ira,C***,53,F,ir***@outlook.com,XXXXXX1920,73d355a55d1b8f38414d8d839e052a44c84b06733f29eeb476eec814e29c37f0
P1089,Ishaan,M***,24,M,is***@gmail.com,XXXXXX7422,ad0fd6916e746107f88585f8a671f936b6d94469e4b3465903a1862c53e9de0d
P1090,Vivaan,R***,26,F,vi***@outlook.com,XXXXXX1187,dcd54ed7c24bc383c2d134812f4ade19f871fe829ba1e36b5ca29a4cbf953d93
P1091,Ira,S***,89,F,ir***@outlook.com,XXXXXX3158,b2486d67dfedceaacab4e1f5885ff0497178296472869f390dcd38d1daa96c20
P1092,Reyansh,V***,60,F,re***@yahoo.com,XXXXXX1814,c79cb34e3742a471eb155bba49d5b04485a9f5541e1e58482f76e84d7cb2e6c0
P1093,Anika,P***,41,F,an***@outlook.com,XXXXXX9284,ba2f2782371953d9d2c7d78549892312049c7e39c980046946c987647fc8437b
P1094,Kavya,A***,29,F,ka***@rediffmail.com,XXXXXX6383,42a632dd3cf300354c1a1122a428f30f1230cf2752b8142296f3dd434b1da06b
P1095,Anika,V***,15,F,an***@outlook.com,XXXXXX4671,5437a0a80a284aae5c9fcf517da59f66607a067a80868359a1059a239745c81d
P1096,Myra,A***,45,M,my***@hotmail.com,XXXXXX4766,97a30ca5974d706fcc8ded36f4ba85b51222277d5bac42bb228b28a443b2c22b
P1097,Shaurya,M***,65,M,sh***@outlook.com,XXXXXX2005,8cda467181d793bbf6d5f00f217838df13603af868b12605d08e987c305f0f7c
P1098,Reyansh,C***,89,F,re***@yahoo.com,XXXXXX5381,a24ec7a9f0c18dacc213a322232ef4fe8b5b297888bac17c7b1e3f784fc040c3
P1099,Vivaan,A***,71,F,vi***@hotmail.com,XXXXXX4348,0eb35e002d76a27e5ec4defc1d582adbb70c3fc7da43830888898b0761a03385
P1100,Muhammad,J***,9,M,mu***@rediffmail.com,XXXXXX6219,2a2d6908068461040efa76a6234321bc55e26d05698454f04c924ddf18aa46a0
P1101,Shaurya,A***,88,F,sh***@rediffmail.com,XXXXXX3590,9a755bbed9a06ef0ea2e8bfe50ed7773bb15805fd054a232d0881ed8977b1af0
P1102,Myra,K***,1,F,my***@rediffmail.com,XXXXXX6900,c68555727b39598f5aa32464d86e2f2f7d83ea9bf947246a7ec8e70d9599732e
P1103,Ishaan,B***,8,M,is***@hotmail.com,XXXXXX5981,baac44b47774291033f9a7f2edca687fe8ec990af602c30e9e0b05306c02d0e6
P1104,Vivaan, ***,88,F,vi***@gmail.com,XXXXXX1100,3b81408f19a70d5bf1bf311ed06518dfb625d4cb08dd07bd8af23bf435d61d88
P1105,Muhammad,S***,63,F,mu***@yahoo.com,XXXXXX8427,61708f785bcdd560a9d984e9105c4bfef4830832ea22b5a2c2dd028ccce0cf15
P1106,Sara,N***,11,F,sa***@outlook.com,XXXXXX0110,197ff2867f209ee640a7e27a55c5a22d11fae21dcbba4016970db85f6b26b3e4
P1107,Anika,J***,81,M,an***@yahoo.com,XXXXXX8148,30d23413eb04a8c749b636508345c233ab4a4a7d9556855dfab5ea11f02ee26b
P1108,Ishaan,K***,8,M,is***@outlook.com,XXXXXX1573,66f6b992e61f82a1b1146de2023ef7a44176454f8c63292d258f7fd3e67b289e
P1109,Vivaan,C***,35,M,vi***@outlook.com,XXXXXX8471,cfdca4f3d7400b344cde65aa3f47b91d053d9c813eb5fc6274f7c0682ebc8c4f
P1110,Ira,K***,35,F,ir***@rediffmail.com,XXXXXX0929,50ae3be18a84f14b84ab4dc986f24fcaf6a1c392244ca93d7ade19014026117a
P1111,Krishna,S***,33,F,kr***@yahoo.com,XXXXXX5000,a3c57a2bec4fca838f16b34b9b9e38d50f924ecf1d38e949c741d6ca5f83a42b
P1112,Sara,M***,5,M,sa***@hotmail.com,XXXXXX4545,6d2af6fc582ed8e975908572212209028959369683250dfc9112ad1d14e0b3bb
P1113,Anika,P***,41,F,an***@rediffmail.com,XXXXXX1466,4342c3536ceb1010b3333e9c4f4287fc846416a35e750a73a3967c9f45d74955
P1114,Anika,S***,28,F,an***@yahoo.com,XXXXXX4337,834222f901b040f29025c6ec1b92b5334e153a846ce01b24a62febf731f30014
P1115,Sara,S***,7,F,sa***@hotmail.com,XXXXXX9477,2b26abd3575ce76187ee1122b68201a816769a424831b4f96ef921bd6034784a
P1116,Vivaan,G***,73,F,vi***@yahoo.com,XXXXXX8866,9a938ceb7155c0d6a7c53ae398b19735fedd87017cddabd7b0a8bb259472f876
P1117,Aarav,P***,72,F,aa***@rediffmail.com,XXXXXX0974,c2ab95e825ca1845c6e223196f15c80e642f16536c8f06d48be7af12d5cfec80
P1118,Vivaan,R***,12,M,vi***@yahoo.com,XXXXXX6899,c66fcb4e3f7b4aa7dd604ad6aaca2ae49b453150cf5ac15016dcca02ed2b84d9
P1119,Aditya,J***,34,F,ad***@outlook.com,XXXXXX5339,24e48d95db633259ccc4a68e3d92dd6658f84837195adf739b502a380e713875
P1120,Aarav,G***,33,M,aa***@hotmail.com,XXXXXX6275,0345275360a2cdbaea21e5fcafdd506ecb6a7acb1056c58b3d3610f3a3833ff3
P1121,Riya,G***,48,F,ri***@rediffmail.com,XXXXXX8655,f5320a5b72679e0a312c1514b0dd1c1f7646c9e60222f10dd0a6886f92dcf0bc
P1122,Ananya,V***,23,M,an***@hotmail.com,XXXXXX1258,521c5e760c3f3c55793ad3fdccd80cbf248cfdcb47bcf32c2b343ebb4aef7766
P1123,Sara,K***,62,F,sa***@gmail.com,XXXXXX3410,6674483fb00736cffa8bc4360b34890741484d429c51fcc9941372fcb1af81d9
P1124,Myra,V***,88,M,my***@outlook.com,XXXXXX5317,de22bf6e2ffcb7ae076057373d67107724259c92218095fabc2da38cc8b114c5
P1125,Reyansh,R***,37,F,re***@gmail.com,XXXXXX1130,7a8a282d97bfd84188843c85b342e95d1e4431c8a8534d2f10b042db7a015df0
P1126,Ira,G***,44,M,ir***@gmail.com,XXXXXX3847,9c375d0fbcabf12a8a196ab003a9cd20be2aa9bfc324306889ae393268431235
P1127,Myra,S***,86,F,my***@hotmail.com,XXXXXX0614,e7dbf527c6cfd7cd493789be6233bbbd14cab6fe25ad339a58fe5671725a7c86
P1128,Diya,P***,35,M,di***@yahoo.com,XXXXXX0979,4b1074691f4654c9ae4fc791eddf561cef17bd5e83e348d07af068cf723e4ad5
P1129,Vivaan,J***,65,F,vi***@hotmail.com,XXXXXX5992,2a6c0b50dc5ae3233dcf036f84282da9251ada4259e8e73e592c0bd2fad97f66
P1130,Shaurya,S***,47,M,sh***@hotmail.com,XXXXXX5716,f25cd93261c654619259d12223854f83222ebc860c07b1521e9309fd8a8d6aa4
P1131,Shaurya,B***,78,M,sh***@rediffmail.com,XXXXXX4323,a60ad4e93dcacf3687383f3f4bc02430aa0ef29779db8e2388777473503c23cb
P1132,Ishaan,B***,3,F,is***@hotmail.com,XXXXXX5376,b2c44e26ee5e2c42f5e3484366dcd16405142aa8674986845c53fd80b03b9853
P1133,Sai,B***,1,F,sa***@gmail.com,XXXXXX5745,1e1c9864ea4f80a9417b97fa8294e3fd321b5ae3be5d6c1019e6c8ae10d7583e
P1134,Ira,V***,5,M,ir***@outlook.com,XXXXXX2787,c97d0c91a2847a6e5f7af3156deeb9e3428bb54e7ef985691f2271da9d13edfc
P1135,Shaurya,B***,14,F,sh***@yahoo.com,XXXXXX2437,b1f484aa09d658462013fafb0de4a7ef6dcab15b8d08154096cd82d6b9154c4e
P1136,Aadhya,V***,27,M,aa***@outlook.com,XXXXXX5490,0b167603a30df161651eb3cfb51fc02c1be643a01a1a8ac4c36c3c4304a5e05a
P1137,Aditya,I***,9,M,ad***@rediffmail.com,XXXXXX9624,0186a44ebb0ebda5abcb96ebfe7e0b8d1eebfe7231028dbb1b8dffaac22161e7
P1138,Saanvi,M***,79,M,sa***@outlook.com,XXXXXX1555,bc86eced81b9edae3e76b160456b87db6b8ad1f9e554e76beacf4e12fe6e78dd
P1139,Aarav,A***,15,F,aa***@yahoo.com,XXXXXX7841,19c4f1fa329e3c3df5c34a3348f5526926ae540879637739f46fb848b1ab2cb8
P1140,Shaurya,S***,42,M,sh***@outlook.com,XXXXXX6690,0cb1f2a8f30b47603647be3525b04fca2e0762ce59cc7d95a6614a508fdf3bc7
P1141,Sai,K***,77,M,sa***@rediffmail.com,XXXXXX1720,473d3d651eb43cda8f513a8534e1f19d7894b52b724958377f64d56907f05e23
P1142,Saanvi,N***,51,F,sa***@gmail.com,XXXXXX9930,59c8d0906c491dd8ee282a92231706325b92666aa352dae8cc5c99782ca01864
P1143,Arjun,N***,63,F,ar***@hotmail.com,XXXXXX3770,187122a721f0896e9611753970c43c58fdc89f448566930151685bf5de9b15ac
P1144,Aadhya,M***,52,F,aa***@gmail.com,XXXXXX5362,a9cb779f8f3387766e098331aae5878eeb5c6f8b86e00df55a04ca3a0fd91111
P1145,Ananya,P***,4,F,an***@yahoo.com,XXXXXX3231,f31201e899848f7e4c4017cd1b49656b571e895f9162cd6c683565e3a42c7afa
P1146,Krishna,K***,23,M,kr***@outlook.com,XXXXXX4276,4b85ccf07011600deae9c10f9777877fc70ffba5ba9a5a23020b9fa89c7139c1
P1147,Reyansh,P***,15,M,re***@outlook.com,XXXXXX4447,97d2d3757efd17ad0a72a05387154d26f76b8990080a4ff0898c72d137292387
P1148,Muhammad,C***,43,M,mu***@hotmail.com,XXXXXX5907,fdb3749bbaedd9aa9f5fb94dccbfc933153514a356f9024ffcc3fea7a06bf4d5
P1149,Ishaan,N***,29,M,is***@yahoo.com,XXXXXX5986,88441ee045af18c374f98f5b85cb08ec782dc3110a2f43e70cc3d7c7fc17470c
P1150,Anika,A***,36,F,an***@hotmail.com,XXXXXX2498,bb8e2af8955c3a3cf864fc3c0ab067e52a92ad0f354e1a87046ffecbd83c2195
P1151,Krishna,S***,13,M,kr***@gmail.com,XXXXXX2588,45ced802c34909a6695ab4a2e097c4cf518afdf17f1e2df8296266a1a837b24e
P1152,Diya,J***,32,M,di***@hotmail.com,XXXXXX1168,056a79ef92bc6ec0e117a29374b10f1267ba7cec1dbdd0a67c218ae73ccb434f
P1153,Ira,K***,71,F,ir***@rediffmail.com,XXXXXX8010,8e1f8b4dee71fbca3ccb0c7a76ccc39a2a2644e3bea8b5b894dcf8c9263b0664
P1154,Myra,C***,59,M,my***@rediffmail.com,XXXXXX1792,c231ec1c4a2c31233d32e64fdb2e29f9e5359a558278851fefed4338fcb538a7
P1155,Diya,N***,86,M,di***@gmail.com,XXXXXX6941,8ef15b5add861709f56f0df0303aab23d296dd23693191b0a15476cf9f27c7fd
P1156,Reyansh,M***,28,M,re***@hotmail.com,XXXXXX0427,52262b9ec8213ddf108c8a022b42efbe7fecbb8f9ecbc58846947bde7861b9f2
P1157,Arjun,A***,66,M,ar***@hotmail.com,XXXXXX1733,ab4a89b331a399dd9951a9d315bc84bc8de76a402e64615c0097e0b17a62ef28
P1158,Muhammad,J***,42,M,mu***@outlook.com,XXXXXX4334,0ff9931b22a04906b3bf274e1bddabb26f50cb8b0b3198069a4a30a95479196a
P1159,Arjun,B***,45,M,ar***@yahoo.com,XXXXXX7644,3ed103be0005dc3c24a121a7790feaa7649e7165d922708f6568675f6e9dc718
P1160,Ananya,J***,62,F,an***@outlook.com,XXXXXX8314,43ca46f59d17b572c8e86671ee0bc40ebb39ae2419c99e8d7f859f051442e171
P1161,Krishna,A***,57,F,kr***@hotmail.com,XXXXXX6070,03953ba6a360de8554f4dc649da424caff0e4ce6b32e1f81249e1689e22aacab
P1162,Reyansh,R***,6,M,re***@outlook.com,XXXXXX7801,534b1f1fb22eea444e33e7197715b6dd26c415a1356fe1749434077729dce4c7
P1163,Anika,N***,28,M,an***@rediffmail.com,XXXXXX5191,747c3422db5e6c22e6affbda236aa08b0f26c3c61ecb02ffad34097bc58f4d81
P1164,Sara,K***,28,F,sa***@yahoo.com,XXXXXX1586,193126b2ccd5839d2fdea90113876c3ed18b78e1510cda2c09303cb2eb94aaa5
P1165,Ira,S***,44,M,ir***@rediffmail.com,XXXXXX6118,db02db056bca53ee0d443a075352a4793e91c0a4de4fb93f5673939231a06b99
P1166,Krishna,B***,84,M,kr***@rediffmail.com,XXXXXX9397,e5e26fedc51eff190fe103715c9d40e9f240f1dfca0896e37855dec8475b54ed
P1167,Riya,M***,30,M,ri***@rediffmail.com,XXXXXX0118,8b4b39fc53ce5566a9abd5ad4d53c011acbfc8f3ca0ab2f1a039abc86cf9ba96
P1168,Myra,A***,62,F,my***@rediffmail.com,XXXXXX5589,c235bdbf03df8a9fc649267ebfc0f96b3040fbce55690b1f005559be04a486d9
P1169,Krishna,R***,75,M,kr***@hotmail.com,XXXXXX5910,781099167c2fd180ac85c7de3d6838146494e04a3f4b57b1c6202f21f552782a
P1170,Aditya,M***,89,F,ad***@rediffmail.com,XXXXXX5626,2c6a0cf71c2539cdd00826205e8be20cd7f08c4f612149fb63bf03be7f63e875
P1171,Ishaan,B***,62,M,is***@hotmail.com,XXXXXX9167,479582a6eeb9cd3b57599fa2aff430b8fe3f77938ff5815fd04a3a5c350bdce5
P1172,Sara,B***,1,F,sa***@yahoo.com,XXXXXX3300,991f1ec8524775c7b62987098d7f2d858d42469ee93530086663bbf87e2fe7a0
P1173,Aadhya,M***,27,F,aa***@rediffmail.com,XXXXXX9808,77182c117786e10620eb466431ac9d8e45aa7baed252ace2191d53a2e7d79c62
P1174,Shaurya,N***,62,M,sh***@outlook.com,XXXXXX2704,59cd79cfb360511468436bad18d3b4401b140393f87f21d238cf0ad2f96c7922
P1175,Muhammad,M***,77,F,mu***@hotmail.com,XXXXXX4434,0b05324f4c52ed4da4fb8d7bf2df4cc1a6f554e02ea8649f69c81af9379d08c9
P1176,Riya,P***,3,M,ri***@outlook.com,XXXXXX4871,43db695dcfa37b10e8a297ba82b6c0fdb12b5e149692e1e0e340218abf366923
P1177,Reyansh,P***,70,F,re***@gmail.com,XXXXXX9152,c4fedcd0d9884da70cb3e85c59e32450e9351e7420522b945f126a6798247dca
P1178,Kavya,N***,72,M,ka***@outlook.com,XXXXXX4641,4f6589d4f15d2a2ec1dc59c44b094867481fe6f51d15ad10c96119220985a1ab
P1179,Sai,N***,27,M,sa***@hotmail.com,XXXXXX0416,d8e46f2689a32342f2cad2500bd15b16cd3693034978555e3286ec098a9072f3
P1180,Anika,G***,9,F,an***@outlook.com,XXXXXX6034,f6629496e6528963ad9d7a6090791a125c8c88fe72426123fddac27545066e4e
P1181,Shaurya,C***,62,M,sh***@outlook.com,XXXXXX3772,3b6f4f72a597bd9c2397ba528545372cf65df451671aad5706e84eaba757e110
P1182,Aarav,D***,37,M,aa***@outlook.com,XXXXXX1837,39c2a189daabc81aeeb00283eececaaad8f36a3433c3f1a83d26edebd591c1e9
P1183,Shaurya,P***,51,F,sh***@rediffmail.com,XXXXXX6003,1383978cf691933167caa72509a5a0c50b319a268eec69cf32c0ff3d7214bd3a
P1184,Shaurya,S***,44,M,sh***@outlook.com,XXXXXX3210,ee146d2219441919b0cde33f1ddca8633a9e4e5cfb7aeeff2bbf75625b3d0443
P1185,Aditya,K***,24,M,ad***@outlook.com,XXXXXX6129,a589164f9c8e62c146ccb51c223c238a58e04ebcbe7b8f1b86d9e9b27f927fb5
P1186,Sara,M***,79,F,sa***@yahoo.com,XXXXXX6403,d2e61d70503b62992b23206700ed842f0c034f4869015c38b76775ecc89a08f7
P1187,Aditya,D***,59,F,ad***@gmail.com,XXXXXX2366,9f7d974eb2fbefa5c76a5957b0195d9241e7e74577d31f5f99337e5fde570a57
P1188,Ananya,A***,32,M,an***@hotmail.com,XXXXXX2291,283b38e3c2c2c2218017c032b4295ccc9bd39c72d0d622482f54d3ed28fc4a72
P1189,Aditya,M***,88,M,ad***@yahoo.com,XXXXXX5687,01135728d3ac366c2141344cd2123a497a4ceb603f93a0e0ba0bf6556228e6a3
P1190,Aarav,G***,52,F,aa***@rediffmail.com,XXXXXX0106,df936b32d7d27f28231182f9c47ea06fdad3d8cc7cd2b37d20b77d3d16356d15
P1191,Aditya,M***,62,F,ad***@rediffmail.com,XXXXXX1674,cb2161c76eebf6d29e80addb067357f43c3e419eaf65f351c0b8a8ffdc8c6097
P1192,Aarav,I***,58,M,aa***@hotmail.com,XXXXXX1955,d5915035d19711fb7e3de93e72c635d9258876f061e086d39b04f95c718812e8
P1193,Ira,D***,52,F,ir***@yahoo.com,XXXXXX8909,7e1f744d139efe0e65b75fd3c108a0c5360a66368e459f1530afd9e2846d1d3e
P1194,Ananya,D***,12,M,an***@gmail.com,XXXXXX5455,ab083d77f67667c1e543ff962681144efb255aa5417ffff7d7fc976edf964bc5
P1195,Aditya,D***,39,M,ad***@hotmail.com,XXXXXX1749,daea2c399540997e3a852c0186191e75688e3baf1bf1cdf3d8ede1085232b97e
P1196,Shaurya,P***,2,M,sh***@rediffmail.com,XXXXXX7835,3afa14155092eeaa2fe0b1459c70d2d533ec7118f8eeec1b6eed0ee118196682
P1197,Krishna,N***,3,M,kr***@gmail.com,XXXXXX3129,f04a3fb41be8089bb6a145f2f263fe8ba5c91a32dce223388d126e0676d646e3
P1198,Kavya,N***,56,M,ka***@outlook.com,XXXXXX3665,43c9f7490f37a1f9f852c1217cc4228e713edf9c0da120ddb0429fdd795914b7
P1199,Aditya,P***,81,F,ad***@hotmail.com,XXXXXX7348,76c44a4d674668fc0c51d366b4981a624e798530de0cb1c5efa2ad9ead21cd08
P1200,Saanvi,K***,59,F,sa***@outlook.com,XXXXXX7549,cbb81400dbdaa3cd489a3f1792ad5e1b3af7669997ad737ede9c2deea3a63127
P1201,Myra,R***,2,F,my***@gmail.com,XXXXXX3744,0801b4d6d9729a8246056139b3e93722fe15d6cf6011cf27cc9e0603fca960ad
P1202,Aarav,M***,2,F,aa***@hotmail.com,XXXXXX0811,fc8f623c730257a56ee4fc3b76473ae30e1ba03748ddd6cd5a5229edd80ca3af
P1203,Aadhya,N***,54,M,aa***@gmail.com,XXXXXX8221,8225bec4199fe0d8a4aef35181d36b2dcf3cc5fad832a35dd56d049cedfa943e
P1204,Shaurya,S***,87,M,sh***@outlook.com,XXXXXX4137,3676db6af29a0f37447de7dd27f4a807217170b9238f2af4dacf665eaf36d341
P1205,Sai,N***,1,M,sa***@yahoo.com,XXXXXX9381,2483cda2cdfe52782a650dbbaffe81fdb2e84949d026df2cbf91a568916c164e
P1206,Diya,B***,19,M,di***@rediffmail.com,XXXXXX7032,de2033cdb8f24ca2362e2925dc6591276b17d61d6a5482f97fff6d6a000388e5
P1207,Sai,G***,2,F,sa***@yahoo.com,XXXXXX1912,48399b9b5331613198c443fd075f4b65e813bd28bbb7bff5522a62c59c43f820
P1208,Aarav,J***,53,M,aa***@yahoo.com,XXXXXX7364,30c127b31f382145aeee649383b1a4ed57cbbfef6ada679bbbe40571cc339cc6
P1209,Arjun,M***,44,M,ar***@gmail.com,XXXXXX8802,f52a825c878af0e10fdeb99062f959d501aced9de1453a54e73da0edb366f39c
P1210,Saanvi,S***,32,F,sa***@outlook.com,XXXXXX2140,df861b3f363b8267b311a98ec2e6662d663fdc814c0a377e9a9d069a7ab44c4c
P1211,Ishaan,A***,70,F,is***@outlook.com,XXXXXX3564,9903ae656b8e80d7bc6124e59b55e40159661b90af13f658baa966c1d344c9c4
P1212,Shaurya,J***,32,F,sh***@rediffmail.com,XXXXXX6659,614d4dc12fb636178de9472ca8944c4eb35eba2187be84d7d8e62e984ef7f286
P1213,Sai,P***,68,F,sa***@outlook.com,XXXXXX0044,c54625f6ea1e9d06a266584c0ff2c03b7878a789ade9f40806564b7121b68c35
P1214,Riya,M***,55,M,ri***@hotmail.com,XXXXXX9130,ee111306362091df4d18155a7a2e6dfa74028b427a9363aa49a483df083692a0
P1215,Ira,N***,75,M,ir***@outlook.com,XXXXXX5488,6620ac00b7766d2aa3de337afc685196b243ac9de44b66037b684a914bbaa814
P1216,Riya, ***,56,F,ri***@outlook.com,XXXXXX2460,416a226726494f4243ff61a077d70440934f131a63ece2efddf979fc943df882
P1217,Krishna,I***,17,M,kr***@yahoo.com,XXXXXX9884,b3a7cbdaf935f315079282686e4422d10e3cb4052ed74bf7a05f64d6d7aa12b9
P1218,Ira,I***,38,M,ir***@gmail.com,XXXXXX8138,e6f10d1496fcf0cd6e48ad212519f401c5d05b215dc425a2d2383edb1fa4a2a3
P1219,Muhammad,N***,24,M,mu***@rediffmail.com,XXXXXX4142,dab744cea374810f3b3a2ffc2c90d37d4863f21dc0a0b9b97bca83ad6f094933
P1220,Shaurya,S***,69,F,sh***@gmail.com,XXXXXX6766,dd41123cfd3cc2283984d014924383700228338ce1baef21b4cf8055ad1cfd77
P1221,Diya,N***,70,M,di***@gmail.com,XXXXXX7680,9d5e82ba4c704763a0a5a2f92cf0b14bb61952430b46f0da55f569b9274632d4
P1222,Muhammad,V***,86,F,mu***@hotmail.com,XXXXXX2006,7e64633e438790397751df24801e2d7585fb9ebc4639e7bed4bae64d579407fe
P1223,Sara,D***,11,M,sa***@hotmail.com,XXXXXX1674,45cf4bb467a3887975c169e95d6e30a86fbbf6019a248dfd44619ccd47d4710c
P1224,Aadhya,G***,16,M,aa***@outlook.com,XXXXXX5007,c527a609b122b251768979966fc352deb2d757a9192c5f2b41c88dd9b6fe3cf3
P1225,Muhammad,G***,73,M,mu***@rediffmail.com,XXXXXX8258,2605ebd45582cf61c005e1e4f7d22abb16aff86bdae51c6e1a90f386970bb5f7
P1226,Kavya,C***,59,F,ka***@rediffmail.com,XXXXXX8456,50d3945a4f03f5159be76e0ce2901a32e8c8f6d0dd60e8e1a311832e1c7f362a
P1227,Aadhya,R***,70,M,aa***@outlook.com,XXXXXX4902,f28206e79c6b3fe5940bbd242b999f1b02419c4be808a9e68b06d8fbeefa15ad
P1228,Anika,I***,80,F,an***@hotmail.com,XXXXXX4412,bcd9e1e6a3112c74921e31d9a5cf20d3a205ef77c28c3edf2ef74959f93d0470
P1229,Arjun,D***,3,F,ar***@hotmail.com,XXXXXX9068,1258e273841d6528e3cbdd702c51012267969b494be41846ff40c2e0d5484ff2
P1230,Kavya,M***,20,F,ka***@gmail.com,XXXXXX9054,57e24658ca4bd0db30868799b68b29e9e383ba2a92e9bcc1ca15fbd2b2b8df31
P1231,Riya,D***,59,M,ri***@gmail.com,XXXXXX4736,e840f019f50bd3fa946af4691fb61550d878009c1d47a69df53e4b062cbc3f55
P1232,Ishaan,K***,36,M,is***@rediffmail.com,XXXXXX9916,6fe61bb6b0985dafd2ff0313bfa4d3b46a53f432f31c92f4a3b30045afb653fa
P1233,Ishaan,A***,19,M,is***@rediffmail.com,XXXXXX3833,d7211a61afac2ee10690895b86cf67bf59205d92bf48eefe52491d5473bb1328
P1234,Ananya,B***,67,M,an***@gmail.com,XXXXXX4512,e6895f5fc57a08f9b53dd1bab8d6786458a0b40174299df860d737d0bae51f45
P1235,Arjun,G***,19,F,ar***@outlook.com,XXXXXX1936,180483432304ea99cbe6bbefead8a3124e324e7569ae3c7cb43ad6b49fc84ee8
P1236,Myra,S***,20,F,my***@yahoo.com,XXXXXX3281,8666742590d725fad39991461ea252b9c0fc46c561e236b1a3c3c4d706f93249
P1237,Ishaan,K***,71,F,is***@hotmail.com,XXXXXX2021,b51c6b796282bd1ab0a1f2370c9446b0eba81dbee8501a770f5c31c9509b0aa7
P1238,Ishaan,M***,52,M,is***@rediffmail.com,XXXXXX4150,19835c6c092e1d995b1b037a27d719dbc0aeae50a210d043449ed8d8587bb875
P1239,Ananya,S***,33,F,an***@yahoo.com,XXXXXX3786,dbf30b4748faf9955c1d027af63f7ea407256b4311b83613278aac15f603d265
P1240,Anika,G***,40,M,an***@outlook.com,XXXXXX3716,5ba864b07d3c9539fc290c947ddd34f0351bc7b9288815cdbb8f7ef21080482f
P1241,Aadhya,C***,39,F,aa***@yahoo.com,XXXXXX5578,e5f7935fb73727e3b9c174042fc81935db30e28e7d0340f244cda8dff0f0b095
P1242,Ishaan,N***,82,M,is***@yahoo.com,XXXXXX7294,2e23596e4c10c4bb87945cb52d1b644b2629debb7b7e356ddc7d2fba1f3c1e21
P1243,Aadhya,C***,1,M,aa***@gmail.com,XXXXXX9531,5cdf97665094c4444a9f4b4341b56aafddde52e955a7370b879a6fd53cc08ac2
P1244,Saanvi,S***,11,F,sa***@hotmail.com,XXXXXX9184,36013ece8708d9fa76adbe9afbf4226d7900bd430a850ed963c825d1879f3398
P1245,Arjun,C***,57,F,ar***@hotmail.com,XXXXXX4082,e9dce10ee6aa57ea2270bb3f6ebd7e16cae9001f95b69617fdc3984554b74492
P1246,Ira,I***,89,F,ir***@hotmail.com,XXXXXX9714,d59284ad8c4f25a9f2e033b045d1f8ef2fa7dab7e348e729658f2840044e226e
P1247,Arjun,A***,50,F,ar***@gmail.com,XXXXXX1361,40e98881e3d7dcfd0e79e40882d46b94e1f1bc2d78e8ff0fcc0de4d08f064109
P1248,Saanvi,G***,23,M,sa***@gmail.com,XXXXXX5345,f13add5058a9e063eed6a185460dfc144eef9f7c29a9e5c5c7619ee914ba5a00
P1249,Kavya,P***,31,F,ka***@rediffmail.com,XXXXXX4687,8214a769b681457b21ee4c63d1df363b438cdf0a375ecdec891806d82701142f
P1250,Arjun,S***,42,F,ar***@hotmail.com,XXXXXX7041,ebb4a205d7e97d59519ab2a5be10753601556b20f1a5f701a1f2ad3bf4ecbe7c
P1251,Aarav,P***,7,F,aa***@outlook.com,XXXXXX4312,6686e33c150fdfd8c9a25b94a239611c7baebc8c92512552c3bc2e19834b4d09
P1252,Aadhya,A***,16,M,aa***@rediffmail.com,XXXXXX0851,56344c98d89eeb17acadc9e2ff37e663e53075ef8992ee909dbd3805e0a2fbbd
P1253,Aditya,M***,60,M,ad***@gmail.com,XXXXXX4244,cad28046ccf717f9bb46d4a29d3d9c0d622f8db27ccda037f43469a22ebf5dc4
P1254,Muhammad,K***,2,F,mu***@yahoo.com,XXXXXX9408,e5e964ae0255b61e6f0d5ea34721fbed94b5421f6509c85ae60a1f02a5262b86
P1255,Aadhya,C***,1,M,aa***@yahoo.com,XXXXXX9415,b6d611a6bf7ed1c9ab0877413350aaeae3b5fb66549eb8b0965278c5d6a15443
P1256,Krishna,M***,48,F,kr***@yahoo.com,XXXXXX9816,99c98a3b785e6ed84515c6a9bd926b52ffa5a1c990f9921e75dae8af52b54224
P1257,Ishaan,B***,12,M,is***@hotmail.com,XXXXXX3177,77fd6ed04652d9d21fb05c1bc5caca81ec99cb286365a5665feb810a5d8b2707
P1258,Diya,P***,69,M,di***@hotmail.com,XXXXXX4117,855e7cd8ce66c84df755fc0800e1cd235925db833862cd96d613b6f8edd2f550
P1259,Reyansh,P***,37,M,re***@hotmail.com,XXXXXX3780,3fc9cab2d510c4f2130edd001e66744b7a839f10b361ebf33196b038d50c9bb6
P1260,Ananya,M***,32,M,an***@outlook.com,XXXXXX5967,d81a603b2c70c0aae3db60d405727017a5b45c4979e0fd209047598a9b93cc30
P1261,Saanvi,N***,9,F,sa***@yahoo.com,XXXXXX9947,71e9a4015c915d1703be64403997912f61a3e99d79b2dfb4edc69c1cee3ff2dc
P1262,Vivaan,G***,19,F,vi***@rediffmail.com,XXXXXX1819,89fc3c3789f9c3f91f34a60f047a1dcb077e49f1f807472544772462f5747047
P1263,Riya,D***,48,F,ri***@gmail.com,XXXXXX3243,2334f31fa1478de6b30169a565104f16ec34c045caad42003abc2ebcde50dcf0
P1264,Anika,G***,80,M,an***@yahoo.com,XXXXXX5590,c9d165f37ba6dd1c138e809c0e7fcb05fa336fb471c13d92297905667169ebe2
P1265,Aarav,N***,3,F,aa***@rediffmail.com,XXXXXX5885,8dc0ac2703a0661074eff9fe1787715ca79ac1fc5f0fb2a62745636bd6982cbb
P1266,Aditya,K***,20,F,ad***@yahoo.com,XXXXXX8354,5213fa189a1fe86f423d29bcd61dead55545ec7c8de9c5284ef37cb7d90667fc
P1267,Saanvi,K***,24,F,sa***@yahoo.com,XXXXXX8525,3918ea782118c8b25d618f6efa170a9898aed2452efdcefd6dffb67802cf3b61
P1268,Krishna,K***,54,M,kr***@hotmail.com,XXXXXX7569,6dbe009f98604902d47a7f62ec41c0a771cbee955a8b96d16f5bc4d76eeeffc2
P1269,Aarav,V***,33,M,aa***@hotmail.com,XXXXXX4268,6b57d9ec4fbf9a3cbf6841c7367d33a2f8d0bccd60a8ba9aec0117bd1d2529b2
P1270,Reyansh,N***,24,M,re***@gmail.com,XXXXXX9475,59f82c16d1df64281aca047c2fd344640eb2601bb37ccb65238b260e71bc4509
P1271,Muhammad,P***,75,F,mu***@gmail.com,XXXXXX9013,2a3cfd40ad7d0c5f35df20fc4bc1c33d3703c9286f421d80a18d9e6146852986
P1272,Sai,C***,72,F,sa***@hotmail.com,XXXXXX7050,828375c13bd865a510353ec7f4682d76f0399baa35c92459cb6a319aad194f3c
P1273,Kavya,B***,36,F,ka***@outlook.com,XXXXXX2445,af134d36b77e8aefc9eafbc442c2cb7dfd70cbccec1c2b122f8fa673af747f1e
P1274,Sara,G***,38,M,sa***@outlook.com,XXXXXX4388,b9f820affe00e2dbf6b845b0e90b19014994123062dc90fbb1f939ef66738349
P1275,Anika,I***,84,M,an***@hotmail.com,XXXXXX5927,23e959954c2f63fd053ec826690a353adecbf2a610dce915a5ee0c77802bc6c0
P1276,Kavya,M***,89,F,ka***@yahoo.com,XXXXXX9527,ce0834d64a87e2197a94578341bf96500b8aa4aecae5ee7a28a350accc13f38d
P1277,Sai,M***,25,M,sa***@yahoo.com,XXXXXX7990,ebb44130bf6c41c474d89f71876e14f16e7f51a13e3fdda7ed009ecc795bab64
P1278,Aditya,N***,18,M,ad***@hotmail.com,XXXXXX9071,6d224a7164c7f9aaee4ba3a4ba02cdb9d58682a4447169cb3155dc00c2ed6fdb
P1279,Ira,R***,82,M,ir***@gmail.com,XXXXXX5743,81590ff7798f9c791fe9aa0080668c0eb9b598daf45de736384a359db8b39d02
P1280,Anika,P***,66,M,an***@outlook.com,XXXXXX5609,7220c5473770492c621ff27d8252e4d9455f0516b8bce16cb2d8b594d80a6df9
P1281,Krishna,J***,54,F,kr***@yahoo.com,XXXXXX9570,6349ffe9945535b70b0b24f75614b23a44240977eceb11df6473dfc2edfa338c
P1282,Kavya,C***,35,M,ka***@outlook.com,XXXXXX1043,399e06c653080734a5eb9114c368a57b855e636da17388e1d657a2c6f32bc1f1
P1283,Sara,M***,80,M,sa***@rediffmail.com,XXXXXX9982,928e5da49715b79c0eac67eefb675c24dd3ce5aa75b38af9d09b263801ee5a1f
P1284,Vivaan,M***,61,M,vi***@outlook.com,XXXXXX9410,453c006b3fd86d72a11f5bd54276efd6a150ea8eade4f91b76145eb657bb9ffc
P1285,Riya,A***,41,M,ri***@yahoo.com,XXXXXX1254,19f6b98adae586d0ef381cca7d15b0557a2d4299dcd0d961ac977f5750f196ed
P1286,Aditya,M***,33,F,ad***@yahoo.com,XXXXXX5234,43091f5166cd862d4c95e8e49c0c80ec75f37b5bcf3a9f29b2a38d89a7c93687
P1287,Ishaan,K***,68,F,is***@hotmail.com,XXXXXX8506,991cb8b238b083444be59d701846230dd1c06cdcdb9fe4408afc5217cebf744f
P1288,Riya,K***,33,M,ri***@yahoo.com,XXXXXX2850,dd23f9f847b2c9c19c0ee95f9927fb842a39396987cad0d0968e6c6d54626b73
P1289,Reyansh,R***,14,M,re***@yahoo.com,XXXXXX0779,6b462318d8209fd02d502c20ce6b3bf53b39a1672b6a0ec5267ad8a57b91634d
P1290,Aditya,M***,21,M,ad***@hotmail.com,XXXXXX5760,8b2a78e52cd1c93cd8186a0fd09f155398351db11a94c157cb5def8f4616859c
P1291,Anika,V***,48,M,an***@gmail.com,XXXXXX0039,0874ff6a9de5cc3401c195bd8214afb20a00a2bd027e6a3290bea1b9d8c5ec7d
P1292,Myra,G***,20,M,my***@hotmail.com,XXXXXX1875,935067c06be3c712b8c1980c3a402b46e6b38bf8af7a1ebda952e9bacedc4841
P1293,Aditya,R***,8,M,ad***@hotmail.com,XXXXXX4997,dd2037e5097c1154dbc4791d9b88d70e28f7be763f1e6d36339c29ebb5499e17
P1294,Ira,N***,7,F,ir***@gmail.com,XXXXXX6891,6243c78ee1ce2c01ce294a3f7a7e36ac307d4c99b440f1d2368a3cfd68a57913
P1295,Muhammad,A***,67,M,mu***@rediffmail.com,XXXXXX0529,226df68f248d48e8884149950cab89963f6aa5fbfe875293dc2198416e362502
P1296,Aarav,J***,17,F,aa***@hotmail.com,XXXXXX5221,c905c005ddb388338383d2938be1e3d6b60761df74f9bfd774f43e9c65242926
P1297,Anika,K***,33,F,an***@hotmail.com,XXXXXX7770,5dab51cf50ed4d3ebf11da3cfb8f9f213764f0e936854900fc2a38d2a2232be6
P1298,Ananya,K***,48,M,an***@hotmail.com,XXXXXX2052,11099eff4388d9f25f5af24770c56eaba68a962448008dafe5f0198517f25e20
P1299,Aadhya,M***,76,F,aa***@hotmail.com,XXXXXX2835,04686868b50cbcd7a20b56dd261bcb13914a6d1dded37acc2531a82fbdc17d29
P1300,Vivaan,A***,59,F,vi***@rediffmail.com,XXXXXX9775,7db293385dfc5a4e98602cf31ea57237439fb38955e7999fc891e6b3eddb1390
P1301,Reyansh,P***,86,F,re***@outlook.com,XXXXXX5137,fa41288b93846c7f5b2e8400658375d96dd4ff953e4095b1132adf94ed0a536b
P1302,Arjun,K***,22,F,ar***@outlook.com,XXXXXX9712,fc03c2f23035a0558d6576ad0fa737127f8e2529c48fca532f8ae7e4d63345fb
P1303,Ira,N***,30,F,ir***@rediffmail.com,XXXXXX6631,b20c25eaf3d530a2df098de43deaf0b57556f2adf10454837331de6f68b7e35a
P1304,Myra,K***,38,F,my***@rediffmail.com,XXXXXX5164,5c532142eb04bab5e6d7ec0a39c472a32b41b9188d5d824228c882c895f3a1ac
P1305,Shaurya,K***,51,M,sh***@rediffmail.com,XXXXXX4459,5a822655c61d1914f5634670dbba891ca9e4d71ab5fa5acdbf2320fcc3c08704
P1306,Shaurya,V***,54,F,sh***@rediffmail.com,XXXXXX7617,c4cf535d2a358705e099d79194ee0114769a371bed9fae35160b946172765263
P1307,Aadhya,I***,8,F,aa***@rediffmail.com,XXXXXX1278,afa435848d7449f94e3e478953120c8f7df491ec5fa6a281b2a9ff249030eda0
P1308,Sai,M***,27,F,sa***@hotmail.com,XXXXXX0790,9d19a48d32d4d35afdf358ad2d0c6587fe842741bbd1c38cf05ebda32fc83e6d
P1309,Ananya,A***,27,M,an***@outlook.com,XXXXXX8026,100c616548e38e66a2295bbf8f95145cfad46a08f29a3fbafbfb6d2fee8c5557
P1310,Aarav,S***,21,F,aa***@rediffmail.com,XXXXXX9438,e2a422e74686347fd26f8b002db7c7ad7ef2ad5ef805875d292a4c5b68910ede
P1311,Anika,J***,30,M,an***@outlook.com,XXXXXX8800,9358a50de50c90ba786eaee8cf07004998a37c8a64a7897f5083d84d221c2a53
P1312,Sara,V***,28,F,sa***@gmail.com,XXXXXX9680,76579a78f2aa0b5c6b3846aca0646bea40c1418a4cafc9a2e805c7a974665423
P1313,Aarav,N***,64,M,aa***@rediffmail.com,XXXXXX2272,4ae09537eba4fa6b7e0329f6a0e589c844c5da8d20733b1587119150f11dd4f8
P1314,Anika,J***,69,M,an***@yahoo.com,XXXXXX7372,a23e5e7bea009a1d9fc5c37b1e0917d604c7bd67e8ac987582348dd491ed517e
P1315,Kavya,A***,61,F,ka***@hotmail.com,XXXXXX0684,9c9048b0bde4b2b5d003134938258eb89c5bc84633ef94a96c97eedf6834df52
P1316,Aadhya,K***,48,F,aa***@gmail.com,XXXXXX6534,45c2b286b2854caa2613bb21975ecd3cf86837a3d5e284d9f05a787bd39138b0
P1317,Ananya,C***,19,M,an***@gmail.com,XXXXXX6546,22c9cd96d441340071aa4e662289dce75c144e69a45ffec5c25d4466fa6f86b3
P1318,Shaurya,G***,4,F,sh***@hotmail.com,XXXXXX9440,1d372bcd255edfdfc0696791145e0033b6e37484c8660de30a27a4a7ff624e2d
P1319,Kavya,C***,35,M,ka***@hotmail.com,XXXXXX7382,c52f68aaccc8c61732810fe7d499e1f00796b0e99527c8719ee0f2e567495916
P1320,Arjun,G***,64,M,ar***@yahoo.com,XXXXXX5387,d88fe03ef85b3fb0ef6bb2b23854da56715187b9beec3ffd98cc47e5b9827ca5
P1321,Anika,K***,49,M,an***@outlook.com,XXXXXX8733,dff54273807e495bed8270d8b7eacda0a2b7d6312105c401cc37435619165cee
P1322,Krishna,I***,17,M,kr***@yahoo.com,XXXXXX6822,2f7d8db5e5ca9a042c3704f41d0d3deeefa1784508980b628c7bb9cffe4606ac
P1323,Shaurya,V***,44,M,sh***@outlook.com,XXXXXX5172,85996ac5fb1a013be73e780c914dbdcd05407e393311bf277baaee5b2b0a9ecc
P1324,Saanvi,N***,30,F,sa***@gmail.com,XXXXXX0893,8e38ae43b2eb67e049a3f35b9db15b3fc9cf4de20d0d18a413fd007534f8b92d
P1325,Ananya,B***,46,M,an***@yahoo.com,XXXXXX6204,5d55c756aeabae991c35952318ce1d518fe68bcde431c9410744f2e8f602977f
P1326,Anika,K***,6,M,an***@rediffmail.com,XXXXXX6272,43a5f3b9a635d89f2cf96de90db17fecf8b4717fa488fb8fcf8f7527e05f1e87
P1327,Anika,J***,37,F,an***@yahoo.com,XXXXXX6097,ebd4e0b958e9cf2212e1f5c2a0405d89be33df058437732978adeb051de75f32
P1328,Aditya,D***,24,M,ad***@gmail.com,XXXXXX0775,84f6194635a30b9ec080bcef036e12a5219cd9085d82c0a795a2909292118ea6
P1329,Arjun,S***,46,F,ar***@gmail.com,XXXXXX1951,1b1229ffc78471b1b0300b4e7ee3a8fb79778b1f2cdad17f848cefc1f78c7f3b
P1330,Myra,A***,53,F,my***@outlook.com,XXXXXX9637,361edeb47425565a2beb78cbb0bb344a57d0562e83bba12ec449a2453e65c176
P1331,Aadhya,N***,60,F,aa***@gmail.com,XXXXXX1793,52f16d86a3f9658d90bb8038c02b63ccc072bca008703dca358fa31fc6010c71
P1332,Kavya,J***,63,M,ka***@yahoo.com,XXXXXX5093,bc83ac153f2072692643380cfef1955b15f28595c2162ba00dc374f09ac68050
P1333,Kavya,S***,85,M,ka***@hotmail.com,XXXXXX6226,df7e4b7c23935738ac6ed57070b600e9343581db3657adafd4a827764964f622
P1334,Myra,I***,32,M,my***@yahoo.com,XXXXXX1671,ca88f964945f293d8d66402fb6eb0a094eaa6a5aa916932df09a933cda73dc0b
P1335,Aadhya,P***,87,F,aa***@outlook.com,XXXXXX5561,3d2a0878b146485978609f7d040a061ef535510a4bfda9222bc3aa7b9f74bcf4
P1336,Arjun,I***,33,M,ar***@hotmail.com,XXXXXX4632,04210ff970abc8aad71f87181573764228b86b64b0d291921cd7b983b98f6afc
P1337,Vivaan,C***,67,F,vi***@hotmail.com,XXXXXX1093,fe497e14ecf725ba7a61bc3579d156bdac01fc8c8a96d742344cff4e8028be6b
P1338,Aarav,N***,18,M,aa***@rediffmail.com,XXXXXX6009,2c47d5d58b0d354d5b52ddfe4789ab81078de1746ef5788816c28809a9696944
P1339,Shaurya,G***,25,F,sh***@gmail.com,XXXXXX9481,96ee72d7617d97e751dc60b87a26046f8a7d63ba09ff2509d39e75fab65087b2
P1340,Anika,C***,54,M,an***@hotmail.com,XXXXXX3853,d928103781956dbe521fcb0f70be56896deb330a03233814f9a39db243d1f0ba
P1341,Riya,D***,58,M,ri***@hotmail.com,XXXXXX8998,1508390bb12817ed7d0013e76fd719f349676f3b34b9f7161d1e2b77835342e0
P1342,Reyansh,N***,67,M,re***@gmail.com,XXXXXX9729,2cc1fbf1b719a66a0bf326dfd81e25e1b75d457fa36d44ace71e9ebda5f870b6
P1343,Ira,D***,46,F,ir***@hotmail.com,XXXXXX0034,9b76cf07bc03c289c891652c3002163a8130ab77aa57b5925422a00ca787b2e0
P1344,Aarav,R***,24,F,aa***@gmail.com,XXXXXX5749,e38751c22e78da07b9cedb90ea58123ef8187e2771699af154ec6f7fef53b386
P1345,Aarav,D***,32,M,aa***@yahoo.com,XXXXXX1020,7d3496902b17a3550668b82870c39e1292d948fb001fcb5b5d207f025783d477
P1346,Anika,M***,47,M,an***@hotmail.com,XXXXXX7668,200f97628efca3b80e07462e5816645938aa5d601696ac0533f1f487f859006b
P1347,Ananya,K***,86,F,an***@rediffmail.com,XXXXXX1587,756661335ca868b5106d056ec7912223718d8750ceadf1e71d69ec91ce32ca47
P1348,Shaurya,N***,23,F,sh***@yahoo.com,XXXXXX8436,fcd93bd33a4e4ea70127fd1fbc539554fe229e1901f57889d0e67a29482473fe
P1349,Myra,N***,66,F,my***@hotmail.com,XXXXXX8017,f38dd6a2850bffa0a0b390cdfd610c5b3bf6433a67bcce5380dbae3a110e1391
P1350,Diya,V***,27,M,di***@rediffmail.com,XXXXXX2443,8f6ad1a9a2f4841674e8c84d76353fd97f024d36dca85b8f5c870f84d647b921
P1351,Arjun,K***,2,F,ar***@hotmail.com,XXXXXX0275,2ccd0667fae53f062190ea631349d7d238f319a46c3df9aeb6b57f6126a67541
P1352,Sai,G***,17,M,sa***@yahoo.com,XXXXXX8848,3b6b896847c202405540e6b1a1f0dfcd809805411ec6f05a8d7c964bf39c5c3a
P1353,Ishaan,K***,33,F,is***@outlook.com,XXXXXX2130,088b85ad5613180c5d34d5f4d78b0a21211a4d0a0fcc492094de84141a309682
P1354,Ira,N***,9,M,ir***@gmail.com,XXXXXX2105,913356e009702d5406d727ad624f6a65f60e5bb93bf758c84853d44503a66576
P1355,Ishaan,I***,43,F,is***@rediffmail.com,XXXXXX9364,a68db6562d56293843ca473c01acc3cab443873de0038d0972ba43da6dc25ea7
P1356,Ananya,R***,48,F,an***@gmail.com,XXXXXX6197,f7048b9c4ed011d6e249cf11fffbb471ef82e2a19ef91ce967424057d564a3de
P1357,Aditya,V***,39,F,ad***@outlook.com,XXXXXX5930,f6f3158d4d12b08afdbca9957354b0e10e2cf5b62d3754e278c076043c2e6ff3
P1358,Ishaan,B***,42,F,is***@rediffmail.com,XXXXXX3247,6d3fe7d198fba789af128181036f0f5bae2d49e5bdff41ac75142a189e28b033
P1359,Anika,C***,26,F,an***@yahoo.com,XXXXXX3318,e12131c75ecf2ffa0e806463c15a362247fa98bfd80bb5c9ba017c79a9c0549d
P1360,Diya,V***,50,M,di***@hotmail.com,XXXXXX7988,03c0604deb9d601219b33433183df6abcc74117a9156c8249c210f2549df38a2
P1361,Anika,P***,25,F,an***@yahoo.com,XXXXXX0705,cba3ac50d1608f4bfb2829e4640a091047698d6230396264f45afc1c3e89afa8
P1362,Aditya,G***,24,F,ad***@outlook.com,XXXXXX5267,09a2af81d1ed48c9ba70a4b3814d5e46692f8c9dc3b8b1c1c2a2d2278e90886e
P1363,Sara,I***,13,F,sa***@yahoo.com,XXXXXX1941,6bc6a8c28d1414cb187312fc59a134326ce36d91902ce1431bbd53ed34d1c346
P1364,Aarav,G***,60,M,aa***@hotmail.com,XXXXXX5314,ee001844bc1daec8c6c2d5fc899f1d60e53621603283516b962845dcbe602009
P1365,Anika,D***,7,F,an***@rediffmail.com,XXXXXX2309,57ddfdb9c238558b188faffc80c65f98a84707fd470e73dd5ff20e8aa9c9e290
P1366,Myra,G***,57,M,my***@gmail.com,XXXXXX3873,697b9151244c00e0c9450859bdaf9684d8818b050b399d92934f34b16461d530
P1367,Reyansh,D***,36,F,re***@outlook.com,XXXXXX4727,d87ba26bd574b8e3df4195ea53df8f6039d5f76d9adfb2e4cb24faa39d6b6812
P1368,Myra,P***,45,F,my***@rediffmail.com,XXXXXX3456,95834a10a72dc8c4509cc055feadb2b830f458cc727aaff6e7c59ee4501734c1
P1369,Myra,J***,20,M,my***@yahoo.com,XXXXXX1933,dd43a2c8d6f6d393d7b46a908617175bee4e92122459141fbcdf10dced95e323
P1370,Myra,N***,65,F,my***@outlook.com,XXXXXX8413,5457cb7ccc5c856c98d33ef1a3bb493c6c0399f3d76e1d6116b28c4185c79431
P1371,Diya,J***,8,M,di***@rediffmail.com,XXXXXX6858,6b2dda39fb58fb95eaad08c8c545af5246392936fc7bb2438daa012200569f57
P1372,Arjun,N***,16,M,ar***@yahoo.com,XXXXXX3074,425062e79f645d6c61155b6ad7649afa61c6070540bfe9a600f197067007f6f5
P1373,Sara,P***,14,F,sa***@outlook.com,XXXXXX0147,81d0e8cf9360edb255013e65d10cb857c7dcab3f2f31fe28e153474d67a8fb54
P1374,Aditya,V***,76,M,ad***@outlook.com,XXXXXX1768,5194da1081406c5309e0139aa06f9e9d83473abc48e5b8bd899233487402b626
P1375,Krishna,S***,87,F,kr***@yahoo.com,XXXXXX9109,c6d8baa2be5f532e60b70fa3bf9e3b486c4c1089725154e0c34d1f21b4123967
P1376,Krishna,I***,15,F,kr***@rediffmail.com,XXXXXX1801,d4478d293cdc57a599c3f69da1e73b790121d00a904289756c88e46045caf638
P1377,Shaurya,N***,66,M,sh***@rediffmail.com,XXXXXX9779,b807de2b08f56cfcdb5dda5d7996d5c5156acd2aed9dd710e3a9c0186e93a48d
P1378,Aditya,I***,32,M,ad***@rediffmail.com,XXXXXX5347,7e1585e832adf6af15d8c04714888ae9e6f9b4788885e357e6966be024eff246
P1379,Kavya,S***,87,M,ka***@gmail.com,XXXXXX1367,68c5a5506b28fcf150484c8b1f6fe398938f8d31b770ceab45a605e3fc121065
P1380,Reyansh,K***,63,M,re***@gmail.com,XXXXXX4003,abc2554c651f49f41e5b95af67bbaa88870c6cf59ba78410be85a4abe53847a9
P1381,Vivaan,M***,86,F,vi***@rediffmail.com,XXXXXX0884,4f284ed88c7ac17460482e88ac5038bf199930f3e2ebaa3851a002be8467f2b1
P1382,Anika,I***,51,F,an***@gmail.com,XXXXXX8861,527874983a59ddd478bc156440b9511e91019d40f47d5938dad08ceee97d4696
P1383,Arjun,N***,25,M,ar***@outlook.com,XXXXXX9631,6806ed4114c92b1d840ec51a829d16e03c73644a344649c048d4796f81f03866
P1384,Kavya,K***,58,F,ka***@gmail.com,XXXXXX0739,8b838d166fa464116a5f84d4c107a7e3644a289e582f7e0e40755b34f06e55d2
P1385,Reyansh,D***,63,F,re***@hotmail.com,XXXXXX0600,7e024988a4d6b50a8349954b8dd4f2d1154865d5c6a13c0085112adaa3d9bd3b
P1386,Riya,G***,62,F,ri***@gmail.com,XXXXXX2101,bc2d7a20e149b0658040fa27eafa26efcb1777029312607f2b502af59bbcd69f
P1387,Anika,S***,22,F,an***@hotmail.com,XXXXXX4285,6042ebe73951da5075d0ce8cc07d9ee16caf07aa00d0060cd7973d64d3a844fa
P1388,Reyansh,D***,58,M,re***@outlook.com,XXXXXX7269,75d8cd8cb2c7b36b24fd3678c6a3d37ce1ef2e7f872bd26289e23ef6718affd5
P1389,Muhammad,C***,58,M,mu***@hotmail.com,XXXXXX5107,6f512eff912d5e5afc1d0909ff197c948004c5ac168c39b8270084c823dedc56
P1390,Aarav,M***,86,F,aa***@hotmail.com,XXXXXX2605,67ea7bd8b91a6ddc6733f9682e9a962be7e34e7bf8b4d480a80bb664d65a6477
P1391,Aadhya,M***,49,M,aa***@gmail.com,XXXXXX5231,ee26c0c5c69c2ff44cbff182c9d8697697938cc920a646ac16eaa2a8c5b6b362
P1392,Riya,I***,52,M,ri***@outlook.com,XXXXXX3507,a1fbf45e852d7acb7db506798c89ae3d144b6465529edd2ceb3acc5e92e0e053
P1393,Ishaan,R***,42,M,is***@gmail.com,XXXXXX5378,0f3fc4f2ca22625e5a7c1b6c084fd94191a2382898eb319fc0c22055d700ad55
P1394,Sara,D***,70,F,sa***@outlook.com,XXXXXX6358,e6c3999b0bf7147eb8eb610ce6e29532db1ebf27ff1c2d63b7dfd9eca7aa515b
P1395,Riya,I***,15,F,ri***@rediffmail.com,XXXXXX8282,4f32eb7bae4c98071a9fcfea5e769d01f1dc06beb40b84c4ee43a6be356cd26d
P1396,Vivaan,M***,54,F,vi***@gmail.com,XXXXXX5747,0d68ecd4e646e75b440c17880c3dfc216bf8a698433d6af42ec110ec2c1c7aa7
P1397,Ishaan,P***,60,M,is***@gmail.com,XXXXXX5005,15c775c808ec82677a6ca27d023647da2eeb132dcca82b6c14566160fad66ebb
P1398,Krishna,K***,8,F,kr***@hotmail.com,XXXXXX4714,734906a78068b6efab1c70f4155807b281aab903528bbc1c49f687fc138bf49e
P1399,Ananya,D***,53,F,an***@gmail.com,XXXXXX4585,1b17f8aa696d133a5597e0892d0727ffeb8846e13d7977c94462177ab6ddfc96
P1400,Shaurya,A***,60,M,sh***@rediffmail.com,XXXXXX2241,39a6baa761a98239781aa17d35d6148ffbce74f2e3858c93686d2e9496abb9ee
P1401,Sai,M***,5,F,sa***@outlook.com,XXXXXX1602,f06aa907e4b8a1f0999df772bedccc2b0ec5f5cebb5a0adbab5a7bc0814408ff
P1402,Riya,K***,68,F,ri***@outlook.com,XXXXXX5275,9c8ec5b48c68921ef37fc764d749449326e3914bb571291c466002a81b34a929
P1403,Myra,G***,6,M,my***@hotmail.com,XXXXXX8166,190fde5af21c8960018cdfc067db2d62869a7b5da8e78ec63c244befee9a79f9
P1404,Muhammad,K***,47,M,mu***@rediffmail.com,XXXXXX9585,6f8b3571d9c06c511b692974aac37a40556d77f1cead394948627ae8331892f3
P1405,Aditya,R***,55,M,ad***@rediffmail.com,XXXXXX7200,4fc3d470c462de4a61fbc85e24cd92d70937109bea6a18fa80c51882cc5a6b8b
P1406,Kavya,V***,40,F,ka***@hotmail.com,XXXXXX0516,21eee320d5f576d3b9d0ae4587770c8e5079db734ae28ccdd4c586ad8518c662
P1407,Shaurya,K***,52,F,sh***@yahoo.com,XXXXXX0962,5f4bc814da89e3bb4607d3862a5a02eb3bbc33972044a1b9e1b4980a1ce63108
P1408,Diya, ***,16,F,di***@gmail.com,XXXXXX1077,ac670e617038ff2fc593a88b73808e0ecfe45ced1256e20a329c101b9b224613
P1409,Aadhya,S***,13,M,aa***@hotmail.com,XXXXXX5269,e7501d0875abf572ec742d364a1841575c6a68d653b89004c5c6ae3cad5a835f
P1410,Sai,P***,30,M,sa***@yahoo.com,XXXXXX3057,f1ec5c75750c309d5c00ae1d1f380605dcdbb4bc2c748c23b7a4d15f03b558f9
P1411,Vivaan,G***,19,F,vi***@yahoo.com,XXXXXX2492,fdc83034b2896804750c32c27d67192ac6fc435b2421fabcaf3ab3c51c803567
P1412,Riya,I***,17,F,ri***@gmail.com,XXXXXX0183,408bbfda650479fc481833af6a9f30d25286cffade631da02fada6457b8f405b
P1413,Shaurya, ***,63,M,sh***@outlook.com,XXXXXX8338,090b2d87d12c850cb2267fa7eecb400717f5dee10695fb515728efd15f3888f9
P1414,Muhammad,S***,19,M,mu***@hotmail.com,XXXXXX6420,909ad57d5c4c14db56a694357f683b0fad43d6dac81294f4d2a68ebab9a33a82
P1415,Aadhya,B***,58,M,aa***@hotmail.com,XXXXXX1105,85ed7fcf7e1371cf8517128f9547e725fe11782319a280b4fce2bdda725b7b8c
P1416,Reyansh,I***,55,M,re***@hotmail.com,XXXXXX9949,14fb349e8b26ab34c40020e9a49c515ccaf622702ed30ab0c283c0fab160bf3d
P1417,Reyansh,C***,62,F,re***@gmail.com,XXXXXX8267,858e59882d15f23ba2ffc0320a0a754dd844514336f26f527c2106d3e64397c0
P1418,Diya,K***,23,M,di***@outlook.com,XXXXXX7444,afc9ff80ad3cd42daf971a4059dc9bdb70cad65794410f013f812bf3670ff0ec
P1419,Krishna,I***,9,F,kr***@rediffmail.com,XXXXXX1366,647ff378abb9faf11d6b14acb6ef5d7ee9ea0aeeb18acf3f1438f1c2d9b35dd8
P1420,Diya,P***,12,F,di***@outlook.com,XXXXXX9420,539f3bcbbf7a56b2d681fcc788875a177430c6d468a908b258b64f136790be02
P1421,Ira,N***,1,F,ir***@yahoo.com,XXXXXX9673,28bb58f0ffa8b1246e35e118ae79e63448a9ffdfa8d58ab848db0587ed6c1ba3
P1422,Shaurya,G***,58,M,sh***@rediffmail.com,XXXXXX7940,8674a0aff2d7f9560679330d968866922b92b114d280bb9392e00df743d4df18
P1423,Aditya,G***,1,M,ad***@rediffmail.com,XXXXXX7808,e6202a9353ec050db1a9dde8b171723a4097603140eafecdd22207f0dd3c6ad6
P1424,Ananya,N***,34,M,an***@hotmail.com,XXXXXX1530,d440178f6d4d838b1d25c4e3fa5475809f60fd505062839f6987f15284845f65
P1425,Aarav,G***,48,M,aa***@outlook.com,XXXXXX2501,364cc9284c15e18ca2ed5c0205ef2de2f77f0c562c5b3055c3d0aa07651eb1cf
P1426,Shaurya,I***,89,F,sh***@gmail.com,XXXXXX0679,103bb139d8609d81023bc9328e50947de599e14f5487b1a209ae6666fa18ac25
P1427,Ira,B***,1,M,ir***@outlook.com,XXXXXX0575,c1bc7954271c3458b7e4367b456f16184b9d9fdca52a46d4b203d2cd0402a659
P1428,Ishaan,M***,16,M,is***@outlook.com,XXXXXX3237,8e03ab739474bc37b16d5f4f9c375a7f32b4ece483d0d12301a253e59fe352ec
P1429,Aadhya,P***,61,F,aa***@hotmail.com,XXXXXX8383,a8678b1f10418633185195885d73d39c9eb6c3462c1f5467eb0165cebcb8706e
P1430,Anika,S***,64,M,an***@yahoo.com,XXXXXX8402,462c768ef70524326f1109dd79961121c9eff403d24abdffba118398ad6ab201
P1431,Ishaan,P***,63,F,is***@rediffmail.com,XXXXXX7664,55c8b9105a7bdc0e9334baaae925ceeebb4ce4ffab4e0e4b4784b8b9c3487ee3
P1432,Sai,C***,69,F,sa***@outlook.com,XXXXXX1007,7cd73111b2d4855eebf192ca0380d24a25ed1d2ca5ddb4ba7a67a966fc252557
P1433,Reyansh,N***,22,F,re***@rediffmail.com,XXXXXX3679,e84c4e777d24ccf2dfbc55aee83f0996c6522706b2c76e09d2dda528229e81f0
P1434,Kavya,R***,67,F,ka***@rediffmail.com,XXXXXX1036,8998b89f2d061eb09a85c99b163818aabd4011d52c58a742390d4626b0605fc7
P1435,Aditya,P***,76,F,ad***@hotmail.com,XXXXXX6354,1ffff2df83c718e6e81d4790f421d9bc9124e43dea26c246bbf27410ad75f0e9
P1436,Myra,R***,26,F,my***@yahoo.com,XXXXXX6091,87994bc0cdbf7ab6ae976f68976da9248f875e10cd603abff5607c29cc9ce65e
P1437,Krishna,J***,16,F,kr***@hotmail.com,XXXXXX5934,d176cebec3ccfcd447fe4659264a48eb17eb4f83b8d08531aae497b8b9767556
P1438,Reyansh,B***,51,F,re***@outlook.com,XXXXXX0727,0021a0aeff717a06d55a9e78fe8b18a46973e5d36c065e8867b00e02bd80c733
P1439,Aditya,K***,86,M,ad***@outlook.com,XXXXXX9586,3e8a2af96b41ab514b2134daa58b073c6a439a35eb14d37e571e989c7c9e4f5b
P1440,Reyansh,C***,57,M,re***@yahoo.com,XXXXXX2807,1a34bf6b20065cac0a004f6cfae6de409904744b3a8ee99d922cb3d3fa222a12
P1441,Arjun,K***,29,M,ar***@yahoo.com,XXXXXX8782,c1c1e3a03b919e432ee19b0e8e979590bcfdec5accebc8b2a8d64651ba969fee
P1442,Aadhya,N***,78,M,aa***@yahoo.com,XXXXXX8648,5150c7fee6b058ee816a4c69c09aa5987f69e0d88426978ab38abb8b94aba2f6
P1443,Sai,N***,69,F,sa***@hotmail.com,XXXXXX3335,a12d752eb547ad1bc4043035b6d5f37e80cb187982611a4ece39a31a9f6f8bf5
P1444,Sai,G***,47,M,sa***@outlook.com,XXXXXX3548,d2abdc80008b73b8316d0511d69204f5e1d6ce5851e8063cd3030e9eed11061d
P1445,Diya,N***,62,F,di***@hotmail.com,XXXXXX6278,bd27f3b24487214ffaa8c3e1cd2cdf65659d96df09d56ee0e1a18350bc168601
P1446,Ishaan,P***,69,M,is***@gmail.com,XXXXXX7562,f4d7dc8484c5c2b862b95bb2a632c4ae3531a9e897af69836951d6a4d75618dd
P1447,Ananya,M***,76,M,an***@rediffmail.com,XXXXXX9057,8b215d11c71adf245da1b6f05406c358a91e4f292e90b83f1de074e916e14442
P1448,Diya,J***,16,M,di***@rediffmail.com,XXXXXX2662,bda7798fc4f38b38de4d6677a1d162dece1d6ee8b8af6854953d4cceec5f3e84
P1449,Diya,S***,48,F,di***@gmail.com,XXXXXX9747,21182db335372d2cb329e8b3c5449e1e880bfa952c3fd82d117cd0ca2b1912cf
P1450,Riya,K***,85,M,ri***@rediffmail.com,XXXXXX6778,86d30564be1ab699a11ef23b4ba026a275fb8fd6ec8a135ddd5fdb67f3196ddb
P1451,Arjun,I***,39,F,ar***@gmail.com,XXXXXX6306,fce8dfdeaae5e30432097b12023393a581a0acba91700e60f2589c3107e659ac
P1452,Aadhya,N***,33,F,aa***@yahoo.com,XXXXXX1721,13bf15968a64a60504c65183eca7fc2c6f209ad1867ab799d94a29c126a26345
P1453,Diya,I***,23,M,di***@hotmail.com,XXXXXX1073,dae745eadd9d7cf3d0c01cf5439f77d4f8f8d4fc0b1ad6f04e7d9d4ded3cc1a2
P1454,Vivaan,G***,10,M,vi***@outlook.com,XXXXXX2211,713a297f050667df51df51a26d1a6ee22fde1006edb6a03674430f58cf791eda
P1455,Ira,I***,69,M,ir***@yahoo.com,XXXXXX6255,bd356bee5137e646f2c51aeb75814c23ff2f786c1c625535d9f8e94761ceb8a3
P1456,Arjun,V***,34,F,ar***@outlook.com,XXXXXX1370,52a5243dc0caf88f1f5f3d9abad48a1883746f6dd3c64176df3f3f23ee9bf21f
P1457,Arjun,M***,52,M,ar***@outlook.com,XXXXXX4998,fdb8116d1be2fd77eed31c0f45aed710c50c6f19ec348c17f678b29f3ea67bed
P1458,Vivaan,K***,10,F,vi***@outlook.com,XXXXXX9721,e686c4aad602f47b2364fae1f0f7c125a036e37ef4acd8ce623f13cbb78a6a08
P1459,Krishna,J***,19,F,kr***@yahoo.com,XXXXXX1273,edfcf96f067b44510853a5f48d1a8807c228bcf50c2f66d67bc4652c1add3adb
P1460,Kavya,P***,58,M,ka***@gmail.com,XXXXXX3155,56cb3b3c4b19ca25c4d62c50ed9c8f03226a73efbfc05c695aba320f9b7b87b7
P1461,Reyansh,V***,1,M,re***@yahoo.com,XXXXXX4560,d34be3b4dfd02bb38d0e9c2550ad843c9b7b8a32b80b2662e145dc0f5b0fe6d7
P1462,Reyansh,K***,69,F,re***@hotmail.com,XXXXXX5163,d3d172eb8c6c288ded448c93f4b7f974874acdc8bc150acb68f5b44dbf83d959
P1463,Vivaan,G***,4,F,vi***@outlook.com,XXXXXX8580,1aecae2bab3fbe053d022cffe475147fd8547fb518d64789f13d6f0078041efa
P1464,Sai,I***,16,F,sa***@hotmail.com,XXXXXX5238,36055c04ae9eec41803edaf8957f87ac4b4be29759ef9297631d72fd609c8031
P1465,Vivaan,C***,24,M,vi***@yahoo.com,XXXXXX2240,94c599a3bbe5215f7c412b17468434e025fa54f2ab42ca75c03f536e5ca8ae5f
P1466,Aditya,R***,80,F,ad***@gmail.com,XXXXXX4548,1ef71d9a0f865285fe08dadd9208f78a6f7e581c2c04c3d4b476e84717fee463
P1467,Ishaan,S***,2,M,is***@yahoo.com,XXXXXX7388,584a5c849646b660a3987da21bed62fbc3ff31220a0c5d36ebd68638d40c1940
P1468,Muhammad,N***,32,F,mu***@outlook.com,XXXXXX8516,5e2e694ee4719b08d8a19afdbe2a60014f54f519ff4efe48a7f32d9e6d689cb4
P1469,Aadhya,R***,84,F,aa***@outlook.com,XXXXXX0377,34d83cbef5e5f32470b5c2421945794171bdee1009cb21235099c1fb86fed5f0
P1470,Myra,K***,24,M,my***@rediffmail.com,XXXXXX7372,5658611fbb35ab1ca831eaa14028e1c0a95db3622f10dfa2220bcecfcd637686
P1471,Anika,I***,12,F,an***@gmail.com,XXXXXX5216,7e210206e411ce44e0d40bd4b46e59ca1060388f461df57754cc8104c14d1ccd
P1472,Aditya,S***,50,M,ad***@yahoo.com,XXXXXX3177,ce3a01081382a18685dd0b1de604c8c5d811b596a5fe0548bb6f4773d96392c5
P1473,Vivaan,S***,35,M,vi***@rediffmail.com,XXXXXX9807,d94f1253c9cec609d8a8c4347d9ec634b2645c30d78540e26ae6933eebaa750f
P1474,Shaurya,S***,33,F,sh***@hotmail.com,XXXXXX6787,b217c05dce086181dc8186aeb324699ba3685a0a9094426ca7e34193ef69ea71
P1475,Saanvi,B***,33,M,sa***@yahoo.com,XXXXXX4943,dcc243ec2cfc0fd995509450ae2e7a9e275e30029f95aeb7fa1415179c14f97e
P1476,Vivaan,M***,61,M,vi***@yahoo.com,XXXXXX2314,84fcfb01ceb4975523ce0f10f4b5a069dda03823329acbae21a743b77923153e
P1477,Kavya,M***,51,F,ka***@rediffmail.com,XXXXXX8642,467634d29e1a6a3ea199e8d8f2c701689021fc1c9e87b279cda71879806efad1
P1478,Myra,K***,43,M,my***@hotmail.com,XXXXXX6315,26adfe4cfa1a9db16422bffe97fcb14f499625245b2ca6b6590679881460d6f1
P1479,Shaurya,P***,12,M,sh***@hotmail.com,XXXXXX8244,b2d8059995290f3e6d1217073b081e24467664c78a3f84060bd24cface8296f1
P1480,Diya,S***,67,M,di***@outlook.com,XXXXXX1350,2699f6b9e3aeb9c749492c3591c5b6c45759de3741d1416771f1cccee5cee9c2
P1481,Ira,K***,65,F,ir***@rediffmail.com,XXXXXX1261,95c7558827d684c690dbe7404696fe4c2b6ffc7fe17bf12caa5d3978111e66aa
P1482,Saanvi,S***,33,M,sa***@outlook.com,XXXXXX5743,5c75284d93ced48c0c2b3892d5949c74b09dd01b90e4c031b25fb8566faa2f20
P1483,Arjun,D***,40,F,ar***@hotmail.com,XXXXXX9237,11ac40c0b79e46d593c5de7fe7744438b443ce9058c1c13eae2c5d568fc92efe
P1484,Kavya,M***,74,F,ka***@gmail.com,XXXXXX5178,2ba4ea98ccf8a9da87c8e053a636c7c831890d275b5d78a9e3e80d04ff0a4a5d
P1485,Sai,N***,43,M,sa***@hotmail.com,XXXXXX5327,56dd5195e639bdaae0a18a16aae9b4a2a6baba2b7ed355950105c53d64fedf12
P1486,Vivaan,S***,44,M,vi***@yahoo.com,XXXXXX3397,997b3990d24909765c7b3383a2088967ae85f0d7701b787743015567e9ad9abf
P1487,Ira,B***,29,M,ir***@outlook.com,XXXXXX0835,ff1e441533fe6e1592c1c334a0ceaddf86152d501a345be6d2b5034626fbbcee
P1488,Aditya,V***,13,F,ad***@rediffmail.com,XXXXXX5517,1b4c8ece7830c5e61398c354f59934923d1cdf18076f298b050e8126c2758fc1
P1489,Ishaan,M***,12,M,is***@hotmail.com,XXXXXX9994,bf7203691a2db69cc99add0f8f0531a82bc119fe7272572e9b092e5ede7a8406
P1490,Ishaan,G***,46,M,is***@hotmail.com,XXXXXX0285,8e0381d3090d132ffe0df50da0bb0e9c972847ef44b8d51d04758db86fc9d421
P1491,Shaurya,K***,2,M,sh***@hotmail.com,XXXXXX7296,d95cd20b5d527dd0f8d1766803d4bcdd6e7877ceddc88229ce75b567ecf1e7da
P1492,Myra,A***,35,M,my***@outlook.com,XXXXXX7332,b472abc831dd2434d34688cd76ea6672a94d9a43e54e1c9bb3e1f446c10befde
P1493,Shaurya,P***,87,M,sh***@yahoo.com,XXXXXX6279,ca1f48483e5c0c44d5b8e7e5361a17594a5997fc536697da8faef1c30cd53822
P1494,Krishna,C***,81,F,kr***@gmail.com,XXXXXX9140,4b9d37b10fcbaed876a4885e842dab3b470a63e05da5f3fe2946c7d27a2602d1
P1495,Arjun,N***,8,F,ar***@rediffmail.com,XXXXXX6707,428c09f7e987554180c26389bd8dd7e305ef33aa9e373d822cd5c135a95903ee
P1496,Shaurya,V***,26,M,sh***@outlook.com,XXXXXX4112,26adc687632e84f5ac82cdf4ce6c0078fecfd94d4fe74dfddebd9b9d8a52a1e6
P1497,Ishaan,N***,74,M,is***@hotmail.com,XXXXXX6937,fdb6cf56fe7e642c543503a0502a480399c3e6415d60c768577b5c65614451c8
P1498,Riya,S***,34,M,ri***@outlook.com,XXXXXX0428,6c122f96ff066d0bed62530baed0703357acb54b3662bca55538fabdf161483f
P1499,Myra,G***,7,M,my***@hotmail.com,XXXXXX0436,83f0ddccf92a59e1b09beca97900a3b08fc21a043e9b183d89cda706ac4577bb
P1500,Ananya,S***,68,F,an***@yahoo.com,XXXXXX4550,cbf05f7eec20e3f3cc33892456908a7676244be1c576ae30378237f6cf810212
P1501,Sai,J***,58,M,sa***@hotmail.com,XXXXXX1592,760e7487d55ff81f7f4172e593a63846dc0c7a3b5d6076c02affc734d7eef59d
P1502,Vivaan,P***,75,F,vi***@gmail.com,XXXXXX6542,ce501c105a0af1bf1c884129629185b72a450ad77a9644144c87bf8d025ba873
P1503,Riya,V***,29,F,ri***@gmail.com,XXXXXX8019,78c026195a426e36449e01d3a6bcebae17d916cd869411fb746c55cfea6510d3
P1504,Riya,G***,36,M,ri***@yahoo.com,XXXXXX7987,97b188a0483f01c66f59eff14dc17e40e424332a86a2a9af837f88a3833b3c6a
P1505,Myra,M***,89,F,my***@yahoo.com,XXXXXX9062,0f9dacfd5542a237c46171c41aac012f6dd02d680e940ef5a8a77f61fae7a03b
P1506,Diya,G***,21,F,di***@gmail.com,XXXXXX9915,7c908217f1f8e77fb78d3bf09813e9642b56ee59da92cd358b3c73da0f9c5a6f
P1507,Ananya,K***,36,F,an***@rediffmail.com,XXXXXX9532,2363092ebd3be27860b4a5d21c0fd2a4ec2800ab25a03d4427fa2da11191830e
P1508,Shaurya,R***,10,F,sh***@rediffmail.com,XXXXXX6978,46bba083ebaf5b5b103cdd198133aae7d3c8e8e4f0c777cd28a275d5f40820de
P1509,Ananya,B***,73,M,an***@hotmail.com,XXXXXX0124,f629b4a820a4d0962ab87a6c78c236b93e920426d3af783adccb62a1e365af94
P1510,Diya,C***,24,M,di***@outlook.com,XXXXXX4887,fb9d06adb18b4ad22b9db1ab4c994cc7dd443b4dfe1b195976ccd061ad92f928
P1511,Ishaan,J***,64,F,is***@hotmail.com,XXXXXX1636,e2679408613d5ec35feeeca4ce6429594de9be96eac0ebb425df5cf58e02e7bc
P1512,Reyansh,N***,49,M,re***@gmail.com,XXXXXX8082,2718141f27c7f07c07ca38e769964e846253ad9860256cdcc033472debf33fdc
P1513,Myra,K***,36,M,my***@rediffmail.com,XXXXXX8961,0634a9616de5ebce0f8e7b50ea7ba9d5f90c29a808aa7ba98435c772c54a89f2
P1514,Aditya,K***,82,M,ad***@hotmail.com,XXXXXX2242,469f77e4580be8383cb20fcbf2fcad3dbd7a756f07812c32fa1760edd275858d
P1515,Ishaan,I***,24,M,is***@outlook.com,XXXXXX8067,6a028f5250c5b49068e2751c1bfaa8ef08446a8f3a87bbed5ee9836efe8de34f
P1516,Reyansh,B***,23,M,re***@outlook.com,XXXXXX8831,26736da1199c600de563b16402b04609e41c25a020e4ea8a8ba72e664b7de3be
P1517,Arjun,V***,62,F,ar***@outlook.com,XXXXXX1691,9912b9c54c92c3a371f84c5729a1e684d921ddd64af7fe1743c12a43e6a7d0a7
P1518,Ira,K***,37,M,ir***@yahoo.com,XXXXXX6201,77858cb28722df02d6705044944079afe183973008f268a08e08ac3bd7cc5860
P1519,Aditya,V***,12,M,ad***@hotmail.com,XXXXXX5241,a0630c74bd795fd432b9855455809328166af11d624ac741c358a7bb777c23ed
P1520,Ira,K***,55,M,ir***@hotmail.com,XXXXXX0036,d4336ab2425f4d9c961b9f7971f9d830001658fef6f30e49a41d9e9b8e17efab
P1521,Krishna,V***,13,M,kr***@hotmail.com,XXXXXX1168,06f632d160d7324d2686deab672fe534fcd020257af03c6a8337948132acf9ac
P1522,Reyansh,S***,23,F,re***@yahoo.com,XXXXXX7964,0530f34fd214b75e7de72bd1574536b47ad8f32c8372c2ae4b0625b9ec210106
P1523,Krishna,V***,89,F,kr***@gmail.com,XXXXXX6560,e006983e32e81a942051dd5ee4c18c122b08eb4bfd714aa4b9a2e17efa91b222
P1524,Kavya,B***,30,F,ka***@rediffmail.com,XXXXXX5201,e47e268f7be92cc00c710af501144f6ac95f5b21cf1744a8d294cdc4a474b4fa
P1525,Kavya,G***,17,F,ka***@rediffmail.com,XXXXXX3973,db9d543cf190cf4dce982eb4edc55f8c9eb81112e9ddccb6d3d4e5d7e4096375
P1526,Saanvi,S***,62,M,sa***@rediffmail.com,XXXXXX6599,ceabb603d2e6e5b3a4c0480b9af02c77a7797daa17c79acfb1ec0d9b9be646e0
P1527,Ananya,M***,84,F,an***@yahoo.com,XXXXXX7973,b2f460c84d8e7d94abb987b5029680d59f16e2bde385d3393fc4da09d1ec4a1d
P1528,Diya,S***,89,M,di***@rediffmail.com,XXXXXX3487,5790f43a78ba851dee0dce3c0698eccb47b2b250a76df00293ec841b4ad5939c
P1529,Kavya,S***,86,M,ka***@yahoo.com,XXXXXX5664,f938e7dd245921f006e34dce3557fc9b00f8da4fd55ddc9fff7f5d80d8aee2d6
P1530,Riya,P***,13,M,ri***@yahoo.com,XXXXXX4179,e00fa4fbea835580cf046c228861b71ab458959ba4a180233a620eaa289e7304
P1531,Reyansh,S***,59,M,re***@yahoo.com,XXXXXX3017,15e3ad57b8b44c1a03ecf9212fe4be4a009ecfc618c0c4bfdbf94ac9fd521168
P1532,Diya,B***,19,M,di***@yahoo.com,XXXXXX6105,1ba06ad2e9f6928b2007a0357cc8c76334e9db83da08ce7cea252baffe7073b8
P1533,Aditya,V***,49,F,ad***@outlook.com,XXXXXX4104,c407f9b391ca99d159963903098de5f69e2001d5c22a2ec3457a7f783f5891bb
P1534,Ananya,P***,12,F,an***@hotmail.com,XXXXXX9301,e11e1540ef90ae6283a39876eae9c4ca3221847711f08ad92b0e85b62360a27e
P1535,Arjun,P***,61,F,ar***@gmail.com,XXXXXX4663,77b5b8604c89f15ad7d6a45b18d13deeb53f415bde4f084a1bc7467769704465
P1536,Riya,N***,19,F,ri***@gmail.com,XXXXXX5123,113283b845530bddf1307489a67165e7f737dd16087997f4e92bceadaacc6ad6
P1537,Reyansh,J***,76,M,re***@gmail.com,XXXXXX6156,0b834626c969402b1bfee2ec4f8e22f268617026b3d1936ed52b266ab63e4cfd
P1538,Aditya,M***,9,F,ad***@rediffmail.com,XXXXXX6534,b1b42c90a0641c2eda36a4303ce98acc5985d2e64dbf72e39c3be99143168352
P1539,Anika,N***,71,M,an***@rediffmail.com,XXXXXX1568,89d4055d9b7906a2c84d41da80515f14f3419ff51e93a6c1db7787332f203a8f
P1540,Kavya,K***,28,F,ka***@hotmail.com,XXXXXX7029,f451c6bad83c1556e9b409cffd1f283f07bb19ca7237a81634eb4574650ee4a5
P1541,Sai,B***,78,M,sa***@gmail.com,XXXXXX6167,037365d5699a82ed6ea340a503ddc84c273913d65226fe8f72744151a5bd582b
P1542,Sai, ***,52,M,sa***@outlook.com,XXXXXX7810,24d5dd388f717456e76bd1c517c1463506367c001c8d8ece052c0d62009fd5ce
P1543,Saanvi,N***,83,F,sa***@gmail.com,XXXXXX5271,8b0adba3dd9ae159f07a94cfb74c9721505e883dd4b0d79ac975e96e9dd5a6de
P1544,Vivaan,N***,16,M,vi***@gmail.com,XXXXXX1558,3f3725f7987261aec25bd9a461d89f58a50c2580227d53758d84c0cf52e5cd43
P1545,Saanvi,R***,69,M,sa***@yahoo.com,XXXXXX8502,a6d79aa2346f685fde033206021d32213ed60e5f8696d708282356a9464482d1
P1546,Aadhya,K***,12,F,aa***@yahoo.com,XXXXXX0442,7aeb2b3127a3f6f2ee0cf342d7594c539e58fceb0e99538e16ad1d33ac693d39
P1547,Anika,I***,25,M,an***@gmail.com,XXXXXX9719,6f87b84d12afca6d53a09fc2d071d5b0fdd78b77fa81d2dc5cb005681fd0792a
P1548,Saanvi,N***,52,F,sa***@hotmail.com,XXXXXX3439,b4c7fa23e5468366c27ab2ed6a29a715f5e80c5d75c9af00611e3aa7ebc7de5a
P1549,Vivaan,B***,85,F,vi***@gmail.com,XXXXXX9914,43dee17c93eb2101aea137d065e193c9c9544dae1ae62bcd8eb5e30f1907aff6
P1550,Ira,A***,53,F,ir***@hotmail.com,XXXXXX0666,2550330b252e847806cf8156d0bcd75f8e5a2035ba701487c459183026bfb236
P1551,Arjun,A***,23,M,ar***@outlook.com,XXXXXX0686,c33e4e4017f6e2521e5a72f6ba461a1fc51da57c796ef2de2422a2bc7d7d5c43
P1552,Ananya,P***,16,M,an***@rediffmail.com,XXXXXX9048,9d666174376072fb7e15efd72adcad12093f9e66ce00bccc34a48cea0818b119
P1553,Anika,K***,57,M,an***@outlook.com,XXXXXX6101,2c0728cab2da27ea1279cb4708e6cc3f88ccdeb9d0656b594d9b5f3754427944
P1554,Diya,M***,39,F,di***@yahoo.com,XXXXXX0847,b9fa877fcfe98e2cb9f13da8ac62d83d3a804180bc2bea508f1301e02d21cebc
P1555,Saanvi,J***,53,M,sa***@hotmail.com,XXXXXX0427,8c452534677b37740e0cc9d8400f5def84b88adb8f55241dc46279a17b8a1249
P1556,Myra,G***,42,F,my***@rediffmail.com,XXXXXX2143,d5e71e2b0f8b76c4582acdb6c8fe40e188d5c21f675cb6223b55c52782bfdd46
P1557,Anika,K***,58,F,an***@yahoo.com,XXXXXX2155,931c382df08e4b7c0267feb00d0f5d43ea619a8b9dfde55a15ce8ebbf848689f
P1558,Diya,J***,39,M,di***@gmail.com,XXXXXX4710,2db619250183a9a210a0e70498dd48fac003a1434b04d4cd97a13115bcbf97f4
P1559,Aditya,K***,14,F,ad***@gmail.com,XXXXXX2082,e9c5bb2dbd22ab16390c06d07caa56f63d86720dc4f814820593447413df2a10
P1560,Muhammad,J***,5,M,mu***@rediffmail.com,XXXXXX5169,5509b86a3a15cc9455a9732c5d2d22d50bb10b9806862b32f611b68f03487471
P1561,Aditya,N***,35,M,ad***@gmail.com,XXXXXX2047,cd1b02803d96e7511d764a12468bb7bd2c9f817de73e68d5368d0253ffbdc8f5
P1562,Diya,K***,87,M,di***@hotmail.com,XXXXXX8440,34db21d330c58f5457355598c9ab2449719d01a49d841fea43043615012f6547
P1563,Aarav,P***,75,M,aa***@rediffmail.com,XXXXXX7836,3b944be05ac959edf42ae9b7fe17b9fb3e7abe88e6018a11efeb2c70ac81fdfe
P1564,Saanvi,C***,18,M,sa***@rediffmail.com,XXXXXX0888,d6d2e1b0fc00e2d5fd8337ccbf0844b6ac3145254b7015b01343057c9554364a
P1565,Vivaan,N***,76,F,vi***@hotmail.com,XXXXXX3044,9d99df8c5625e98029b2728ac16bc29b364d4ba118b7708703330993a53e14d3
P1566,Vivaan,S***,9,F,vi***@rediffmail.com,XXXXXX9657,f9d5c906327168b1052f257a14d1e19a38363d752ea2068605905f171619d218
P1567,Sara,M***,74,F,sa***@hotmail.com,XXXXXX2339,aa59b120b55eeb4359e81d8685939046f78581cee7dd3097bb34dd692ee4fee5
P1568,Shaurya,I***,58,M,sh***@rediffmail.com,XXXXXX6581,7e4b5bbd6d319365755c9637606af91e7b4d4f170edd9441a2e132e773f5402a
P1569,Muhammad,N***,17,M,mu***@hotmail.com,XXXXXX3299,7f6c55884c861b18c997852187cf56716c9ef18e43ab0de6661c13c81e6ba13d
P1570,Ananya,R***,7,M,an***@rediffmail.com,XXXXXX3640,f96624c8f7c5f07dc626ba97b00ff0e4d06a5356aa3abaf07a07dac6941ec7a1
P1571,Diya,J***,46,F,di***@yahoo.com,XXXXXX8793,dd384bc42106407584b34d9790f8428e5b869db64670f0039e80f8d745dcb9bf
P1572,Sara,B***,13,M,sa***@yahoo.com,XXXXXX6489,3f52b7d9b7938547379224691d679b969fbcfe15b9f12b710d67a33f084fbd4b
P1573,Ishaan,S***,40,F,is***@hotmail.com,XXXXXX8677,1e3d9f2e0ada9fccb05d42a533064bf377a31e416d6c9e9772ba4a2c7655cd89
P1574,Shaurya,M***,42,F,sh***@rediffmail.com,XXXXXX0142,b9054eeee60d04457ce8a862213a61caa2403cd01130adee905267d6f8274e75
P1575,Ananya,M***,9,M,an***@gmail.com,XXXXXX1680,ef71da133f06294e2d1654e54ef1c93304d771033405620216b2317ac94c5b67
P1576,Ira,N***,50,M,ir***@gmail.com,XXXXXX4545,04fb6e725659192e7258af3c445b33b9d30688c6ce9f6253177bf19c33829f0e
P1577,Shaurya,J***,27,F,sh***@outlook.com,XXXXXX1389,98097a23418026c2490a83095e3f4c052c2c9d7165b8c8b198b2a8f014156871
P1578,Shaurya,S***,66,M,sh***@yahoo.com,XXXXXX2967,b1d53bf407660d11db2848b99f42e3956c7e129b1ae30492dee5530e1cb0f7af
P1579,Kavya,N***,5,F,ka***@rediffmail.com,XXXXXX8293,0fb10ac023f75c9ce956d1165eb02e897a29964cc7d50ae69a240d4127a7cfb5
P1580,Krishna,I***,29,M,kr***@rediffmail.com,XXXXXX5357,29396fd99dcf8063fd150852924d37d7cf5354193bca68475caed442e1275ca2
P1581,Shaurya,M***,37,M,sh***@outlook.com,XXXXXX5485,3b37125ffdd2594b39c75c49fb8ef293cd007fe49fd0f5e88c1220f9bba5486c
P1582,Kavya,P***,38,F,ka***@outlook.com,XXXXXX7896,8414f2561e7208b4fcce41bb83f35ec12e584db6394caa8a1dda52a0b0f38a9e
P1583,Sara,M***,83,M,sa***@yahoo.com,XXXXXX1636,01a63624bf9c3adad843a2f5b2aaad8489dd90e428caa7ef6a03f3b6fbc07e57
P1584,Ananya,I***,8,F,an***@gmail.com,XXXXXX1699,490af01f303709fdc735bc2a863753c73fba4a4a3d86658fe3f44ddc5d26cdef
P1585,Saanvi,G***,65,M,sa***@hotmail.com,XXXXXX4907,59b74466b4707c782f7fab3c0e77c022669ba97a71338798d477fcf15a949afd
P1586,Aditya,B***,86,F,ad***@gmail.com,XXXXXX3341,302acc9a38ba2da0c08caa1b36b590340579c5c5f6f6add76795adc351091b8c
P1587,Ira,M***,17,F,ir***@rediffmail.com,XXXXXX6783,1508b98b0a26a9ce9962eea3fbd5bd4fecae7e00623e664385a6e407d9e1c33c
P1588,Sara,S***,71,M,sa***@yahoo.com,XXXXXX8599,d2aa158bf77e0c34a4803d775ad03c341368cb6ae00c840ee834b0f4fe3c05e5
P1589,Shaurya,R***,89,F,sh***@outlook.com,XXXXXX2830,62b57d6325fd0c12b72b2a6004acddcb3e4e456494d736e4a47601d279ddfb00
P1590,Vivaan,N***,45,M,vi***@hotmail.com,XXXXXX8085,3cd947785a60bf79cd10604154a73f04a85a67d79971b97c395024d62412e5fb
P1591,Krishna,M***,4,M,kr***@rediffmail.com,XXXXXX1235,edaadcb9d002100ce5cd990289fcaafce05539f1091272ca41046feabeba2481
P1592,Ananya,R***,36,M,an***@yahoo.com,XXXXXX3343,a7abcf7739c61ce13ad0f0b70b4f3aa270f3ed67cd2a01bab1df95a618c37a9a
P1593,Myra,I***,70,F,my***@rediffmail.com,XXXXXX4928,834d75e6698ee5b06a4819153ec45b75dc6fe78766d07b0a3b5f1cf2320879e1
P1594,Diya,P***,31,F,di***@hotmail.com,XXXXXX0086,dbb81d9fc9dfe16b63bf87b17a90a54dc21b3ce9faddfeae8c9bdd8221d73d51
P1595,Reyansh,M***,19,M,re***@gmail.com,XXXXXX3239,6b7dfb12cf456d1cfd4b1cc850b33dc46ed277abb23e10432c6bd60bba8ada81
P1596,Vivaan,D***,61,M,vi***@outlook.com,XXXXXX5315,a6dc85d3c2d7522c6775d23972b0e1b674fb6d63e4c2525204abbe5b3eff7b9d
P1597,Kavya,A***,54,F,ka***@gmail.com,XXXXXX3026,2d0b5379471539f3532ed6c9e066ddfd77b8f0edfe463074d354c6d0a74bdee8
P1598,Aadhya,G***,39,M,aa***@yahoo.com,XXXXXX2797,d469f9896d79e3506d4cf4318234d99ac8cf0015579e26ce39fb665b6b055af1
P1599,Ira,N***,74,M,ir***@outlook.com,XXXXXX1235,7774f61a8cf2a2fd498fa1f0c6b033087943f0d3e15454dc98ddc99cfeed1ba3
P1600,Sara,A***,19,F,sa***@rediffmail.com,XXXXXX9611,da54dd891ffdebbb471dbc9754c1d95abb7fa55ab57f4ec211bdaf5909f02906
P1601,Krishna,N***,39,M,kr***@yahoo.com,XXXXXX9223,f1b3c302d6bdc4f704affd68fed17b30b90431653a8e6cc0b33ed75bc8bf6fa5
P1602,Krishna,S***,67,F,kr***@hotmail.com,XXXXXX6093,6f8e7b9365e9ab9273053226cd5f57ae3449aaa83209bca138c3caa62c26fe56
P1603,Ananya,G***,45,M,an***@yahoo.com,XXXXXX2655,167ded70818796c603cb3cdf73eea40118e4b988f5c3e1606466caa54f4090a0
P1604,Riya,M***,13,F,ri***@gmail.com,XXXXXX0229,2f93dca29ad27070132b01de768d6563e60d9e1b765496e199806c93a73e5d1a
P1605,Anika,K***,58,M,an***@rediffmail.com,XXXXXX2100,987ad4d5916e3d0ab1149fdcb91e636edd33bca1aea9ad813852961f284e35c5
P1606,Sara,C***,20,M,sa***@hotmail.com,XXXXXX9769,b5531071d362cda47504d23cff1a66c8519a3c54b3bd7ac8451e968170ca7602
P1607,Ira,S***,72,F,ir***@hotmail.com,XXXXXX0327,4f9df8b0544c833fb67e9b237d029573f84679d7ddf24cdf820a49df62659f47
P1608,Krishna,V***,61,M,kr***@yahoo.com,XXXXXX6605,d0d68181e82cf5507da32dd9b3418fedf55fefe204a0a41aff7300f3bce6ad23
P1609,Vivaan,M***,39,F,vi***@gmail.com,XXXXXX9190,99b4d39927d50d446f1335f72ebadc3cdc01d9b1ea51be831550d249aa258497
P1610,Diya,S***,1,M,di***@outlook.com,XXXXXX2368,05ade7619c2c225f0ef33c81c385539ceafe3316bfc1bf4a1702cf01cba3a81f
P1611,Sai,B***,3,F,sa***@yahoo.com,XXXXXX1389,c880b9e6fca8b83b886e242bd11481537f3496cc0364d23d1d946101957734c0
P1612,Ananya,P***,77,F,an***@rediffmail.com,XXXXXX2885,9a64b3fa933cdbdf3f5b419930c424ca17d53095745410ecbe538f98a0d1e28e
P1613,Arjun,S***,62,F,ar***@gmail.com,XXXXXX1401,040991ba5a1a41e38c542a4c8f4ccd3f1a1d4a52b9156e6765be8ead6b831305
P1614,Aarav,R***,63,F,aa***@yahoo.com,XXXXXX0679,c6f259a32d759e1e77ba7b53f513d30ec328e7a9bee3c7707cce94c0634c6b73
P1615,Kavya, ***,25,M,ka***@hotmail.com,XXXXXX3965,ae4f9f73a5adb11c14b9077d52a720f190ec0ed35dcf9e19571e0add55707c8d
P1616,Anika,K***,56,M,an***@rediffmail.com,XXXXXX9715,db6bfdf57b341ab49b3e57569cdc7c62d5a14d9e4730db3bf904164c1d607684
P1617,Reyansh,G***,33,F,re***@gmail.com,XXXXXX8704,31c35dc6ca07d6f81ecf49e41d57a90405a17826471782ffb5ffa7b9386fedad
P1618,Ishaan,S***,38,F,is***@rediffmail.com,XXXXXX9375,dbb741d33c0e0704b9fa5988b14311dd0edbeb68f26b1c3e31f7e7ae33424103
P1619,Ananya,B***,6,F,an***@gmail.com,XXXXXX0216,904746a6ff89fbe352a7d82b5b9ce693879e32eef83e968751e5c99b19a74e14
P1620,Saanvi,K***,58,M,sa***@gmail.com,XXXXXX8534,3ae2e92e9ec9e42bf3c8602b4f829761e7296ca17d4887e2dca3023211d6280a
P1621,Aarav,S***,44,M,aa***@hotmail.com,XXXXXX3646,5b6a3901927e1af12f0f875f00025971352a2f9eb5a2831ee559328d09d27250
P1622,Riya,K***,45,M,ri***@yahoo.com,XXXXXX6189,30eb1c4a609a3db4b2fb64a0170af36f4730f3e6151411941fbe60553331ab47
P1623,Diya,M***,32,M,di***@outlook.com,XXXXXX8862,742e32249c6377216c6bedabc74517d38c349b21db11919f52f7a183e7571134
P1624,Riya,N***,45,F,ri***@rediffmail.com,XXXXXX7515,b40842ed2b0ab6bdcac1ee706635d2057d5fb78b958e5b6631dc6001d4aafe07
P1625,Riya,P***,61,F,ri***@outlook.com,XXXXXX7658,e7c878671246f91b101bb6b6a2635ab85b15efceef62ddf97bca53704b936d57
P1626,Arjun,K***,47,F,ar***@outlook.com,XXXXXX3312,fc578ede12a9957785706674045dc6044f11f1e67dc1e8d0e74cb58e61074a7c
P1627,Aditya,I***,21,M,ad***@hotmail.com,XXXXXX4695,7b3e2f27348867c295774a387bd52fd03adf330da67e030292135e711a58b83c
P1628,Sara,V***,80,M,sa***@yahoo.com,XXXXXX9407,af346ffedadf63d96a2a41410f476b4e731acae535a39a7fb306234e6b43cf9a
P1629,Kavya,B***,85,M,ka***@rediffmail.com,XXXXXX9855,6a9bf6d02ba50430ebff6299e17fcbc665707464fc8703140afe2ce2d3d4ea7b
P1630,Aadhya,C***,75,F,aa***@outlook.com,XXXXXX0555,4c3026c582d1fc7bab714d694761e490c775dcca6e31e7ea2e65a2f02f0e0891
P1631,Muhammad,D***,36,F,mu***@outlook.com,XXXXXX8840,ee3444fd92d8faa09aa8aeb6cd7adcff1a213f776cd4cabddc8534003f044235
P1632,Ananya,K***,19,M,an***@rediffmail.com,XXXXXX1357,48bec4d83eb6a851a8a1dbbcdd4c752cd9f1213208ed62ea31078b2be4054720
P1633,Sara,V***,20,F,sa***@outlook.com,XXXXXX2419,13dcc8e012d0122f1f262099fc59066d446327a5be57697b395bf69d82f71020
P1634,Riya,N***,57,M,ri***@outlook.com,XXXXXX5535,d0452770648f9ba3d34c68e1a734ddd79339b520ab1dacfa9f87dcd9478282f9
P1635,Aarav,K***,18,M,aa***@hotmail.com,XXXXXX3597,1360e77f47ccec338528f6d0935b50fc272661be90ca0b6efe636f773af3e74a
P1636,Reyansh,G***,47,F,re***@yahoo.com,XXXXXX2698,42368250bbe86203220c1986005f11cf1f3403334d044ac8ad27e5f01e9e540d
P1637,Aditya,N***,49,M,ad***@gmail.com,XXXXXX0042,8222b66b9be5d0b67b3d55e9122ec6236d2a5aed899269a90f5becf69b268e34
P1638,Krishna,B***,14,F,kr***@outlook.com,XXXXXX6139,507cee13f2ac9a1fc473a192e32f4d552a80fe837335dad167f536d9f90f9dc7
P1639,Diya,M***,15,M,di***@hotmail.com,XXXXXX2820,022599ba96ec0ae4f29dbe98a83cf1cb96289047e9570c4cb48774c89b218e18
P1640,Krishna,B***,31,F,kr***@gmail.com,XXXXXX8680,8f2c53770ce35681c59654c6322379473617c8659b4a43840384a7d498e4aa43
P1641,Myra,G***,1,F,my***@hotmail.com,XXXXXX5794,4bb6235ca28f8675e853b5869a4b5be6eac925ae5fc9d48216f493b82140ea88
P1642,Shaurya,B***,54,F,sh***@gmail.com,XXXXXX4459,c2810e3c3f3978a7aa6f2f0df7d6b3e63f713212dd5937a5823df38f38dc507d
P1643,Muhammad,D***,3,M,mu***@outlook.com,XXXXXX1211,4a9a066122182c3f14f2861f8a1e14f665055e7bb88e3a627b4919c28e5b33f1
P1644,Diya,I***,16,M,di***@hotmail.com,XXXXXX1813,1d30591f40bb7514d3165bde62f17ef156dd6abc3ec5fa15bd2989f8cf8a83af
P1645,Aditya,S***,87,F,ad***@yahoo.com,XXXXXX2376,d9d1e3bc69659949a2b646c3d9a3c27c8fdac7c1f14c0cc48683ccbe8aae0ee6
P1646,Ananya,G***,57,F,an***@gmail.com,XXXXXX7929,05ddf7af0f20f2300ce807955cd7d9089f4c989daa7f5c3cfbda9bab5b701458
P1647,Anika,N***,75,M,an***@outlook.com,XXXXXX6005,47da74814661a94c2741762c39ce7a13a48c2537275397c2d832dad2cea9d30e
P1648,Arjun,A***,12,M,ar***@rediffmail.com,XXXXXX8953,2821f62bdf4a84a3b9afbff6fc8bef72b54f049d23d536b139336190d2fadb54
P1649,Aditya,J***,74,M,ad***@rediffmail.com,XXXXXX3965,43fb8133db273eb5c208c604e5235b73a6632bd11f5288278d30e83c6fdc8e99
P1650,Aadhya,M***,16,F,aa***@rediffmail.com,XXXXXX0701,da3981b12c75f9f595d9ec275d6295a129eb5a4553fb9ecf70b36479611ea9f8
P1651,Krishna,S***,72,M,kr***@yahoo.com,XXXXXX8271,52be640e5b26c49ae645be7259c419e7412eef85da8fec39f07a6dd41ffe00a0
P1652,Aarav,C***,76,M,aa***@outlook.com,XXXXXX4412,234969d381378c8259ff79da721560103affbedb0a4bc62a79e74e3671133378
P1653,Shaurya,R***,24,F,sh***@hotmail.com,XXXXXX7642,781fe8a79851db09559e6df09b519fdc146003d81df535f9c037b4d7ccac46b4
P1654,Ishaan,N***,28,M,is***@gmail.com,XXXXXX9345,4aaee51413946d98aa14cd2fd38412a47ab4ab55ba74df3af255ef12dde85e86
P1655,Aditya,S***,8,M,ad***@gmail.com,XXXXXX0915,87f3f4ee2477034e8305d0e99d70eb08b64c4c3ef92fd748d5094b8f36d3b88b
P1656,Aarav,C***,36,M,aa***@rediffmail.com,XXXXXX8815,f21c5f6bd36adb2ebd5ee8af39eec3ce6eaf72200f7a127a27020a6041e5fe28
P1657,Sai,K***,8,F,sa***@yahoo.com,XXXXXX5921,411b39f852f646cb8a8ae2e1c8eaa155d65cb0a8a8bd0031116f733588e78445
P1658,Saanvi,J***,58,F,sa***@hotmail.com,XXXXXX9185,a72513022d0ad9732738632fa360c3c0ef048d4030e2fc93399d1a308b57f763
P1659,Riya,M***,60,F,ri***@yahoo.com,XXXXXX0197,cb2c95e00a4fc0fca2569e92d74f28fa53c6d7759bc2bd66734b932c99eabab6
P1660,Anika,D***,50,F,an***@rediffmail.com,XXXXXX1616,d0d34b2fa0bfea52dfeacb0ae6cf517687714c6ca1d0e328f8c4e275fb3439f6
P1661,Krishna,N***,28,F,kr***@outlook.com,XXXXXX3526,c10df894d98b17afe21cce9f8f6aa34358d24340c04c646973349471390a06bf
P1662,Ira,V***,41,F,ir***@gmail.com,XXXXXX4129,e0b1dad3a3756a90215143cc6692346836b79164f5142770d57d3e0fb7a91b7e
P1663,Saanvi,D***,64,F,sa***@rediffmail.com,XXXXXX0077,49f2019004b0f4f4482a3c11be669785dd00c967e6605db0818c399383b0b734
P1664,Myra,N***,27,M,my***@rediffmail.com,XXXXXX0404,c23a1d726904368730de29d57bd75e1ac6928494ae6d0aff995c18234904fed8
P1665,Vivaan,S***,63,M,vi***@hotmail.com,XXXXXX9933,94528a6618471228915cb692447886f3051e536d9096b8ad5ccc7957136580cf
P1666,Diya,D***,17,F,di***@hotmail.com,XXXXXX5692,64eeb86bd8ed73ee8a0da34e07533ed6bf7c58203158ea9bce045836c7be80f8
P1667,Shaurya,A***,73,M,sh***@rediffmail.com,XXXXXX2947,a7cc53a93df803d6f265ca8cfb45a009fa1ace8761285544155896819f6fd051
P1668,Ishaan,B***,33,M,is***@outlook.com,XXXXXX9729,ad8d7e038279728b9b9af252f15c5a45e9a1b15d0ddfaddb69d8c91445a7be66
P1669,Myra,M***,84,F,my***@outlook.com,XXXXXX2916,a39899a206a66810f3a18604a52eb09e300883fcae9f650775be4ecc0629aa50
P1670,Aarav,B***,77,M,aa***@rediffmail.com,XXXXXX5282,d7e687a8b5408bc2eca523c410a6509d9aff611deaea0f60fc53d3e9d714d990
P1671,Aadhya,V***,29,M,aa***@outlook.com,XXXXXX4880,fd7002f24d5ef37ec74ada8bd61efa4c8917c0f60bc47030b65a009d6fd3392c
P1672,Diya,J***,13,M,di***@gmail.com,XXXXXX4410,c00f75d4cdff6ebcbc9e045b478deff0de5a0dff2c3220bc0605e6e23e9adcc9
P1673,Muhammad,D***,46,M,mu***@outlook.com,XXXXXX0400,55248fe7ea3d1aa72778a4d7661abad1cf363efa8440282bf15ea7cd01691425
P1674,Myra,A***,35,M,my***@yahoo.com,XXXXXX3407,81712abec2432ffc84c3d7cda51a26c521dbb0f2c1919287cc04df65ad7ec9c5
P1675,Myra,D***,6,F,my***@gmail.com,XXXXXX9095,363fc7f8f105d8cf3bf731f57d48c5f9dd2ed9090e9ff5a41db05ba14c413c54
P1676,Reyansh,R***,82,F,re***@rediffmail.com,XXXXXX4901,7654ca801744b8774e967b076227bd97b7e9f51c03a682fbfd820a62e91d95c9
P1677,Diya,N***,69,F,di***@yahoo.com,XXXXXX3124,6c14df191a297f499d9ca5dd179052c1ee32fb0ac961a0bd4f788cb9223f32db
P1678,Arjun,J***,47,M,ar***@outlook.com,XXXXXX7147,05ada28d6858864aed029b176ebaf0fe8ff1f1a761df2183c6b8838cf0270bf8
P1679,Sai,P***,25,F,sa***@yahoo.com,XXXXXX4059,521eeb549a52c799716650c17817959db86f3de98e9f3bba8b755dc36da480ac
P1680,Ira,I***,66,M,ir***@yahoo.com,XXXXXX2973,b59019eb8f0109a6c155f1581dbccdead65a31302dd0df1360ea8177e991e245
P1681,Anika,A***,10,M,an***@yahoo.com,XXXXXX9622,e01c90f9418b5cef40f9a5a70a04e168ebc5c273c8c8d676298f077ce78cb83b
P1682,Krishna,N***,56,M,kr***@gmail.com,XXXXXX1815,465062afb7680aeff3f2aca882001b26b2f58358b0cf8809577cac21a647a356
P1683,Arjun,D***,30,M,ar***@gmail.com,XXXXXX8766,c9aed724fc2319a23206f4034a2430d3fb34aec4f8eb3ed21a6dac26ec4ea6ea
P1684,Kavya,B***,5,F,ka***@yahoo.com,XXXXXX0205,641b24315ebe2f472fa49e7ecfcfc6d48faa46319bbfe1b6568e768f9c72f822
P1685,Myra,G***,33,F,my***@hotmail.com,XXXXXX2815,59abdd20574ffff87b07370d5b7345b64e0c3224b2198adbf9ae2423c873d8dc
P1686,Ishaan,K***,65,M,is***@rediffmail.com,XXXXXX1865,176c93a7de3c469a58ba1ee4ae7b0af27cb4179403eafc7f42ed1d741f123678
P1687,Aadhya,P***,18,F,aa***@outlook.com,XXXXXX2235,6c7aaa108d171636b8c55b38229c3d058c0f726af8f273d39fe9309b7427d431
P1688,Saanvi,G***,49,M,sa***@hotmail.com,XXXXXX1296,24457f271d580072872da9416d809205d880ac637cdc3556b27d1d057c5f27b9
P1689,Ira,P***,11,F,ir***@hotmail.com,XXXXXX8529,e2adc3a43bc66b9d0d30a5b4a9b8b88ea273db0e50c936ca16e7c3cf0d43a5ef
P1690,Krishna,K***,85,F,kr***@outlook.com,XXXXXX3356,5294e749960db3ef42624b9439c03455bd3afe6623c8d74e28a9a22a3e4cbcbd
P1691,Vivaan,A***,26,M,vi***@hotmail.com,XXXXXX9713,854c911dd0cd9b0ed665e402d5c1c40e6600135c1181c724fd1ae0be387fbefc
P1692,Sara,V***,63,F,sa***@gmail.com,XXXXXX0048,48d78a19f743780bb41bcd0b9b2b0d3d791eda80b047ab056aa5eca4122043e2
P1693,Ira,G***,89,M,ir***@hotmail.com,XXXXXX3751,02632cb7aabce883af915d8e806e3b9925358124a932f8e3615fb8f8bc330cc8
P1694,Saanvi,P***,86,F,sa***@outlook.com,XXXXXX9806,e305368568fb3fc280914ad2f44280111d1b5073b1ef8da2117bdfdb316983f2
P1695,Kavya, ***,59,M,ka***@outlook.com,XXXXXX7949,4a54605b1b34ba6e00234d5f21e5371471b72b87a855f3b033b9ff74d3ffab13
P1696,Riya,S***,27,M,ri***@gmail.com,XXXXXX0849,5321393a3b8533947d8356b02fa046b70b23e010387c8f27b6b099e6410bd0bc
P1697,Aditya,N***,49,F,ad***@rediffmail.com,XXXXXX8826,08be6d29c51a7f7330291fb015cf649b467f895babfb3a3c60b7aee1302c4a04
P1698,Ira,N***,77,F,ir***@yahoo.com,XXXXXX9972,459e0fa36501b54c7fd5afbf8a4e6a8693f90598b118e014bb1760b3177e3348
P1699,Vivaan,A***,33,M,vi***@hotmail.com,XXXXXX1408,7d05c47315f3a32c20c7a076ce434201a2da8681b9241f29a353bd0540983193
P1700,Kavya,P***,1,F,ka***@outlook.com,XXXXXX1146,b516ccf801ef093d6e28e2b95683cf9dffd278cd4951e4234a32d37996639a97
P1701,Aditya,G***,21,F,ad***@gmail.com,XXXXXX2915,ec621e5e43439347aed1a8204058382d132cefc25def73d046243de0173e8901
P1702,Aadhya,M***,55,M,aa***@rediffmail.com,XXXXXX2501,bee36effe39b6d266b49f11b5e401943bedfbfede5bd1126b8a1043e4580f100
P1703,Aditya,J***,6,M,ad***@yahoo.com,XXXXXX1983,9ceb6ba7ad2b4ff2bf032f810a5b0c8670b99912f488befbf7d4dfb2b35def84
P1704,Shaurya,S***,81,F,sh***@rediffmail.com,XXXXXX7514,83fe0652594ae4b79729aaf1a884eb7fdfcf0832d5d90e2684b2ffc6dd9bf595
P1705,Saanvi,S***,69,M,sa***@hotmail.com,XXXXXX2650,0d2609660ae5284712c514814e8629778e1be71d4af7c3013c46b9faf7d3d58c
P1706,Arjun,P***,5,M,ar***@gmail.com,XXXXXX7655,d0967bd3ce5de9d78850a30eae1fefe11333dd8a26abdfe429dab01caff82087
P1707,Saanvi,D***,3,M,sa***@gmail.com,XXXXXX9935,9a9492fdb91270b669bdb5f3afe30f45b4004dee0849115974d57ac6d43f5742
P1708,Anika,G***,53,F,an***@rediffmail.com,XXXXXX2693,2febb13429e597223bbfc8338ba4b3db82fcca3206e46231cc6ada5512440f20
P1709,Sai,P***,23,F,sa***@yahoo.com,XXXXXX4575,e63aa93d3ff05707d93963570cb530b705ee1bde00546d77695ebebb546d1e21
P1710,Vivaan,V***,53,M,vi***@hotmail.com,XXXXXX1958,438c35b137b8bd2b246b5637bd69690004d7dd6dfea58a723d8c628e57e92391
P1711,Ira, ***,37,F,ir***@outlook.com,XXXXXX3722,c370b53ae23d5ea99c2d8f022e187c94f4da121707dfa0c8c3bfecaf06df70e7
P1712,Krishna,J***,74,M,kr***@rediffmail.com,XXXXXX1598,f2344cfc3d5c4c63f589ee1b983b47259180b499b3077986ca65d569abf013b9
P1713,Kavya,V***,74,F,ka***@rediffmail.com,XXXXXX6300,164b77d90473c5d7a8b41096297deeeb47457ec6d7c8111403e7e5b6ee7f2c7b
P1714,Ira,J***,83,M,ir***@hotmail.com,XXXXXX8247,118a13070e74b8f0db6f9e71260f9bf1c5ca7ec6f7cca6307c5bc1a983dc64af
P1715,Vivaan,M***,17,M,vi***@rediffmail.com,XXXXXX0359,bc5a09ebf43fdf4fd365946c1131c814c0c3801ca33ba9a1a7b866d81772d3d4
P1716,Shaurya,M***,85,F,sh***@rediffmail.com,XXXXXX4081,f89a7e2ab85a43bf7624bef08f3bd89e296ac05411d5b3016ab5d432cf8a9723
P1717,Arjun,P***,78,M,ar***@outlook.com,XXXXXX4961,8551d123d523f059d364a00fb2f73358752bfa9e084f4943f9f71506b9d9fff0
P1718,Aditya,J***,73,F,ad***@gmail.com,XXXXXX0225,67eaabf7d88835f2250113ccf8c133a18c5b565fff4a001869de65cd253ffaaf
P1719,Shaurya,G***,1,F,sh***@yahoo.com,XXXXXX6985,8cdfda521665061e62ca41d2ed92c62cb56bf4020200f9abac4a947b67daa9b0
P1720,Anika,A***,51,M,an***@yahoo.com,XXXXXX7033,81bbfc46963f884bdd701064bbad40e27416df4d20732fa62b28f3197d666339
P1721,Kavya,K***,45,M,ka***@hotmail.com,XXXXXX3185,9e3afc669bf1bda40c5e38cdbfc8c814174df4e4bd652799c9b15beed5be07cd
P1722,Shaurya,N***,77,F,sh***@outlook.com,XXXXXX0816,ef2c1b8eaf25b43cd587d3d0e91ee6ea768274a07e440de3b42e8cc98db7156d
P1723,Kavya,I***,4,M,ka***@rediffmail.com,XXXXXX4893,527d08733f35f2f6524ad8ef61ccbe8d02c9521921a02f5ade8a8cdf9b342be5
P1724,Myra,P***,62,M,my***@yahoo.com,XXXXXX6364,b74daf382537f525dfbaafea84bc95eab6e82b5c6096f5dcd8b2e1267291c3b4
P1725,Aadhya,S***,65,M,aa***@yahoo.com,XXXXXX5386,4a36c07e00acece14208f37df3ba63a08538e6f8b3692ba571f3fb82661e632d
P1726,Muhammad,R***,32,M,mu***@outlook.com,XXXXXX4817,17c4d285664995fde069f4126afd57ab5d67bcbc7174f171889a171c38f92287
P1727,Aadhya,d***,34,M,aa***@yahoo.com,XXXXXX8884,5d67e75fb95ba879f3a7edf747b589159e350c8837d1a5e4c3a66562488dd7e9
P1728,Ira, ***,72,F,ir***@yahoo.com,XXXXXX1617,04539e7bc75486089b2b104b88776877b9c1c6ba9131ae1a93fd6150d1b13652
P1729,Aarav,N***,39,F,aa***@rediffmail.com,XXXXXX3527,e782ddd56e7c6f74bdd2a6982c35c9ff97eda085f054e61ac95180425f66259b
P1730,Myra,P***,26,M,my***@yahoo.com,XXXXXX7681,30a4c5cc33306752a99016347717fb1f3d161195ea4e9e14a13081187cab211b
P1731,Krishna,M***,34,M,kr***@rediffmail.com,XXXXXX0347,6c1f7d957a183035da545d8000fb6ce7dedd15cb0f182996cf59cac5cf4c64fb
P1732,Ira,R***,54,M,ir***@hotmail.com,XXXXXX2746,cf5862bfbbf7923024dde488ccc89d331d921f8d5f9f1e351921020f34fa1fb3
P1733,Anika,N***,3,F,an***@rediffmail.com,XXXXXX6188,824039e273874817fe2795afbec1b5aa561ebdfab781d5e578f0597dda1e35c9
P1734,Aadhya,N***,50,M,aa***@yahoo.com,XXXXXX8806,3a8e3fed31109b6aa265a424c99e1298e70b7f6643143006c2003508b087d11a
P1735,Aarav,K***,12,F,aa***@hotmail.com,XXXXXX0669,6f3baab5bb7ec27243f8ca111063100759e8221cf3d9c44a105df5f543b90c15
P1736,Aarav,N***,65,F,aa***@gmail.com,XXXXXX6113,b14e7e4ec9a033731aff3bb5f0c91ff2be2e8f594cc2ad7cde8bf60cc7065501
P1737,Ishaan,C***,54,F,is***@hotmail.com,XXXXXX1677,125bde05258e455bc1adbbeacf05071ec83bc43768b953a1762dba8ab6e0722e
P1738,Ananya,P***,5,M,an***@yahoo.com,XXXXXX2191,6807be21fed37c1ff50792b168653bd1c365db24da9ef5bc07898d9f2f51a9f1
P1739,Sai,P***,57,F,sa***@outlook.com,XXXXXX9713,80cfd476d89d13157826a66b201740dc2d14c529c69fcadbf0d3e314031f2e98
P1740,Sara,C***,17,M,sa***@outlook.com,XXXXXX3910,615215556793178d3bb646527a29e255d818a4214548a77fad6519a1499bba4b
P1741,Anika,G***,47,F,an***@rediffmail.com,XXXXXX1742,20ea4ef8265597a13e28f23d934c1c83b47d8075a9b6afee5b5f7780884bcc95
P1742,Aditya,M***,23,M,ad***@hotmail.com,XXXXXX7447,29b97e82822780e1e8afaa536bf7dc2306e7223646116805ea1858b969a1b329
P1743,Saanvi,M***,79,F,sa***@rediffmail.com,XXXXXX7244,d6dc5030d4021b39e4f5be9d9f91b4ef92bdee6ec6b6569ac88ca289a20f9af4
P1744,Saanvi,P***,85,M,sa***@outlook.com,XXXXXX3824,c3677613defd6e143d1c660e71f0526abbb9d6c1a158a831db1af7eb3bd38c9a
P1745,Muhammad,K***,14,F,mu***@gmail.com,XXXXXX9319,2c92d633bd6cc5f7e9ce5c9517db8535fd0d28fc8ed885c71d76bde807a1da76
P1746,Aarav,M***,66,M,aa***@outlook.com,XXXXXX5891,17d8c5d17bc37567989ff47433eb37655dcfd521d9f934adadfcd0371a42a425
P1747,Kavya,J***,75,M,ka***@gmail.com,XXXXXX7317,7567da9bbc1cfae161a1dea260bd78c11ad604ef1a6c40c77a8ab22a257dee3b
P1748,Sara,S***,51,M,sa***@hotmail.com,XXXXXX3959,7ec0ba61e7592167666b0d33b10102b47368eab376ececa93472af87ea0793ad
P1749,Sara,A***,38,M,sa***@rediffmail.com,XXXXXX4202,05ffb742a61c4843b78812618f04ae362d816da747b13992d2e01f98a447c4f6
P1750,Ananya,V***,64,F,an***@outlook.com,XXXXXX3535,2e31f04ff6e00e0246e12b227871a1ad1bb316d2d058fad27b600f6f60f55a89
P1751,Sai,R***,38,F,sa***@hotmail.com,XXXXXX4119,44dd4befff5b34cf25fc1b53a3c420163e06342d54a3833c15932fd21d9335a3
P1752,Ira,S***,50,M,ir***@outlook.com,XXXXXX4256,f4288e7e855eeefdb9855c5dc1ffa3cc76689ad2acf4c56601e99fb2c6c15b2a
P1753,Diya,R***,82,F,di***@hotmail.com,XXXXXX5743,cde1b6cb9be265ebbf43b012a27aa7717d9a34a50830c08369f65e5045341571
P1754,Arjun,G***,30,M,ar***@gmail.com,XXXXXX6530,dcdb94498544ce31d45bd1610e135f27815d7c6db1d44b6606a2d0da5039c4a3
P1755,Reyansh,V***,79,M,re***@hotmail.com,XXXXXX3403,8290da15b41e936dcb68d8810da2a148319a4ad72886ae9c4f231a66cb92ed64
P1756,Ira,N***,51,F,ir***@rediffmail.com,XXXXXX6473,4e19b5df1206894eed02c257efdca62c8a581949352d25bb03f8b4e45b3d0576
P1757,Anika,G***,63,M,an***@rediffmail.com,XXXXXX3993,ce1772f5b6bb86a5d59b24b5178c6c1aabb925c066a066ccd28d8705ba93b940
P1758,Shaurya,A***,52,M,sh***@rediffmail.com,XXXXXX7238,6d66facbf38290e6b9b02be0c8c80395e50f9709632dbe5d80e55849480bd71a
P1759,Vivaan,P***,38,F,vi***@rediffmail.com,XXXXXX3943,2d5ec1c1c57ebe4f769124f089686b69e5337a5c56579ba942654b5aa5090961
P1760,Sai,A***,88,M,sa***@outlook.com,XXXXXX3255,4996c1d46d0362843b93db68b44ce05796bcb3c905f42fed27ec2e8cca8b1fb5
P1761,Myra,J***,79,M,my***@yahoo.com,XXXXXX6972,4c314669e588c52c6a07563d435bc0ea04e5470b875257eff12a1384a190a57c
P1762,Sara,N***,30,M,sa***@rediffmail.com,XXXXXX0057,98512320957d707f7508f81ea4d35bf737d4e55b9537017ecc078de444080313
P1763,Sara,P***,51,M,sa***@gmail.com,XXXXXX8560,e9fcbcebd823978c1239219c264c840f5a256c0a59ccc23121a65fb31c8ed39a
P1764,Myra,G***,81,F,my***@hotmail.com,XXXXXX9023,bf7a9aa53ae2e57dc1caca22559e0eb03a00eb4847ea5c62cddc3073aaa7164f
P1765,Saanvi,G***,5,F,sa***@yahoo.com,XXXXXX9088,1a9c73cf4d86395c9472a2246f3225766c8967ac723c1cb3cbd57e9764b1aafc
P1766,Ira,B***,29,F,ir***@gmail.com,XXXXXX4681,c888bc197f0a9ccd47bb1231267ee59c0a44615958d3e4049f15f145d935eb17
P1767,Sai,S***,4,M,sa***@rediffmail.com,XXXXXX8074,2843e4eb6fd2399cc85ed601c18886041b93335ee29dd0b8d2ab27250a10c267
P1768,Krishna,G***,10,M,kr***@gmail.com,XXXXXX6405,2af7707a78f760a85690352b8919c0e18772cc7efd9233a51a7a67e795ca7ec8
P1769,Aditya,G***,56,F,ad***@yahoo.com,XXXXXX7000,98980555efb27dcf6f6ed31a33482e07adc2bf7f7b8dce501c2a556e410ec40f
P1770,Myra,M***,17,M,my***@yahoo.com,XXXXXX5620,0e9383309f2a60a72c302890e9b92d9777723270c8aca21042bd53b347ab970f
P1771,Kavya,R***,74,M,ka***@hotmail.com,XXXXXX7184,44b97421d0775315cf7a69d6f2fe195995526a687ee137f77bb9d4d1db8c11e3
P1772,Sai,C***,17,M,sa***@hotmail.com,XXXXXX3896,574da37515534d7c926d165505fd177cfece041843ca7f945f1c323f42d193db
P1773,Saanvi,S***,84,M,sa***@hotmail.com,XXXXXX8571,04dffdc55c69d3a8c05028a30d33a79b737e3ac97017851f0cc6239cb4bee322
P1774,Aditya,G***,88,F,ad***@yahoo.com,XXXXXX8542,377711e7a7c0acab43b44da4f5191e4d1565b4333b748e300e8d1312a5db4186
P1775,Kavya,D***,69,F,ka***@hotmail.com,XXXXXX2258,4863140f562e34af0a577c7717ea4cf597bfc05efa2f26901b75f1adda0fe4a4
P1776,Ananya,B***,34,F,an***@rediffmail.com,XXXXXX2289,542de9c3ed10213e3baf705c9a734eeefdba84444e337a8f805e0e3fb54e92c2
P1777,Arjun,S***,6,M,ar***@hotmail.com,XXXXXX1597,4aa09cff60077fbc51892cb6f99a87cbed90070a0695bab10232cd9462639b68
P1778,Krishna,V***,53,F,kr***@gmail.com,XXXXXX6140,c9f9ad1fa70fd0ea6eead332e4435555f0a7fb16ded8d00ff40c47fde5fcaa58
P1779,Muhammad,N***,66,F,mu***@rediffmail.com,XXXXXX9789,ed6d184bc85181055f01454eb27880941197d765799215556d224c8e0c699874
P1780,Reyansh,N***,77,M,re***@rediffmail.com,XXXXXX8933,beb82f5eb71a1029df41bb20e77983152ed8cdcb90786e1ff15cc69b41646df2
P1781,Arjun,S***,43,M,ar***@hotmail.com,XXXXXX2642,ac79f4bd89c4dd3235d992e06a1682bcf5667e4640f5a9db5a8814b1407f5dbc
P1782,Sara,N***,75,F,sa***@outlook.com,XXXXXX4290,75ad28d6a18e2e2247b7fb98166f3f8796b26d88df20066a2374826b9533fda6
P1783,Anika,K***,23,F,an***@gmail.com,XXXXXX1918,dc9b632af343af7c2e05a64b1a5314d858817186f7c8f90de090b9699b03a159
P1784,Ira,K***,55,F,ir***@hotmail.com,XXXXXX5234,d1941e8a91c7dedb0623bc694086757b1df2aa5b039867d60581857ce0e319e6
P1785,Aadhya,K***,80,F,aa***@yahoo.com,XXXXXX1420,cc6744f39004d4ae79c1de7831ce75a72de27acd7ad8dadb42b4ddd28911c806
P1786,Krishna,V***,75,M,kr***@hotmail.com,XXXXXX1325,16e20e4de286dcfcb97f339ec171c3b2925b14f0bc3118b6d19e52f034d025b6
P1787,Reyansh,M***,16,F,re***@gmail.com,XXXXXX3612,87b3b21f751520e3c28ee13d73b157387249f576444846f1ca854ae2946def8d
P1788,Reyansh,M***,8,F,re***@rediffmail.com,XXXXXX9366,0da0cb2fc8b3fc4eba256f51e3ae1169beeaec5a8e6e6a504183a4b53d106be8
P1789,Anika,G***,4,M,an***@outlook.com,XXXXXX6021,af90f07a398c4129bfb181e5612e198d1540f4c2cc400341a3336c5026924046
P1790,Sai,B***,4,F,sa***@yahoo.com,XXXXXX7395,1476521c88a07985c5e19661fdb1356f6c8991e06a725e32a91f47a44d05b1ba
P1791,Ananya,J***,56,M,an***@outlook.com,XXXXXX5166,2c5e9a3b8b46d547bae1feb99d7b1ea1aedb8381c448d2524012e92595a5241c
P1792,Ishaan,C***,25,M,is***@rediffmail.com,XXXXXX0063,12b74c46ee8610f81f413e2f51c0895fdd72c7836c81ed1318db57b0bff15bc5
P1793,Anika,J***,67,M,an***@hotmail.com,XXXXXX1740,da8e4cb5b871da6d14cf3cc833a5a334778fbbbceab70f692a791edb48a89c58
P1794,Krishna,J***,67,F,kr***@hotmail.com,XXXXXX1695,ec4ab477fe30d414d25aa6126b2636f54ba4480a735cf6757f4569995f335646
P1795,Sara,C***,27,F,sa***@hotmail.com,XXXXXX5063,0f9fea4fefa46122138e9ba4936355f83850e20a2ae13673216eb49df63215d9
P1796,Diya,A***,32,M,di***@gmail.com,XXXXXX9566,f3a6c1e77ba7548a945c64c488bff7a2fed914ce12b7251f0ca2341a99e7c62a
P1797,Anika,J***,50,F,an***@yahoo.com,XXXXXX1347,919351c5babdcc70ab2aba75457bc7bb120ac4148c52bdbd1b28fd49eb9209b3
P1798,Aarav,M***,61,F,aa***@outlook.com,XXXXXX4710,d8584f94027bc44b073dd27d57b91a49e339428ebb828d3e218688adb8302236
P1799,Muhammad,S***,51,M,mu***@outlook.com,XXXXXX4224,8e59c24bd9105603c8f0b1fcee9edb30fd270529afbeaa80122006186a3d0a0c
P1800,Reyansh,J***,19,M,re***@yahoo.com,XXXXXX5515,4909a7886452ce7e7951b1ee6b0ea4d84a1d2801ee99b5386225d98543012d37
P1801,Arjun,S***,21,F,ar***@rediffmail.com,XXXXXX8632,ffbbca6e67734c2e3d896d592106e763d8c0b5b10792fbe5ae44527c27f27636
P1802,Myra,G***,5,M,my***@rediffmail.com,XXXXXX4141,526b528cd8bc12474118a2a6b6f53d207850c25cf49fc91d36cb8536094ece31
P1803,Krishna,S***,82,F,kr***@outlook.com,XXXXXX0563,ae44b8949e9a3e17fd68ce16c121eeca3e17462cc111659508871b5284d6c876
P1804,Muhammad,B***,42,F,mu***@outlook.com,XXXXXX2930,007fee4561ae91072a51947db8c5055ab7b2b15abcfb57bcf5db240b783ff626
P1805,Kavya,P***,61,F,ka***@yahoo.com,XXXXXX5965,826e2d54eff561ba12b8a2911c4c7bb072fe14bc125fc6400b1b3c06774a989e
P1806,Sai,G***,22,F,sa***@rediffmail.com,XXXXXX2034,4888c8dd640c675b9a5420c5ed00d9fc34db96c52abc737959b26c3349a358c7
P1807,Aadhya,K***,21,M,aa***@gmail.com,XXXXXX8145,15e473a34cb4ecca63452979d13849991b5e9c96bc07304b97e2c48ea04e7f93
P1808,Aditya,J***,70,M,ad***@outlook.com,XXXXXX9993,dd14a5d7adec1b00962a0010b64345f78d91c566e3aa432ff60fec7aa249a381
P1809,Diya,M***,1,M,di***@gmail.com,XXXXXX5514,6b805b816921d5c78cf10760c6dfa7596104460c944ebe856bd0b381c76dd02b
P1810,Ishaan,N***,5,M,is***@rediffmail.com,XXXXXX6236,5b047513f42568058c0a74f0aa029b5bf80fa040750d3f86663e11e2aae1c06e
P1811,Muhammad, ***,12,F,mu***@rediffmail.com,XXXXXX7051,d4af1ba135669321d350ed725a7af950625e56146ee5640a11b0ff88dc871b06
P1812,Muhammad,P***,46,F,mu***@yahoo.com,XXXXXX0681,2a1e9f52e0499201e74d294e8824948b648e038719b1dc2c8064ffb0b76770f6
P1813,Kavya,J***,34,M,ka***@hotmail.com,XXXXXX5954,b63668286d324ae8c79c815b4ebcc9cf87ad6916bdcb762393fbc6b43a152bd5
P1814,Reyansh,P***,49,F,re***@outlook.com,XXXXXX5575,fbed8e8e06a727302995ca799bc695d98067a815ab738a857f3fd21ae52c2031
P1815,Myra,A***,78,F,my***@gmail.com,XXXXXX6885,9d8de516faf68c97396eb3c818ba52e8c2ad7ef06efe0f1d1e349160549ca09c
P1816,Shaurya,J***,45,F,sh***@gmail.com,XXXXXX3760,34cee656347642bf188d1c1ebff330773f12e99445d7b5efc7d5777bf25084e8
P1817,Reyansh,P***,27,M,re***@rediffmail.com,XXXXXX0534,dce3d61ed7f4fe2e86369ff451c80e3da3ad1e76dbdc76611904747f95f5a526
P1818,Aditya,D***,73,M,ad***@hotmail.com,XXXXXX3476,5496438b55fbf19d503e9ee0c9601642bbbf237e2c794588594cce92de4c6d92
P1819,Vivaan,J***,26,M,vi***@hotmail.com,XXXXXX9588,a3c2c768ef24185987cdc7870db3d3a34b6df9ef181bc0271a1cca643c1134de
P1820,Myra,B***,47,F,my***@gmail.com,XXXXXX3004,b19c1c38f11b85cc0465b104b1676f432eb8a580b8320deff514f08ddc2ca795
P1821,Aadhya,P***,86,M,aa***@outlook.com,XXXXXX7727,60f536d50101aac6d02674d79bbd3b0c6baa35691d1cd2e3c7cb4e6e5f77c1f2
P1822,Ira,A***,56,M,ir***@yahoo.com,XXXXXX5531,462b63af189689878fa5b73a9552959b8f54e5b98c714fcae8cd22a4df798b82
P1823,Reyansh,B***,63,M,re***@hotmail.com,XXXXXX0594,00375994ec55a4738a12445b1ed2e4d47cc671093f95a9417cb05605258d65aa
P1824,Ira,A***,48,M,ir***@rediffmail.com,XXXXXX2212,169e65284e0739cb1cd6d694ed9e265f8b8f4460c5c2848eb40bcdd80ce8b61f
P1825,Ishaan,I***,61,M,is***@outlook.com,XXXXXX6943,13d9f5e8e7271fe5a9abd5e8441b9e60d0ae020a6d16a0db50000064b9cdb5ec
P1826,Ananya,A***,81,M,an***@gmail.com,XXXXXX1192,bd84e92914f57644b2244fe8fcd8af6a8250b04d6a7dd158ce8e4e88b087cd67
P1827,Ananya,K***,26,F,an***@gmail.com,XXXXXX8471,3fa83970406c24fc78349c5e95b7d132bed8f87df484e2bd4248a820b2dbd830
P1828,Reyansh,B***,36,F,re***@outlook.com,XXXXXX5388,037e594e3c9a1f11d607219a3ade1256107afd2a647b4ad4671bc3e47cb76b49
P1829,Ananya,R***,1,M,an***@rediffmail.com,XXXXXX1709,cc6ec9d306e6d8ecaafda797ed53255d72dbc29579af6c68a9bc0a5aa6a696ae
P1830,Myra,J***,8,M,my***@outlook.com,XXXXXX0065,ba87fda435e6880140cb1aaa4597807a3a99ed5bcb5314713f4140e9acb97ca3
P1831,Diya,B***,52,F,di***@yahoo.com,XXXXXX3849,7d88bbf8a99f62e8d9c2b74b9c62efa1b87ab9d302d71c926189d71090a7d425
P1832,Kavya,B***,79,F,ka***@hotmail.com,XXXXXX7289,077bf2fddfdf7a42e0153010946c147f02ca5aa27db5894954b44b4ed837eddf
P1833,Aadhya,D***,47,M,aa***@yahoo.com,XXXXXX4854,609fa44d8830d1610caa29586bdd28b66b76aaf17f8785961c7ddf0ab28da9a1
P1834,Riya,S***,56,M,ri***@rediffmail.com,XXXXXX6903,1a9a7568761a639743588a7c34a082ba02f27b5a99d735212f653a2a1a793927
P1835,Ishaan,N***,86,M,is***@hotmail.com,XXXXXX7726,fc8d50eeb1d4f100717357893ef8adc016fe52bc4434294a6c2e35c21036cded
P1836,Saanvi,C***,14,M,sa***@outlook.com,XXXXXX6189,abfad1bb2a35aca832855816b668ce20cad52b3c29fe41fc0271fffd89bbad17
P1837,Ananya,G***,28,F,an***@hotmail.com,XXXXXX1535,00f3f20056109ce0bd5aa9a3f8e3f32ef8deb77401263009a3e50d40bf3add92
P1838,Ishaan,K***,87,M,is***@outlook.com,XXXXXX0167,b4739e96ef51ce91aaf40415066d2d166685b9c40f52b9125ece35ddc2b40d6e
P1839,Ishaan,N***,78,M,is***@yahoo.com,XXXXXX1690,1aa8bfbebbf5feba728b7518cf38a479053034ca46df6e6d0c0eb3722fd0074f
P1840,Aditya,J***,88,M,ad***@gmail.com,XXXXXX5512,e1fbc4acffee587d2d717fcb1d0704cdee45bc314efe3b01ef548ea714ebbf3c
P1841,Diya,D***,2,M,di***@hotmail.com,XXXXXX1584,c309f9ed5572063376863c2a87c7addd45a50311726f389cee8922efdc28375a
P1842,Ira,B***,26,F,ir***@yahoo.com,XXXXXX0042,066498aca94ba0ca78fd5fe5ce16e1ac64a34abd05361159d6d8826b71c7f2d4
P1843,Vivaan,P***,14,F,vi***@rediffmail.com,XXXXXX3949,beda29e250ec0fddf6db9fee3665cf7048ac4fe5eada9847326076d9045a344c
P1844,Vivaan,P***,59,F,vi***@rediffmail.com,XXXXXX4641,7b301a07d8022fcbaf92006f9790e4e5c3d0302bc06997b2e3548e54dd841738
P1845,Aadhya,S***,56,M,aa***@hotmail.com,XXXXXX1850,d64734b6359744c6e69ce861373a126d62bd1185c9af1c9c6ae0e5b7b4bc0d03
P1846,Vivaan,V***,7,M,vi***@rediffmail.com,XXXXXX0238,0872a0fff17f75c097bb7780855746a8e48a776288391dd8a2f165e78b3f989b
P1847,Ananya,A***,3,F,an***@rediffmail.com,XXXXXX9762,957569d431e433cfe96cc153610b841696ffd19338901d4c590e12ad8088d332
P1848,Kavya,R***,23,M,ka***@hotmail.com,XXXXXX4623,e55bec97bfa513872751f1f0d86736706bc438c42761b16b9df9b2c70dfaea03
P1849,Anika,N***,18,M,an***@outlook.com,XXXXXX8711,e053b32de0f0fa124fe52cf4d1d9c8802b868b08d4e24cf441f5904be55557bc
P1850,Aarav,A***,38,F,aa***@outlook.com,XXXXXX1423,bd4b51657d2b5e1a44e14abfff140cdde319b1825d74851aded542bc391d3160
P1851,Reyansh,P***,15,F,re***@gmail.com,XXXXXX0532,022ee7a7770cfbc0a4455e496b00c638584f5b84c5adbe9267a29f23fea968aa
P1852,Sai,G***,64,F,sa***@gmail.com,XXXXXX2752,2d0fd110afa50e02fb706452d3f3c4359ac5100a69f7c612a6eb63e74a359385
P1853,Diya,A***,89,F,di***@yahoo.com,XXXXXX8441,5ed6fea9e2bad332ad86bc024a0f80c538c10b9dd5ff96ef2ce43fa784d37d8b
P1854,Kavya,B***,28,M,ka***@yahoo.com,XXXXXX9665,456d06e3218c900ce8a4a82d9e4bd14b384faa54c41633fd2e39c7d78ad30ac2
P1855,Muhammad,N***,74,M,mu***@yahoo.com,XXXXXX8081,664b37f5eaf3e2901b9d7fd53a8e9d1a65951e1f9862b9aca3a49a260efdcf84
P1856,Diya,K***,39,F,di***@yahoo.com,XXXXXX3440,0a664d22e287a58da712987dac383388ba6166ac345e201221356a303cacb4c9
P1857,Ira,K***,57,M,ir***@gmail.com,XXXXXX9890,ac38fc9d94c2f0ff21660652f58c064a9c24e23591583147fd1bab6d633bdd54
P1858,Myra,G***,17,F,my***@hotmail.com,XXXXXX0359,281f0bbdd2b0f9d4c567017b90f23b5a80514ea0e5b67cca4557adb54cdd8459
P1859,Shaurya,K***,86,F,sh***@rediffmail.com,XXXXXX3093,8b3cd10a067568438e95896feb895472310215a42dfebb7972250eef78d1e141
P1860,Sara,C***,44,M,sa***@yahoo.com,XXXXXX8307,394173bad5e482fc1daf2ed2fb990f65c790011737bacb2c2378cff1aac740b3
P1861,Ananya,M***,25,F,an***@rediffmail.com,XXXXXX7448,5f99d850f49c28e4c09611bae50a0106bc088b217bc44d148300a97b624ac63b
P1862,Diya,J***,17,M,di***@rediffmail.com,XXXXXX9944,1565f7389b441a27fb34dfc385805a0337fdde3104059af76db9117a7773ebcf
P1863,Diya,A***,13,M,di***@hotmail.com,XXXXXX8259,eb0828d06f2f89d3cbaec66da566f34e3a4932ded73da4c03aad82fa181e730d
P1864,Anika,S***,84,M,an***@rediffmail.com,XXXXXX6848,149156d956f955d1d4e0da3be95c070a9d981ece795b0bb0c1ee963dbda05d7e
P1865,Ishaan,M***,25,M,is***@yahoo.com,XXXXXX1549,cc7df9a6e97344aa4d063c16330b7e167ba7f1b9e4ab06cd80f35f089c5452cc
P1866,Ishaan,G***,68,F,is***@outlook.com,XXXXXX3453,ba5d8076e8adf37b4bb17f0f609cf092807ddd52e6a389fe2a7feb2a1fb40839
P1867,Kavya,D***,10,M,ka***@outlook.com,XXXXXX4359,5f8fc016512a111f7537872c036884a64009164312edfee0698b615c50cc43ad
P1868,Myra,P***,67,F,my***@gmail.com,XXXXXX8281,b7baec84190c4da2124c2a51fd968e5b47508020ebb49dd364b26a2826603061
P1869,Ira,R***,18,F,ir***@hotmail.com,XXXXXX4753,3d08f584480a58cc0adee5d9c6aab9d09995e7d82669fee470eb9dafa79a60a3
P1870,Reyansh,P***,86,F,re***@hotmail.com,XXXXXX7767,2c6ce05d29cdbfff03d348e47bbfbceb3ddc15a469c6b04e6b2d04d30b7407e4
P1871,Ananya,K***,34,F,an***@yahoo.com,XXXXXX9054,5070bd3d0a0696bf470d273141ffdf8370fe2fa9ad5886b3b06bdcdc7040e55d
P1872,Krishna,J***,8,M,kr***@hotmail.com,XXXXXX8755,d57ffa1704ee050e6d7b0503f5f3b085bf7ecb935a0c1e666e0cdda64e5f734e
P1873,Shaurya,R***,40,M,sh***@rediffmail.com,XXXXXX3551,2ac493e3562d1b00738240dcb9815dc2f87d5a98cb8af33404e9ea96df9d2f11
P1874,Muhammad,N***,83,F,mu***@outlook.com,XXXXXX2200,dd6f77e91a77c179ae359f9f7de1d70fddde9185adccfc351a03010fb8b0702f
P1875,Ishaan, ***,42,F,is***@rediffmail.com,XXXXXX4355,3040282dfa7f23b63993e8d27546c15f8bb08adfd7306a22bcd06aa4f2de5e97
P1876,Arjun,G***,41,M,ar***@outlook.com,XXXXXX2690,6cecf6d86efede3696ca873d90c360eae9204b0c8600114f3a4731c437e28da2
P1877,Ananya,K***,6,F,an***@gmail.com,XXXXXX5640,fae82b72bf1999c676535f712e9c32a0906c8a04dc5891471a88f9a7a42743f6
P1878,Kavya,S***,52,M,ka***@yahoo.com,XXXXXX1319,9113d03ce2efc2ff862dd8957db70a5e5bc095e71674fa7367888a8339c31d0b
P1879,Arjun,K***,26,F,ar***@yahoo.com,XXXXXX4873,cb887778d25fbd0133ea7de7ae69fc9b1a6cd79bba53e4958b171006b0fd4509
P1880,Reyansh,K***,64,M,re***@gmail.com,XXXXXX3412,e77f78f606a5fff70b6b7923daac92586efa735b9f5daf97fe275af14ac9936f
P1881,Shaurya,G***,59,F,sh***@hotmail.com,XXXXXX5950,40ccaeb1b855d00a8101b2a4995bc425d9655191ebf40a6f2b38a2584e6c3413
P1882,Krishna,G***,56,F,kr***@rediffmail.com,XXXXXX9026,ba9a913596fb0f3dffd058bbb67d301dba9fffc84f288d719c9c54a3536f322e
P1883,Riya,C***,59,M,ri***@rediffmail.com,XXXXXX6186,02f27614925024b57fbe6b309747f28c530348afbd10d18ad04dacd50eeeaee4
P1884,Ananya,C***,70,F,an***@outlook.com,XXXXXX6573,73265e0eb7d564e50d6abd83e7781366ff5e6370ba458807ac7b5b7059f7d378
P1885,Ira,C***,33,F,ir***@yahoo.com,XXXXXX4107,7393ab5296812081040ff980c92277a461c20ed96817ef6e1231eb921d622143
P1886,Diya,P***,53,M,di***@hotmail.com,XXXXXX0042,bedb5db4982ca36987d966b9f4ebc1627de53f3e594d834034deb89103be1a4c
P1887,Ira,G***,22,F,ir***@yahoo.com,XXXXXX5406,69972d4428c04f68f97f0eb121387f6366a73159c0e500fb1cf99f0055656b8e
P1888,Muhammad,N***,21,M,mu***@hotmail.com,XXXXXX7507,4f95fec2e6bb5a546e5ad22b8ac27619cfe16b77f20d891dde69c2374f6b9200
P1889,Aadhya,P***,70,M,aa***@hotmail.com,XXXXXX5986,257e320d6a08206b388bc786501288de029d895011bacbf3894c2550025ab418
P1890,Reyansh,S***,70,F,re***@gmail.com,XXXXXX6275,c37220d8d4c4d7753c95a68004968c018a3a68a28dbaa5ba7e7de2c88b8f2223
P1891,Shaurya,B***,4,F,sh***@yahoo.com,XXXXXX5469,8163c14057cea288b8e3edc7150c3f277ef49aa8d440a14a8ff4b5a2b70f2ea9
P1892,Aadhya,M***,75,F,aa***@gmail.com,XXXXXX6877,c2e59403d71b2cfa57fa45a9eaf6ab19c64e541e1b6bc2ed94e1d080cc683874
P1893,Ananya,N***,62,F,an***@gmail.com,XXXXXX5151,5d4cb2d7cd03e077c297828e485d2ecdaff534a0e08897ea133d9634d570c82b
P1894,Krishna,N***,62,F,kr***@gmail.com,XXXXXX6118,fc12037e0d58e6e6e71422e8ca38b019bca368d34838c26342684075aea9489e
P1895,Riya,K***,24,F,ri***@rediffmail.com,XXXXXX0074,e5e5c19a71681d89d0d6ba2e48f42d14839f8710aa84cae2a61a0bf8be821c3c
P1896,Saanvi,K***,55,F,sa***@yahoo.com,XXXXXX8745,e001c9e0547819a886ad167a3a565e3194a0a97b1fe17f3811ba6456e687e90d
P1897,Krishna,M***,9,M,kr***@outlook.com,XXXXXX8928,f2c05516ee415b2cc467f01a6f30747dabf8341d6f57de7162a9f44758fae7fc
P1898,Shaurya,S***,3,F,sh***@hotmail.com,XXXXXX0386,7342b58cf92095fae7375605a34f3a03b1da3820620dea5738673c42ebf4c8cb
P1899,Shaurya,G***,31,M,sh***@gmail.com,XXXXXX1137,4bede47af4a73e6204e19c834bcc3fc84855c22600f7f18fe88d0cff19e36403
P1900,Riya,I***,40,F,ri***@hotmail.com,XXXXXX5959,a3d124937940b13a6b5a121466531ad0d8bd88a8d61e38835826263222453eed
P1901,Aarav,P***,36,F,aa***@hotmail.com,XXXXXX1415,eda5d46dcfcc5f916e4afe51bee478e038fd062371992eacb58bd06ee57ceb2c
P1902,Vivaan,P***,24,M,vi***@hotmail.com,XXXXXX9511,556adaa11abf2a354e36985ada4f996d954770bea834a1cf0303aa4027af984a
P1903,Aarav,N***,6,F,aa***@yahoo.com,XXXXXX3742,b2da7ba33d2056f16374f9ac702405b8285236dcfb4bf4d49311d81291308f17
P1904,Shaurya,J***,66,F,sh***@rediffmail.com,XXXXXX4283,5e9d15599dedc2769a3ee1f7b09f908774b79b39f47e29c288f70b222e0824e0
P1905,Vivaan, ***,84,M,vi***@outlook.com,XXXXXX8747,854b3d281126bd942d8acaa275eb39645d9187b5577b0c887f09d9d0666a5260
P1906,Sai,C***,75,F,sa***@hotmail.com,XXXXXX5484,7d9ac4f2d178b02e04d667906c4dbf188b8beb375b4ef84eb75b927f40c5200a
P1907,Sai,S***,4,F,sa***@outlook.com,XXXXXX5498,db06579554e246473326736cad8fb9762748550cde5a283a6d83599b053860c8
P1908,Aadhya,S***,79,F,aa***@rediffmail.com,XXXXXX6016,39c13f10a22d60da281ad32a1c5a5915be966fb22cb878d19cab806db32a8d5f
P1909,Ananya,C***,6,M,an***@rediffmail.com,XXXXXX1903,e2afb8e4feafe47ab00409934af0051ed00c102ada5f44b3d3fb044aa5d0ec84
P1910,Krishna,S***,51,F,kr***@hotmail.com,XXXXXX4444,bfcef192f8cd19c40a2ded0513618aa27763f51027d8630d5e8349b3c62aa454
P1911,Shaurya,J***,62,F,sh***@rediffmail.com,XXXXXX7962,88bd845dc0f85f03a601682d6cb294448ca5aa3da0da7e226721092ca3b1798a
P1912,Diya, ***,57,F,di***@gmail.com,XXXXXX5867,c191b14a555375a2f58aa756bd579a10944ebff8a455ab569a828d920d76393f
P1913,Ananya,N***,66,F,an***@hotmail.com,XXXXXX6118,987859ac4690e276d3c0315c251779bf60f9cc31040c55acec92b6d7de95d358
P1914,Diya,B***,79,M,di***@gmail.com,XXXXXX3248,9a3e38ebe889bb8822006da2f71748b641efa0cc901c588f28307464203e4214
P1915,Sai,P***,75,M,sa***@outlook.com,XXXXXX4209,ad61303fcc8221074c8df4e72bbc2d7f9ced908f418baf18a74cc5dc9da34b6f
P1916,Myra,D***,8,F,my***@gmail.com,XXXXXX4295,b21f6c9d42b08210d1d6125e9dc3774923967ed7a6c1c97ff380be97f2cd67b2
P1917,Krishna,G***,26,F,kr***@gmail.com,XXXXXX9920,a3ccbcc17867cc92e91916f683aba6e2197e4575f628a68d07b6a5094ea0065c
P1918,Ananya,G***,51,M,an***@gmail.com,XXXXXX2308,7c5a6e3c9b52d615a0cc908370ed0abcfff0016ec329658371527a9bb1deaac9
P1919,Aarav,I***,45,M,aa***@rediffmail.com,XXXXXX8262,77fcda74342082de1e4e26fd0f1d8213ee5e8ea53721ebe3e80771facf44d909
P1920,Reyansh,A***,44,F,re***@outlook.com,XXXXXX5140,2f74cc257643e00543c86b362fd38a1f610099ed82b285b358e849d31f55aa3a
P1921,Ishaan,C***,5,M,is***@hotmail.com,XXXXXX6961,e0f65046e76f3d652ab9f5bee190267c810474e56c6fa39a73eb98dae8d86d01
P1922,Aditya,G***,70,F,ad***@outlook.com,XXXXXX6172,2ec9108bf2a374f840b213064012d9b9800a9576497d34ffef3758e5bf337f62
P1923,Sai,G***,26,M,sa***@rediffmail.com,XXXXXX8545,73f62a4b319bf634b20d5b069f70fe14b7dc73d95788471be772abc9048da88e
P1924,Anika,R***,68,M,an***@outlook.com,XXXXXX7670,26c636b87356ff003c40e08b60282711f5c865660e75b3b7a45bd610cef7f04c
P1925,Diya,N***,19,M,di***@outlook.com,XXXXXX2816,92f5a92dc30776d6e02c03146eda0eab144450023fafa4fc13eacf88b2fad07f
P1926,Krishna,I***,84,M,kr***@outlook.com,XXXXXX6858,b73cff3596c438b5e496e28e35772e7076313a494bb7c2c8fe688358540ddfd0
P1927,Sai,R***,20,F,sa***@gmail.com,XXXXXX2199,3dc584f9ef18b361f1031ecd381f370d6ad99f0ab8dfc86ecd361f1447e25d87
P1928,Shaurya,A***,12,M,sh***@gmail.com,XXXXXX8473,e882f77028ca1240187b91e17cdf627852db6826df3cbe36d9dc47652caf95ce
P1929,Aarav,S***,47,M,aa***@hotmail.com,XXXXXX3649,4d97981390db68302c98bedffbd6ad8016373e28a3b1dbb8e24cb36d858dc651
P1930,Vivaan,G***,1,F,vi***@gmail.com,XXXXXX5834,2b29803a16f27b1bed50b9f0d5599b3f0e51cab87a34f13953d52c1c637a1947
P1931,Arjun, ***,14,M,ar***@hotmail.com,XXXXXX0209,053ab559ce7bec934749f42386366f9623e4286eadeec5229ca655ccd2153b04
P1932,Ira,G***,64,M,ir***@outlook.com,XXXXXX2108,a994799129757ccfb3153f9b4b58bbfa909ee7f62b75e8b5a207f549b355267e
P1933,Ira,K***,38,F,ir***@yahoo.com,XXXXXX9456,a693dc753116c43a87df53e9318d296d9def5d925a86652fab16f889f4dc8c38
P1934,Shaurya,V***,37,M,sh***@rediffmail.com,XXXXXX6116,d12ca3c9418919c496f81dcc62efb91123688281116d27ac67696bf336516834
P1935,Myra,K***,11,F,my***@yahoo.com,XXXXXX7747,05185e5b60436cc3955da77ccd1803e1f63a46dd8ec73700414278737e760654
P1936,Riya,V***,77,F,ri***@outlook.com,XXXXXX0123,985a624db5972af12c432bc14afac26e6d8f8f48cb39beafe677d2fe8c1a465f
P1937,Anika,G***,3,F,an***@outlook.com,XXXXXX5036,a649ee8a9392107f408327af34a1c91a03f499ee7375cde09d29e2bf10a46683
P1938,Reyansh,J***,33,F,re***@outlook.com,XXXXXX0771,09bf794e73709fa09f110b2dc922e7fcfcc630ddfd1c089de44dcf3a15d6a89d
P1939,Reyansh,M***,6,M,re***@outlook.com,XXXXXX8439,a035432a3efcf7f9e71d103ba0ed62abbe27164520439ea3a221070c1ecb87e3
P1940,Reyansh,R***,50,F,re***@outlook.com,XXXXXX9762,332fc70931f585886e4b6a5f56d3e55d8a51863c6826b4823630f7d0c2d89230
P1941,Riya,N***,10,M,ri***@gmail.com,XXXXXX3602,820ebde14f90890e8b0c2c2fdd86dcee45f5f127699c6cac0de17d71082034ee
P1942,Riya,P***,5,M,ri***@hotmail.com,XXXXXX1910,752d5e077f72ec3f9fb979a1b1ae2d71529ed1fdb08b1964eca33ff1e833750b
P1943,Shaurya,N***,23,M,sh***@gmail.com,XXXXXX7550,eb6953203dadc424805d249efab56654e9bc9d8031a343493e7179295686d3c6
P1944,Riya,G***,10,M,ri***@gmail.com,XXXXXX7555,3c7f5f37ca520e3e259f19fa5cde9acb9a288d07ca110426cdb55bd3774dbdca
P1945,Riya,V***,44,M,ri***@rediffmail.com,XXXXXX5227,02d3a52cde2284f1d3a9c2285c3f14fa58be7885849081ebabe0f64e7d87ca8d
P1946,Aditya,M***,2,M,ad***@yahoo.com,XXXXXX1106,934a9f7f3b598234dd00e244b4aca2f2f1eab7512ed1a022758916dc0ae69972
P1947,Muhammad,S***,13,M,mu***@gmail.com,XXXXXX1380,8251f2c16657485f665d8e71bf5f50f890b9a898349de5170ba2b1476462d55e
P1948,Ishaan,V***,40,M,is***@hotmail.com,XXXXXX0378,b18671256e77a9e812441ddad7ecc7f46af90d6f986345ad256fd8b294a0ad14
P1949,Saanvi,G***,2,M,sa***@hotmail.com,XXXXXX1333,0ed5c64d61f8c7f12b02edac1df9ac3f4332511aa6dd01585ee992b4a2376c80
P1950,Arjun,M***,84,M,ar***@gmail.com,XXXXXX3480,81673ef0f7e230b02f2f3aaa4a21209c42d9e7b6d3b2f10df5f48af1483849cc
P1951,Vivaan,B***,65,F,vi***@outlook.com,XXXXXX8785,44d29d214af51bfcd27c7cd291ffd4770b7591d0e172936ec2c85d3d56f4f597
P1952,Myra,D***,63,F,my***@yahoo.com,XXXXXX4596,068d660468859d178dc8644d0472ca9f63fc65996d8922febd309a0a6f25932e
P1953,Kavya,I***,73,F,ka***@outlook.com,XXXXXX7590,18091c91180f122716b5325ce0753307d28494992f8f0d061fcca24f7f0e6d4f
P1954,Anika,A***,17,M,an***@outlook.com,XXXXXX1181,45371c4fa6bd5fc9d3963dddb0a3a71024420b6738c3a3c386fb202897228893
P1955,Aarav,D***,9,F,aa***@rediffmail.com,XXXXXX2059,04c13775adc877f46a1a0c79c59f900216f27b76efb898962fd5c8bad4afd5a5
P1956,Aarav,I***,75,F,aa***@rediffmail.com,XXXXXX9395,a48c792b27fac268285b979aa89c44c3e15e552adc50b2e7823341a93c8a99d3
P1957,Ishaan,V***,15,F,is***@rediffmail.com,XXXXXX7845,44f77bf1145404d5f7521033e9a47d7b084e3a8490f6cbc2511e889f7772ea96
P1958,Arjun,G***,24,M,ar***@rediffmail.com,XXXXXX2887,f45c5a2547e377b2b8aa441ee0439f56861c08f0580a56afe33adb714f7fb729
P1959,Sai,K***,38,M,sa***@outlook.com,XXXXXX0101,a219f9c062899e65b06a5ee68ad6a9a6e1f0c2bc8bcaabbe57202120aece937c
P1960,Kavya,M***,35,M,ka***@hotmail.com,XXXXXX8616,050a5260bc8b7a77df5dc8e0c3de849a87d7c92d757d752f56fe4549e5184ae0
P1961,Muhammad,I***,49,M,mu***@hotmail.com,XXXXXX2800,e41db1fa5da3c077157de8ced6592e7a2115c61709d703ef43a0811ef2e165ca
P1962,Krishna,S***,69,F,kr***@hotmail.com,XXXXXX6149,548036dec2491ab9251db67592075e929017684a0a98b93270576a444b5a97f3
P1963,Sara,P***,62,F,sa***@outlook.com,XXXXXX4685,7ee76e8bbed7020f68cf1c4570df30e5dd9f9f06f604d2b5a75eea36f299b6a0
P1964,Shaurya,V***,60,F,sh***@gmail.com,XXXXXX2580,4fbe703f223bbe9e33c152b384b7f4440e13dd8ad84361e84cbe9faebe26edfb
P1965,Aarav,B***,50,F,aa***@hotmail.com,XXXXXX1852,bd0279ec5560afb9d403ec1e9f3defcf0c1a1f4d0b7d135cc944fa6d71308dfc
P1966,Riya,S***,78,M,ri***@gmail.com,XXXXXX9106,49107a14179e2aa2eb58f468b3b6cc7ed75f5e70dbc8f2a09afc109077341156
P1967,Ananya,I***,75,M,an***@yahoo.com,XXXXXX5591,815d1bce75f9c3642431324a2da3ecc3631904ab591c9c48d1d8a3830a566bd4
P1968,Shaurya,P***,9,M,sh***@gmail.com,XXXXXX9607,dd20626b60bf539b94fbe1f85b7c94274863e3581f54bceb913c6832afb3192a
P1969,Shaurya,C***,34,F,sh***@gmail.com,XXXXXX3752,6d8eb173b4d6010f54d43394532af6fa780a41a0882b8358717821c90170fda1
P1970,Vivaan,V***,76,M,vi***@yahoo.com,XXXXXX4153,deefacf187cc5d3f2464da7f1441b6d3ec6d3d73ad796dc3949d81b693c38044
P1971,Vivaan,G***,35,M,vi***@yahoo.com,XXXXXX1620,026c11422e7e66068af5743528d5cccbe0ac1d8465fe41f6c16508c583ac9e1e
P1972,Aditya,J***,1,F,ad***@gmail.com,XXXXXX4025,2ca042849a9d94aec6535a1637b9ea831ac6a093af68b5e8f94ec81724059cc0
P1973,Kavya,M***,40,F,ka***@yahoo.com,XXXXXX4480,dc2b555b92baa6110cae9c13840668b67978f75173e11f5d07bddc911fd306c8
P1974,Kavya,M***,64,M,ka***@gmail.com,XXXXXX6098,b221c4ec9b96bc099a89c4b63c560c0db5c50850dae0b8c929bbad8331438cb4
P1975,Riya,P***,22,M,ri***@gmail.com,XXXXXX0408,2763b9faba19df5d92790a43a4e15abbbc651920dc8890e0bf9a56df3835d09f
P1976,Reyansh,K***,60,M,re***@hotmail.com,XXXXXX6986,d5d7165ab204f4bfc03ac7a4ae3326bec1218fd8dc1e2b8ebe54e6b1d5a57c60
P1977,Shaurya,J***,64,M,sh***@outlook.com,XXXXXX3412,a4e62d2f18c4ec1716589702d7cd29e3678f8a39757ea0fe79d02bda5ae3917f
P1978,Vivaan,S***,72,M,vi***@hotmail.com,XXXXXX1192,953b567dda1c9864cc82325a9e235967737c5fddfab164cba159cbb3c83d9faa
P1979,Kavya,G***,11,M,ka***@yahoo.com,XXXXXX0295,c29fc11a61ceba02532d4f40bf61f1a1a6d53d0093a39169061144398378fccb
P1980,Arjun,G***,14,F,ar***@hotmail.com,XXXXXX7212,aa37139f6849048c4e8fd2958792f001c6272bc2acb5c2c691ff1746c4d9a47f
P1981,Diya,G***,60,F,di***@yahoo.com,XXXXXX8818,df6b7f445a15aad15025ac6d3e977a1174eea591e6055ebc9949c7edade1bbc1
P1982,Aadhya,D***,30,F,aa***@yahoo.com,XXXXXX3389,c31b1b8389131977090708b991c0a6c3e7906a0897181421b89ca9fae70f9507
P1983,Muhammad,K***,35,M,mu***@outlook.com,XXXXXX8137,7f886e319fb0134e960d3a49aa07fef3f029461d589f73aa0dfff3bd411e16ea
P1984,Ishaan,S***,85,F,is***@hotmail.com,XXXXXX8650,4011ea4d2df4d7f88fa0b119ce4dc0b704c5d0591ee0475c4b850fd337514db2
P1985,Aadhya,N***,37,M,aa***@outlook.com,XXXXXX0578,01fe7fb61ba2808a500990cf5db0c07cfd83f560d923e4a6e3cb8ba9509a9099
P1986,Diya,K***,5,M,di***@gmail.com,XXXXXX8394,470ab29fc2d4acf4f9548b2966185fbfb556883bab85df10b4d3e8a14edbf30c
P1987,Saanvi,P***,83,F,sa***@gmail.com,XXXXXX1041,66e06eb24de9085c414dc8c2dde8b55b3b3843c40a81731f4dc3ad727d518c4f
P1988,Kavya,I***,78,M,ka***@hotmail.com,XXXXXX6243,1e1621b7c43a42a90c5694d2fd00fb2512fbe0e3902c2983b1083e95849b5729
P1989,Reyansh,C***,26,M,re***@outlook.com,XXXXXX2352,44c9e3c045b6bb56693f1b750c2566ed1fb34c781714823c22b1809c0b6f8a84
P1990,Arjun,A***,62,F,ar***@yahoo.com,XXXXXX8953,408bb5de22823d0d21c1460c0ffc0916779d0a460b80ee15e6b1b76a3a450cc4
P1991,Aarav,S***,4,F,aa***@rediffmail.com,XXXXXX5354,acd017088865ff4fc15b10e662d19db20cfdc35b908227b419f50ad2bbf95294
P1992,Diya,S***,89,F,di***@hotmail.com,XXXXXX9636,758836bf958752fb654061f4e777c2615a943c45e68c39e04834524526885712
P1993,Muhammad,N***,42,M,mu***@rediffmail.com,XXXXXX0435,390d09719a79b4899443c13c9cffd1cc34b6d1128a8433aa847b3730643764b5
P1994,Diya,K***,89,F,di***@hotmail.com,XXXXXX8553,53e93a05fd30c90bdd4b70bf76727067417fb6f5ba512fb1583829597d76bf9a
P1995,Arjun,V***,18,F,ar***@gmail.com,XXXXXX0502,e9a0ca0bf5f20c24c0880e76c33d131483fdcfa811f39b6add3aae9384e13ef3
P1996,Ira,N***,40,M,ir***@gmail.com,XXXXXX9487,a99bf74d494323fc11a2ab99dce183ff86c0172888154c747feb689fc9b8aea4
P1997,Aadhya,R***,72,F,aa***@rediffmail.com,XXXXXX0262,d30b6054df63061484dcaf9b2619d847d2f2ab7ae47bd53d1e420fbd725e80f3
P1998,Shaurya,K***,39,F,sh***@gmail.com,XXXXXX9851,abf1ca9d3729c1867f6ff5a63989571a6df9474af77af11240db14e7797f0126
P1999,Ananya,P***,14,F,an***@yahoo.com,XXXXXX9290,fcc1c9874b9f34835fc3aa169eccfd1953f43c8f3fa3646cb5f1fa746c95c8de
