booking_id,passenger_id,flight_row_id,booking_date,status,seat_number,passport_number,total_amount,payment_count,multiple_payment_attempts,flight_id,airline,source,destination,departure_time,arrival_time,duration_minutes,is_overnight,is_duration_anomaly,first_name,last_name,age,gender,booking_lead_time_days
B1000,P1591,4.0,2025-06-14 11:37:36.951,CANCELLED,3D,59e7e7738c8711b2f49be2c355b25b9bd41b780392aa2151796e8b52aaa0a056,,,,AI192,Air India,MAA,BOM,2026-04-20 23:05:41.703,2026-04-21 04:04:41.703,299.0,True,False,Krishna,M***,4,M,310.4778327777778
B1001,P1803,11.0,2025-11-02 11:37:36.951,CANCELLED,18A,6a95f336b866dc4d580b61301c1a96016a5ec24e056b4062fcb7eb48c0e14578,,,,6F026,IndiGo,BOM,CCU,2026-04-20 22:46:42.000,2026-04-21 03:13:42.000,267.0,True,False,Krishna,S***,82,F,169.46464177083334
B1002,P1083,0.0,2025-08-25 11:37:36.951,CANCELLED,30C,8d413701d70b517478f82789245fa033726307ec10b14c2c18fc6f6deb940931,8593.08,2.0,True,SJ010,SpiceJet,CCU,MAA,2026-04-20 23:38:41.701,2026-04-21 02:32:41.701,174.0,True,False,Arjun,B***,62,F,238.5007494212963
B1003,P1364,14.0,2025-12-30 11:37:36.951,CONFIRMED,33A,19c4a665e8bc1266b54aee9a9925f0d4179044fbc7be190242d1b89272a91bff,,,,AI069,UNKNOWN,DEL,BOM,2026-04-20 22:43:41.702,2026-04-21 02:29:41.702,226.0,True,False,Aarav,G***,60,M,111.46255498842592
B1004,P1885,28.0,2025-10-02 11:37:36.951,PENDING,25C,d9157c803314e083e13c0307a6e506c2beaa8c6e96140c318f3a5626acdbf658,12222.48,1.0,False,UK003,UNKNOWN,HYD,DEL,2026-04-20 21:41:41.700,2026-04-21 02:19:41.700,278.0,True,False,Ira,C***,33,F,200.41949940972225
B1005,P1548,19.0,2025-08-31 11:37:36.951,CONFIRMED,13D,caabc2281b0da4c39b0a3b311e88f27b268a54a206f841d415910424688d7c97,13378.9,1.0,False,AI048,Air India,CCU,DEL,2026-04-20 22:23:41.701,2026-04-21 02:15:41.701,232.0,True,False,Saanvi,N***,52,F,232.44866608796298
B1006,P1341,16.0,2025-06-29 11:37:36.951,CANCELLED,17F,819d0525b412722fb313faf87f81a43b74df29a993116bd79095a97e202b44a5,14980.37,1.0,False,AI140,Air India,BOM,DEL,2026-04-20 22:25:41.702,2026-04-21 02:08:41.702,223.0,True,False,Riya,D***,58,M,295.4500549884259
B1007,P1838,12.0,2026-03-12 11:37:36.951,CONFIRMED,22E,481f342177d3cec469338517a9902c34973ae3e01e73170d054a2a22e8fed7a7,,,,UK167,Vistara,DEL,MAA,2026-04-20 22:45:41.703,2026-04-21 01:46:41.703,181.0,True,False,Ishaan,K***,87,M,39.463943888888885
B1008,P1406,3.0,2025-09-07 11:37:36.951,PENDING,34F,8c98a8c9d9ef366ea590a63c5fda7f9b38e3d7fd7cc2e1a664b318ac10d81116,,,,AI245,Air India,BOM,CCU,2026-04-20 23:07:41.704,2026-04-21 01:43:41.704,156.0,True,False,Kavya,V***,40,F,225.47922167824072
B1009,P1424,5.0,2025-04-28 11:37:36.951,CANCELLED,33C,16d60fe92f5a58498240b07d1f06756c4004ccb8ac1a35e2805525d1a10f4bd5,,,,SJ158,SpiceJet,DEL,HYD,2026-04-20 23:05:41.703,2026-04-21 01:24:41.703,139.0,True,False,Ananya,N***,34,M,357.4778327777778
B1010,P1743,1.0,2025-11-24 11:37:36.951,CONFIRMED,15B,9b8bc958eb99de8fb7b16058960d026a06b3e7d596f3a18533a6dc3e4ff6331d,0.0,1.0,False,AI155,Air India,BOM,CCU,2026-04-20 23:35:41.703,2026-04-21 01:23:41.703,108.0,True,False,Saanvi,M***,79,F,147.4986661111111
B1011,P1092,37.0,2025-10-25 11:37:36.951,CONFIRMED,22C,2c38e171d27dcd125c6913f4d1c146a8da98219f63f72633e64e7bc3f19ef100,2115.18,1.0,False,AI179,Air India,HYD,BOM,2026-04-20 20:41:41.703,2026-04-21 01:19:41.703,278.0,True,False,Reyansh,V***,60,F,177.37783277777777
B1012,P1847,10.0,2025-08-15 11:37:36.951,PENDING,28B,e6d22eaeb25269dd78b2086a7fbc88ea5604221f886dccec006c8c8cd13d8487,23702.39,4.0,True,AI137,Air India,BOM,DEL,2026-04-20 22:49:41.702,2026-04-21 01:17:41.702,148.0,True,False,Ananya,A***,3,F,248.46672165509258
B1013,P1613,41.0,2025-07-20 11:37:36.951,CONFIRMED,26E,fab85083e9f77799da2810373757ab2bcaba789e60580d046078a73a50453c99,1176.33,1.0,False,SJ001,SpiceJet,BOM,MAA,2026-04-20 20:28:41.700,2026-04-21 01:15:41.700,287.0,True,False,Arjun,S***,62,F,274.3688049652778
B1014,P1411,23.0,2025-09-15 11:37:36.951,PENDING,21E,ce79ecb116713ff5346d04d528e0b69c111ddb29f89f71c7489847f9def6277f,,,,SJ172,SpiceJet,CCU,DEL,2026-04-20 21:58:41.703,2026-04-21 01:14:41.703,196.0,True,False,Vivaan,G***,19,F,217.431305
B1015,P1431,2.0,2025-10-21 11:37:36.951,UNKNOWN,6F,e80647128945b84453cc832b9d012cca149f24816051350fa337a4774bb9f73b,19609.66,2.0,True,UK094,Vistara,BOM,CCU,2026-04-20 23:26:41.702,2026-04-21 01:11:41.702,105.0,True,False,Ishaan,P***,63,F,181.49241609953705
B1016,P1677,13.0,2026-01-13 11:37:36.951,CANCELLED,6A,45ac44b766f544618147856de9f9ccef98e3e4a1cba38f6935f57ff86e03e8ea,23800.77,2.0,True,UK027,Vistara,BOM,CCU,2026-04-20 22:44:41.701,2026-04-21 01:05:41.701,141.0,True,False,Diya,N***,69,F,97.4632494212963
B1017,P1158,31.0,2026-04-04 11:37:36.951,CONFIRMED,13B,f27605d14d86e057ee7d1bb667412de210b87865cc6b2b19d6cf9c9030fc6f52,,,,UK067,Vistara,BOM,CCU,2026-04-20 21:36:41.701,2026-04-21 01:02:41.701,206.0,True,False,Muhammad,J***,42,M,16.416027199074072
B1018,P1013,6.0,2026-03-25 11:37:36.951,CANCELLED,19B,f08afc002842ef6c16197f0905029ce91549bdec0d015e96e30190fc31969a97,2588.63,1.0,False,6F196,IndiGo,CCU,MAA,2026-04-20 23:04:41.703,2026-04-21 00:47:41.703,103.0,True,False,Sara,I***,53,M,26.477138333333333
B1019,P1372,21.0,2025-07-31 11:37:36.951,CANCELLED,19A,451e03d407510f4369ae3ce78672045ebc6e9a3a6fdee26b568e98bb183b3930,18621.0,3.0,True,6F164,IndiGo,BLR,BOM,2026-04-20 22:18:41.703,2026-04-21 00:45:41.703,147.0,True,False,Arjun,N***,16,M,263.44519388888887
B1020,P1224,20.0,2025-12-06 11:37:36.951,CONFIRMED,27B,548bb24f886551bdb139f2dd77f8d6f472d18d3fd99a207204fc30e6ad2c5a90,8150.35,1.0,False,SJ112,SpiceJet,HYD,DEL,2026-04-20 22:20:41.702,2026-04-21 00:40:41.702,140.0,True,False,Aadhya,G***,16,M,135.4465827662037
B1021,P1504,48.0,2025-12-07 11:37:36.951,CANCELLED,4E,a81b91b550af858b5813b47037200dedd33d200c4448b11e296e408de35de8df,6949.93,1.0,False,6F190,IndiGo,DEL,MAA,2026-04-20 20:02:41.703,2026-04-21 00:36:41.703,274.0,True,False,Riya,G***,36,M,134.35074944444446
B1022,P1072,7.0,2026-03-25 11:37:36.951,CONFIRMED,16F,d10b00994471367e9ef55092ad4fdad4c157e38636d7981e73d0271f0f4b9562,,,,AI080,Air India,BOM,HYD,2026-04-20 23:03:41.702,2026-04-21 00:35:41.702,92.0,True,False,Krishna,B***,18,M,26.476443877314818
B1023,P1248,33.0,2026-02-03 11:37:36.951,PENDING,24B,baf43ee0438d2412221049ea57b7cc8ae12e72fb43e4330b1dac75ca683c41b0,13057.27,1.0,False,6F213,IndiGo,BLR,BOM,2026-04-20 21:05:41.703,2026-04-21 00:32:41.703,207.0,True,False,Saanvi,G***,23,M,76.39449944444445
B1024,P1510,55.0,2025-06-21 11:37:36.951,PENDING,30F,93992d112475cbf9a55b714ec62eeec9e22502e58494767bc38df2389738e843,4857.79,1.0,False,AI115,Air India,MAA,BLR,2026-04-20 19:37:41.702,2026-04-21 00:26:41.702,289.0,True,False,Diya,C***,24,M,303.33338832175923
B1025,P1602,42.0,2026-03-18 11:37:36.951,PENDING,1B,1012f26ddc18bc3edf4a8ec464d0c27061f88c4b6af0e1a474b1b4b7e1a1798c,36122.96,3.0,True,SJ049,SpiceJet,CCU,DEL,2026-04-20 20:26:41.701,2026-04-21 00:26:41.701,240.0,True,False,Krishna,S***,67,F,33.367416087962965
B1026,P1215,15.0,2025-06-27 11:37:36.951,CONFIRMED,32C,56b08f0dbe81e0fd17a2f4fcf51d07e3893bf17d4a3de4b43cf344fcd3932fae,13204.36,2.0,True,AI058,Air India,BOM,CCU,2026-04-20 22:40:41.701,2026-04-21 00:18:41.701,98.0,True,False,Ira,N***,75,M,297.46047164351853
B1027,P1972,51.0,2025-07-25 11:37:36.951,CONFIRMED,22A,5739e14cea5a14e268d82ad903d9cafa002c471187ff90bfaf9eb056abc7e070,7503.17,1.0,False,UK036,Vistara,CCU,BLR,2026-04-20 19:48:41.701,2026-04-21 00:12:41.701,264.0,True,False,Aditya,J***,1,F,269.34102719907406
B1028,P1601,17.0,2025-05-25 11:37:36.951,CANCELLED,26E,807a50e4d654f4cea485c6ebd7274f050195fed06f879b3f975a2ea1102d1213,,,,SJ239,SpiceJet,BOM,CCU,2026-04-20 22:24:41.704,2026-04-21 00:10:41.704,106.0,True,False,Krishna,N***,39,M,330.4493605671296
B1029,P1540,8.0,2025-06-06 11:37:36.951,CANCELLED,19C,47899709761c35e8690311381c256b2ace1142579dbfbabbd5611fe4847d60b4,,,,6F025,IndiGo,BLR,BOM,2026-04-20 23:02:41.701,2026-04-20 23:57:41.701,55.0,False,False,Kavya,K***,28,F,318.4757494212963
B1030,P1946,39.0,2026-03-18 11:37:36.951,CANCELLED,21E,d307a6378262c7c97a0e60c8f2f05e982b98a6d02bf77945a704c32d11bcac24,,,,6F236,IndiGo,BOM,DEL,2026-04-20 20:35:41.704,2026-04-20 23:54:41.704,199.0,False,False,Aditya,M***,2,M,33.37366612268519
B1031,P1816,24.0,2025-11-16 11:37:36.951,CANCELLED,1E,62954bcb007746dbaec8db12bda3bb7a0172e448d87fb8570bf3aea1f29eb383,7056.42,1.0,False,AI060,Air India,DEL,HYD,2026-04-20 21:58:41.701,2026-04-20 23:51:41.701,113.0,False,False,Shaurya,J***,45,F,155.43130497685186
B1032,P1938,22.0,2025-09-03 11:37:36.951,CANCELLED,18E,718575c7b7ffd0a23741e5ffd212fb012588f8db1b7b54f2e002d3792df04927,,,,UK021,Vistara,HYD,MAA,2026-04-20 22:00:41.701,2026-04-20 23:50:41.701,110.0,False,False,Reyansh,J***,33,F,229.43269386574073
B1033,P1987,29.0,2025-05-06 11:37:36.951,UNKNOWN,19A,a52d3cb89e597a683b8e4923f892a18b9cc227fa05208424f920f164b5149ef6,17076.39,3.0,True,UK026,Vistara,HYD,MAA,2026-04-20 21:38:41.701,2026-04-20 23:44:41.701,126.0,False,False,Saanvi,P***,83,F,349.417416087963
B1034,P1219,47.0,2025-12-31 11:37:36.951,CONFIRMED,22F,151e90282739e28aa3bcac20bd2620783b9466e601c1ebd3a504fdd82c37fab6,,,,SJ179,SpiceJet,DEL,HYD,2026-04-20 20:09:41.703,2026-04-20 23:39:41.703,210.0,False,False,Muhammad,N***,24,M,110.35561055555556
B1035,P1839,9.0,2025-08-21 11:37:36.951,PENDING,11D,b20f5000d5f6615e42319e1f83503e20184791399b293b54e72a70c98fe7cccb,,,,6F251,UNKNOWN,DEL,BLR,2026-04-20 22:56:41.703,2026-04-20 23:37:41.703,41.0,False,False,Ishaan,N***,78,M,242.47158277777777
B1036,P1726,32.0,2025-11-24 11:37:36.951,PENDING,5B,138ba87501deb785f7f1ca7bf1f15783178fc5b5d828e5f569b9aa7c8bf32d58,5144.89,1.0,False,SJ149,SpiceJet,HYD,MAA,2026-04-20 21:20:41.702,2026-04-20 23:20:42.000,120.00496666666666,False,False,Muhammad,R***,32,M,147.40491609953705
B1037,P1220,45.0,2026-03-20 11:37:36.951,PENDING,33E,f583dd86ac1ab40cb5a19a1a3361bb223d0bfe35d9aef8f50d06436cb0051cf2,,,,AI188,Air India,CCU,HYD,2026-04-20 20:16:41.703,2026-04-20 23:02:41.703,166.0,False,False,Shaurya,S***,69,F,31.360471666666665
B1038,P1388,26.0,2026-01-01 11:37:36.951,PENDING,12D,2269d969b6195ed518ce51572ce2699f9ff19ba2195a691dc4ecb3eb6a2b62b7,,,,SJ093,SpiceJet,BLR,BOM,2026-04-20 21:55:41.702,2026-04-20 23:01:41.702,66.0,False,False,Reyansh,D***,58,M,109.42922165509259
B1039,P1553,25.0,2025-08-21 11:37:36.951,CONFIRMED,11E,f29a77a8a97066be9719ce5f8afac04532cb302ae465eeaa9e72ad183d193d22,24656.690000000002,3.0,True,SJ205,SpiceJet,HYD,CCU,2026-04-20 21:56:41.703,2026-04-20 23:00:41.703,64.0,False,False,Anika,K***,57,M,242.4299161111111
B1040,P1646,18.0,2025-08-08 11:37:36.951,CONFIRMED,26B,bcd1bf6246a8cf6477aa216c1deb2f96288f371bb92207024ee28f4c3b5758e1,,,,6F099,IndiGo,MAA,DEL,2026-04-20 22:24:41.702,2026-04-20 22:59:41.702,35.0,False,False,Ananya,G***,57,F,255.44936054398147
B1041,P1041,59.0,2025-05-28 11:37:36.951,CONFIRMED,25C,86e67dbe9d95297aa5cdd7d7430bac23c7c85f7b1094844241d74ea65dd7c047,23580.18,2.0,True,UK176,Vistara,HYD,BLR,2026-04-20 18:41:41.703,2026-04-20 22:49:41.703,248.0,False,False,Shaurya,G***,51,F,327.29449944444445
B1042,P1675,34.0,2025-12-02 11:37:36.951,CANCELLED,24F,8e2d9b98b2af010a6674cd2be08b1dee592135a6d9f3e13e3d44518d1e531a12,14402.39,1.0,False,UK200,Vistara,CCU,DEL,2026-04-20 20:54:41.703,2026-04-20 22:45:41.703,111.0,False,False,Myra,D***,6,F,139.38686055555556
B1043,P1872,27.0,2025-11-22 11:37:36.951,CANCELLED,8E,af93a48a3274117cf67cda9e45fa3099ebf7c73e5d88b05f9e7bb825909489a8,8291.6,1.0,False,6F195,IndiGo,CCU,DEL,2026-04-20 21:44:41.703,2026-04-20 22:39:41.703,55.0,False,False,Krishna,J***,8,M,149.4215827777778
B1044,P1282,30.0,2026-04-12 11:37:36.951,PENDING,16C,16e174d0fb53c3ef2600c14f80d1b1dbc2b2ea88a664ec0d44404c7f2489a05a,1199.88,1.0,False,6F174,IndiGo,DEL,HYD,2026-04-20 21:36:41.703,2026-04-20 22:16:41.703,40.0,False,False,Kavya,C***,35,M,8.416027222222223
B1045,P1057,35.0,2026-03-19 11:37:36.951,UNKNOWN,18C,fb7a1818d6acdfde779a7d20c0b6a295a36f4307df85ca80e7523565d13b1245,6732.210000000001,3.0,True,SJ214,SpiceJet,BOM,MAA,2026-04-20 20:54:41.703,2026-04-20 22:10:41.703,76.0,False,False,Ishaan,G***,44,M,32.38686055555555
B1046,P1813,40.0,2025-10-14 11:37:36.951,CONFIRMED,2C,ec8af10a02df2459541944cd23a5bc1c5aef5a9bc6b6bf4f0c9ebbcdbbecf36d,26282.309999999998,2.0,True,UK059,Vistara,HYD,MAA,2026-04-20 20:33:41.701,2026-04-20 22:10:41.701,97.0,False,False,Kavya,J***,34,M,188.37227719907406
B1047,P1833,53.0,2025-12-29 11:37:36.951,PENDING,7C,06fc223a46a46707a35e6a4569ecc688e8b1d80c03429bc85488c65cec015883,,,,6F151,IndiGo,CCU,HYD,2026-04-20 19:44:41.703,2026-04-20 22:04:41.703,140.0,False,False,Aadhya,D***,47,M,112.33824944444444
B1048,P1536,65.0,2025-09-19 11:37:36.951,PENDING,18C,8ca1865bfad8bc2ffa1453cd4ace62ef09e95e70ee7716c66e2aa2d21bdbb85c,,,,SJ236,SpiceJet,MAA,BOM,2026-04-20 18:03:41.704,2026-04-20 22:02:41.704,239.0,False,False,Riya,N***,19,F,213.2681105671296
B1049,P1072,38.0,2025-07-28 11:37:36.951,INVALID,3C,3da7675b6ee8e5571bc322267b654bd2caf1032cbce05858694bf247b3d08f2c,,,,SJ153,SpiceJet,DEL,CCU,2026-04-20 20:37:41.702,2026-04-20 22:00:41.702,83.0,False,False,Krishna,B***,18,M,266.3750549884259
B1050,P1884,44.0,2026-01-15 11:37:36.951,PENDING,7D,0d72266c43031d8075a9ca2122f0e9b2a82cdf0c31185daa56e2456ab262f4e9,13350.33,1.0,False,AI220,Air India,BOM,DEL,2026-04-20 20:19:41.703,2026-04-20 21:57:41.703,98.0,False,False,Ananya,C***,70,F,95.362555
B1051,P1922,50.0,2025-07-05 11:37:36.951,CANCELLED,16A,720bfb736136a3f49714ae69486aa3516a34fca8fa71c12b03b2a9c1a7c44c4c,10875.08,1.0,False,6F028,IndiGo,HYD,CCU,2026-04-20 19:49:41.701,2026-04-20 21:49:41.701,120.0,False,False,Aditya,G***,70,F,289.3417216435185
B1052,P1128,57.0,2025-12-30 11:37:36.951,CANCELLED,33B,733cfebca1a82851626f27e20efa6e86b139c080846fc19239d822e20136f779,9827.3,1.0,False,UK209,UNKNOWN,MAA,BLR,2026-04-20 19:02:41.704,2026-04-20 21:47:41.704,165.0,False,False,Diya,P***,35,M,111.30908278935186
B1053,P1598,60.0,2026-04-01 11:37:36.951,PENDING,28B,399a80b00d6a0a5806b1cefc245c3b406657819c79017d6d7fad319c09211dab,7702.52,2.0,True,UK216,Vistara,MAA,HYD,2026-04-20 18:33:41.704,2026-04-20 21:47:41.704,194.0,False,False,Aadhya,G***,39,M,19.288943900462964
B1054,P1841,56.0,2026-04-11 11:37:36.951,CANCELLED,19C,92064bfc79f8368f0179b8de82d8781456f621569b8d34f5014231604f2a3dc1,,,,AI132,Air India,BLR,BOM,2026-04-20 19:32:41.702,2026-04-20 21:41:41.702,129.0,False,False,Diya,D***,2,M,9.329916099537037
B1055,P1425,64.0,2025-10-14 11:37:36.951,CANCELLED,13F,08dbe884a6f408988d6490a34f80a501df250aed0c238ee8e4d692b3b693d6ed,,,,6F012,IndiGo,CCU,HYD,2026-04-20 18:06:41.701,2026-04-20 21:31:41.701,205.0,False,False,Aarav,G***,48,M,188.27019386574074
B1056,P1947,75.0,2026-03-24 11:37:36.951,CANCELLED,15B,f380fadf17567f8778a48f283ec28410a2d8ef3c35823b648832eb4df71bf780,3173.87,2.0,True,UK173,Vistara,MAA,BLR,2026-04-20 17:06:41.703,2026-04-20 21:22:41.703,256.0,False,False,Muhammad,S***,13,M,27.22852722222222
B1057,P1664,36.0,2025-08-20 11:37:36.951,CANCELLED,14F,a40b7e364b4f13f0557857ca6cc75203dc689c4fa8af12869370a73f5ee484a1,12211.199999999999,2.0,True,SJ047,SpiceJet,HYD,BOM,2026-04-20 20:44:41.701,2026-04-20 21:21:41.701,37.0,False,False,Myra,N***,27,M,243.37991608796295
B1058,P1693,58.0,2025-12-07 11:37:36.951,PENDING,8C,f93fc5b8f41c836b896bf9d7b20c5ffc6bbf0f35a4f18571c04f350279b06663,,,,SJ043,UNKNOWN,MAA,DEL,2026-04-20 18:59:41.701,2026-04-20 21:08:41.701,129.0,False,False,Ira,G***,89,M,134.3069994212963
B1059,P1124,54.0,2026-01-03 11:37:36.951,CONFIRMED,23B,932065e04863f4c659e279065df5b3b5fc99642c2f6f90291f1326916fa126a7,10839.07,1.0,False,UK140,Vistara,MAA,BLR,2026-04-20 19:37:41.703,2026-04-20 21:00:41.703,83.0,False,False,Myra,V***,88,M,107.33338833333333
B1060,P1066,43.0,2025-12-30 11:37:36.951,CONFIRMED,11A,05f3d6b7a3517179f6b637c01087312a8eaae27562b862a9f26de0dd2bc6f683,11681.98,1.0,False,6F086,IndiGo,MAA,HYD,2026-04-20 20:23:41.702,2026-04-20 21:00:41.702,37.0,False,False,Riya,S***,2,F,111.36533276620371
B1061,P1005,46.0,2026-04-05 11:37:36.951,CANCELLED,19C,0296cf4c371c103a8f75c9777a19d515d8f20157481c61d628027c01bba7d41b,31579.800000000003,3.0,True,6F114,IndiGo,BOM,MAA,2026-04-20 20:10:41.702,2026-04-20 21:00:41.702,50.0,False,False,Reyansh,J***,83,M,15.356304988425926
B1062,P1636,77.0,2025-06-12 11:37:36.951,CANCELLED,15D,cdfa84a9b9646477d516d38ebc6afa6d79aa71c4737459149388ccd94f0feca8,,,,UK153,Vistara,CCU,HYD,2026-04-20 16:52:41.703,2026-04-20 20:53:41.703,241.0,False,False,Reyansh,G***,47,F,312.21880500000003
B1063,P1313,66.0,2025-05-19 11:37:36.951,CANCELLED,9A,26fe229152e764c4f33a03c4ed954509e4866712a76e13c10746934acb1f2dcd,,,,6F149,IndiGo,BLR,CCU,2026-04-20 17:57:41.703,2026-04-20 20:42:41.703,165.0,False,False,Aarav,N***,64,M,336.2639438888889
B1064,P1325,62.0,2025-09-14 11:37:36.951,CONFIRMED,24E,da6bd392194e07308054e475433f6af7458f9e3a631aaeb15a6abcb45deeb01d,14413.72,1.0,False,UK145,Vistara,BOM,HYD,2026-04-20 18:30:41.703,2026-04-20 20:41:41.703,131.0,False,False,Ananya,B***,46,M,218.28686055555556
B1065,P1564,68.0,2026-03-06 11:37:36.951,CANCELLED,7B,4b8e984326743f031008e8ac68017ce6cd5d936c14192a39ff48ec4a04d632fb,,,,UK010,Vistara,MAA,HYD,2026-04-20 17:53:41.701,2026-04-20 20:40:41.701,167.0,False,False,Saanvi,C***,18,M,45.26116608796296
B1066,P1577,49.0,2025-11-05 11:37:36.951,PENDING,1B,3cb2c86e89a96e355b86d03374a383c704f3c626d6ee69c7516433df53760d87,,,,SJ003,SpiceJet,MAA,CCU,2026-04-20 19:50:41.701,2026-04-20 20:32:41.701,42.0,False,False,Shaurya,J***,27,F,166.34241608796296
B1067,P1825,52.0,2025-07-23 11:37:36.951,PENDING,7F,c25bf736040d96af978f325b73e2f2a38cd64416781667c401b9f6c4c1730ec7,17433.34,3.0,True,SJ160,SpiceJet,MAA,BLR,2026-04-20 19:45:41.703,2026-04-20 20:30:41.703,45.0,False,False,Ishaan,I***,61,M,271.3389438888889
B1068,P1505,88.0,2025-11-22 11:37:36.951,PENDING,23A,4e6c0aada89e3523e1c4cd6c37eda829bbe01cb720cf505c725b4c686c471d84,5274.94,1.0,False,UK224,UNKNOWN,CCU,MAA,2026-04-20 16:25:41.704,2026-04-20 20:24:41.704,239.0,False,False,Myra,M***,89,F,149.20005501157408
B1069,P1081,72.0,2025-08-02 11:37:36.951,CONFIRMED,16E,a62394e2c13ca2315ea394f03b587a3489bef477d9588ca0f4881b23ce4310c0,14992.95,1.0,False,UK152,Vistara,BOM,CCU,2026-04-20 17:24:41.703,2026-04-20 20:13:41.703,169.0,False,False,Kavya,G***,78,M,261.2410272222222
B1070,P1598,103.0,2025-09-22 11:37:36.951,CANCELLED,15D,460fb46958bd358e33d19bf2d0781731e88c4d4ff6bee3674d4da035a45b49a4,5631.13,1.0,False,SJ034,SpiceJet,MAA,BOM,2026-04-20 15:20:41.701,2026-04-20 20:11:41.701,291.0,False,False,Aadhya,G***,39,M,210.15491608796296
B1071,P1001,69.0,2025-12-21 11:37:36.951,CANCELLED,15F,3908c87404af101bb95eb2af92c157053dca2b0c71fc115cb1f977dcd0b49320,,,,UK215,Vistara,BOM,DEL,2026-04-20 17:38:41.704,2026-04-20 19:50:41.704,132.0,False,False,Krishna,R***,15,M,120.25074945601853
B1072,P1203,93.0,2025-08-10 11:37:36.951,CANCELLED,18F,829a5131166353efc36e4b1f9d3ca72ba4d24379164ba1fa6757e3bd9c2eb1c2,,,,UK089,Vistara,BOM,HYD,2026-04-20 15:38:41.702,2026-04-20 19:50:41.702,252.0,False,False,Aadhya,N***,54,M,253.167416099537
B1073,P1661,101.0,2025-12-04 11:37:36.951,CONFIRMED,16A,2f3fda6f401627a4f10cdc01f10605473c1bb1c281f501912116a2d72e2ac3bc,,,,6F180,IndiGo,MAA,BLR,2026-04-20 15:24:41.703,2026-04-20 19:48:41.703,264.0,False,False,Krishna,N***,28,F,137.1576938888889
B1074,P1804,108.0,2025-09-25 11:37:36.951,CONFIRMED,7A,2b7e5c29878ccee9576d9888bbee5ee8f6fab614742d2f5c6c5bd8c80334f512,,,,6F188,IndiGo,DEL,HYD,2026-04-20 14:57:41.703,2026-04-20 19:39:41.703,282.0,False,False,Muhammad,B***,42,F,207.1389438888889
B1075,P1403,95.0,2026-01-03 11:37:36.951,CONFIRMED,2F,5a8625975fd85a292cbd06dbc38d7d26e047e4ae096b728163dd891967ba07b5,,,,UK131,Vistara,BOM,DEL,2026-04-20 15:33:41.702,2026-04-20 19:39:41.702,246.0,False,False,Myra,G***,6,M,107.16394387731482
B1076,P1102,79.0,2025-05-04 11:37:36.951,CONFIRMED,12B,dab6677257e0df4d2575951ff59115be6d0dfa8437c7c2100529a7df0904e3e8,8247.5,1.0,False,UK055,Vistara,HYD,DEL,2026-04-20 16:48:41.701,2026-04-20 19:31:41.701,163.0,False,False,Myra,K***,1,F,351.21602719907406
B1077,P1535,80.0,2025-05-03 11:37:36.951,PENDING,3A,d6789f8b10569f0b1c1a0792e158d54a3618262807fed1ccbfe675bedf73d16f,11261.699999999999,2.0,True,UK181,Vistara,MAA,DEL,2026-04-20 16:44:41.703,2026-04-20 19:26:41.703,162.0,False,False,Arjun,P***,61,F,352.21324944444444
B1078,P1367,110.0,2025-09-21 11:37:36.951,CONFIRMED,1B,daeb52205df087feada170916b6244d00107ecd2266e588b7fb4eed40899c9f7,,,,6F077,IndiGo,CCU,DEL,2026-04-20 14:55:41.702,2026-04-20 19:13:41.702,258.0,False,False,Reyansh,D***,36,F,211.1375549884259
B1079,P1211,115.0,2025-06-03 11:37:36.951,CONFIRMED,10D,04dd042c1e1ab3ff68ba723e43e89deed7eaac83a5a09a6c50950f1ddfbd6ae6,,,,SJ085,SpiceJet,BLR,MAA,2026-04-20 14:41:41.702,2026-04-20 19:11:41.702,270.0,False,False,Ishaan,A***,70,F,321.1278327662037
B1080,P1576,71.0,2025-06-05 11:37:36.951,CONFIRMED,22D,ed6b7590cce5d1cf929d7e7a9dc8bf82120f7e9abdcc42f478669c79ef27d4b4,21169.42,2.0,True,SJ023,SpiceJet,HYD,MAA,2026-04-20 17:27:41.701,2026-04-20 19:09:41.701,102.0,False,False,Ira,N***,50,M,319.2431105324074
B1081,P1960,73.0,2025-11-13 11:37:36.951,CANCELLED,29C,fc5693cfa4ecd4c4169ae4146eb4cd50c46d977fcabd6fae936f04cb2c65dd6e,,,,SJ202,SpiceJet,CCU,HYD,2026-04-20 17:21:41.703,2026-04-20 19:08:41.703,107.0,False,False,Kavya,M***,35,M,158.23894388888888
B1082,P1208,96.0,2025-09-09 11:37:36.951,CANCELLED,30A,8d8e07d18c560ccc64998306492c429138dcb592202f3528e8d15e3b0ae49d3e,,,,SJ150,SpiceJet,BOM,HYD,2026-04-20 15:33:41.702,2026-04-20 19:03:41.702,210.0,False,False,Aarav,J***,53,M,223.1639438773148
B1083,P1762,70.0,2025-05-12 11:37:36.951,CANCELLED,9A,7692ebdaa67d0145af8800d55d19e4f5cc7b15fa640536b30e6fd05c6783fcd4,6777.38,1.0,False,SJ116,SpiceJet,HYD,CCU,2026-04-20 17:33:41.702,2026-04-20 19:02:41.702,89.0,False,False,Sara,N***,30,M,343.2472772106481
B1084,P1896,63.0,2025-06-14 11:37:36.951,PENDING,16E,a73f4fb59b6adb795facf290c7ed40ee09e7b2e549c3801315fab3501284fe55,,,,6F270,UNKNOWN,HYD,MAA,2026-04-20 18:14:41.701,2026-04-20 19:02:41.701,48.0,False,False,Saanvi,K***,55,F,310.27574942129627
B1085,P1116,61.0,2026-03-24 11:37:36.951,PENDING,12A,b5445c25a22ff18266161cffe871f660364a294ff5ad901e15961e3e920a0c8b,11410.8,1.0,False,UK150,Vistara,DEL,CCU,2026-04-20 18:31:41.703,2026-04-20 19:01:41.703,30.0,False,False,Vivaan,G***,73,F,27.287554999999998
B1086,P1627,84.0,2026-02-16 11:37:36.951,CONFIRMED,5D,353ce93dac98d0e1fe3daea08524868a077864020801fe4fed7b873911e26bcd,4873.96,2.0,True,SJ237,SpiceJet,BOM,CCU,2026-04-20 16:32:41.704,2026-04-20 19:00:41.704,148.0,False,False,Aditya,I***,21,M,63.20491612268518
B1087,P1748,91.0,2025-05-08 11:37:36.951,CANCELLED,2F,b5b24442fce4fc3e4c47c334e5aafda02cad58497dd565ba95194ee25a76de21,3191.92,2.0,True,AI221,Air India,MAA,HYD,2026-04-20 16:18:41.703,2026-04-20 18:54:41.703,156.0,False,False,Sara,S***,51,M,347.19519388888887
B1088,P1477,76.0,2026-03-25 11:37:36.951,PENDING,31A,787ca2cc91810d7a593c9a3f8790425f9de3c537a5036212e39ed11d114f0712,7375.1,1.0,False,SJ081,SpiceJet,BOM,BLR,2026-04-20 17:04:41.702,2026-04-20 18:53:41.702,109.0,False,False,Kavya,M***,51,F,26.227138321759263
B1089,P1104,105.0,2025-09-03 11:37:36.951,CANCELLED,25F,9fe4832e466051710b143e91a6643907017d4554ae77e31fdd4147b57dcad8b0,,,,UK189,Vistara,BLR,MAA,2026-04-20 15:07:41.703,2026-04-20 18:51:41.703,224.0,False,False,Vivaan, ***,88,F,229.14588833333335
B1090,P1494,82.0,2025-05-16 11:37:36.951,PENDING,31C,7839eaee1278bad25669ee52fa112e4613f33625938f198a2c7e5da28f65288a,,,,SJ068,SpiceJet,BLR,BOM,2026-04-20 16:44:41.701,2026-04-20 18:48:41.701,124.0,False,False,Krishna,C***,81,F,339.21324942129627
B1091,P1770,74.0,2025-08-18 11:37:36.951,PENDING,25D,dc742f97ecc693fb1c1711a3f47c48f970b04e254c884f5fc16b4200f8a8ef15,,,,6F043,IndiGo,BOM,HYD,2026-04-20 17:17:41.701,2026-04-20 18:43:41.701,86.0,False,False,Myra,M***,17,M,245.23616608796297
B1092,P1045,78.0,2026-03-18 11:37:36.951,CONFIRMED,16D,eeefb195c43465650e41222d8ec02280cbfa2d906e7b9e21af76d5308ac9485e,15898.93,3.0,True,UK187,Vistara,BLR,BOM,2026-04-20 16:52:41.703,2026-04-20 18:42:41.703,110.0,False,False,Kavya,R***,39,M,33.218804999999996
B1093,P1822,81.0,2025-05-11 11:37:36.951,CONFIRMED,25E,c6dfeae13ecd8e6996b85377bb6310f13e68dfd2cf3cb1d3e88fdcd90ba886b1,,,,UK074,Vistara,BOM,DEL,2026-04-20 16:44:41.702,2026-04-20 18:41:41.702,117.0,False,False,Ira,A***,56,M,344.2132494328703
B1094,P1330,67.0,2026-01-07 11:37:36.951,PENDING,24C,95c4cf1c17f97b6f005ab9388c5dbd699c0322a48599e6583859784d51fc5367,17560.29,2.0,True,UK004,Vistara,BOM,CCU,2026-04-20 17:56:41.700,2026-04-20 18:30:41.700,34.0,False,False,Myra,A***,53,F,103.26324940972222
B1095,P1215,85.0,2025-07-30 11:37:36.951,CONFIRMED,14B,3780979a5959ac4faa776a59f56c65b366f92e3d05c07fbe37b67c4b3074aa35,,,,6F194,IndiGo,BOM,CCU,2026-04-20 16:29:41.703,2026-04-20 18:27:41.703,118.0,False,False,Ira,N***,75,M,264.20283277777776
B1096,P1981,87.0,2026-01-03 11:37:36.951,PENDING,12B,b80bb2ec148699cb0a5dc2f100eb3af521e99b0b5b32ceb4a78b26ce3c02df54,18163.89,2.0,True,UK068,Vistara,BLR,MAA,2026-04-20 16:28:41.701,2026-04-20 18:09:41.701,101.0,False,False,Diya,G***,60,F,107.20213831018519
B1097,P1959,99.0,2025-08-26 11:37:36.951,UNKNOWN,34F,f7e02a56d9f1abe890dbafe442a14b1660fc9b577d164ddf3ba99ce2b77fdffa,,,,6F017,IndiGo,CCU,BOM,2026-04-20 15:25:41.701,2026-04-20 18:06:41.701,161.0,False,False,Sai,K***,38,M,237.1583883101852
B1098,P1491,100.0,2025-10-15 11:37:36.951,UNKNOWN,13D,fb89aebe8aba117049d91464dd47586b549d7d7f03aca0dd4f7b4390eebad7cc,10455.66,1.0,False,6F245,IndiGo,CCU,BOM,2026-04-20 15:25:41.701,2026-04-20 18:06:41.701,161.0,False,False,Shaurya,K***,2,M,187.1583883101852
B1099,P1812,118.0,2025-12-07 11:37:36.951,CONFIRMED,26E,693da76722da27aea25f7aba4cebcb0690a886150638ba2eebbab7940d415d0f,,,,6F254,UNKNOWN,MAA,BLR,2026-04-20 14:26:41.703,2026-04-20 18:01:41.703,215.0,False,False,Muhammad,P***,46,F,134.1174161111111
B1100,P1921,89.0,2026-03-05 11:37:36.951,CONFIRMED,16D,eb419af2876a17e8da966fc8cddd2979c490e492aa67c9e0ce32bb667be34bcc,,,,UK077,UNKNOWN,HYD,BOM,2026-04-20 16:22:41.702,2026-04-20 18:00:41.702,98.0,False,False,Ishaan,C***,5,M,46.197971655092594
B1101,P1844,133.0,2025-07-19 11:37:36.951,CONFIRMED,3D,2b318a4903e34f1dc87206c36862559a5b0509e15db3d18b36ffa4e093f535ed,2214.47,1.0,False,AI029,Air India,MAA,DEL,2026-04-20 13:29:41.701,2026-04-20 17:53:41.701,264.0,False,False,Vivaan,P***,59,F,275.07783275462964
B1102,P1448,107.0,2025-10-06 11:37:36.951,INVALID,15F,3af30f986bc10fdfa6699726f4217395831090604b2908b3ebff7a84a9e2e1df,24626.690000000002,2.0,True,SJ196,SpiceJet,DEL,HYD,2026-04-20 14:58:41.703,2026-04-20 17:44:41.703,166.0,False,False,Diya,J***,16,M,196.13963833333332
B1103,P1535,83.0,2025-08-08 11:37:36.951,CANCELLED,20D,da51ed01fc777418bd54cbd22abb9679cbaefa928a792346da5bbbac7e4c90b2,14062.55,2.0,True,AI242,UNKNOWN,BLR,CCU,2026-04-20 16:41:41.704,2026-04-20 17:43:41.704,62.0,False,False,Arjun,P***,61,F,255.21116612268517
B1104,P1510,83.0,2025-09-12 11:37:36.951,CANCELLED,16E,c2b4835877d40b7a2f74add8237548e055a054b31dcfee5c65a727f549b8bfa7,,,,AI242,UNKNOWN,BLR,CCU,2026-04-20 16:41:41.704,2026-04-20 17:43:41.704,62.0,False,False,Diya,C***,24,M,220.21116612268517
B1105,P1457,106.0,2025-09-11 11:37:36.951,CONFIRMED,19F,1d3dac43b1594a125129d3589980032e017addb2af0d76cbcdb6970d3cffed4a,14294.21,1.0,False,SJ044,SpiceJet,DEL,CCU,2026-04-20 15:06:41.701,2026-04-20 17:43:41.701,157.0,False,False,Arjun,M***,52,M,221.14519386574074
B1106,P1546,86.0,2025-09-01 11:37:36.951,CONFIRMED,21F,60b7af71e1bbb27bcfa3e329467ab95b4f47075c13b129a2c7f77acdffd970b5,0.0,1.0,False,UK063,Vistara,DEL,BOM,2026-04-20 16:29:41.701,2026-04-20 17:41:41.701,72.0,False,False,Aadhya,K***,12,F,231.20283275462964
B1107,P1535,130.0,2025-05-19 11:37:36.951,CONFIRMED,30F,6a1fb7f1be0bccc719128235c39490c426edc0e75bffc7ccedef555c58ef7fe3,,,,AI056,Air India,DEL,MAA,2026-04-20 13:44:41.701,2026-04-20 17:39:41.701,235.0,False,False,Arjun,P***,61,F,336.08824942129627
B1108,P1539,90.0,2025-10-11 11:37:36.951,CANCELLED,14B,324fbc9c9b6f4a77972f5f7155e1baf03209043f5b91233edb2ad37b8b76c2d4,,,,UK207,Vistara,MAA,CCU,2026-04-20 16:21:41.703,2026-04-20 17:36:41.703,75.0,False,False,Anika,N***,71,M,191.19727722222223
B1109,P1483,142.0,2025-12-03 11:37:36.951,CANCELLED,33D,320a00e4dcb1563612c50d8a3682de94cbfb905cbe279cc8f304278ac007eace,13080.08,1.0,False,UK166,Vistara,HYD,MAA,2026-04-20 12:39:41.703,2026-04-20 17:32:41.703,293.0,False,False,Arjun,D***,40,F,138.04311055555556
B1110,P1975,116.0,2025-12-17 11:37:36.951,PENDING,12B,3f1988a5001b2e1bc8660720ab460f52b397a7dcdd1678cdfd6c28322a2d06c2,,,,6F261,UNKNOWN,CCU,DEL,2026-04-20 14:31:41.703,2026-04-20 17:29:41.703,178.0,False,False,Riya,P***,22,M,124.12088833333334
B1111,P1999,129.0,2025-12-25 11:37:36.951,CANCELLED,34A,931436b7fc1d5cfffc56146a26515320beb07e248cee82efadb991d9f3a83c5e,0.0,1.0,False,UK134,Vistara,HYD,CCU,2026-04-20 13:44:41.702,2026-04-20 17:26:41.702,222.0,False,False,Ananya,P***,14,F,116.08824943287037
B1112,P1015,102.0,2025-10-02 11:37:36.951,PENDING,27A,549b6d9a573b2201670570152d6aaf9917953310122c1fd0f5f1b8136998daae,20662.78,2.0,True,6F152,IndiGo,CCU,DEL,2026-04-20 15:21:41.703,2026-04-20 17:25:41.703,124.0,False,False,Aadhya,V***,88,F,200.15561055555557
B1113,P1570,141.0,2025-11-23 11:37:36.951,CONFIRMED,5A,789f60f2609362220be53b346448ec96e5328b933250c83673c8127d067060f2,9457.62,1.0,False,SJ089,SpiceJet,HYD,CCU,2026-04-20 12:42:41.702,2026-04-20 17:15:41.702,273.0,False,False,Ananya,R***,7,M,148.04519387731483
B1114,P1976,98.0,2025-09-26 11:37:36.951,CANCELLED,2E,8dfedddcce75255575c53951ce274f62d6a5dfb6bba9f99cd1d497dda63f7a54,8187.33,1.0,False,6F123,IndiGo,DEL,HYD,2026-04-20 15:26:41.702,2026-04-20 17:12:41.702,106.0,False,False,Reyansh,K***,60,M,206.15908276620368
B1115,P1242,112.0,2025-08-23 11:37:36.951,CONFIRMED,10A,26050249f05f3f74ae93aecaf8510fd8f754273786b36f388d7b6756c60f32f3,8185.02,1.0,False,AI025,Air India,HYD,DEL,2026-04-20 14:46:41.701,2026-04-20 17:11:41.701,145.0,False,False,Ishaan,N***,82,M,240.13130497685185
B1116,P1949,120.0,2025-12-05 11:37:36.951,CONFIRMED,19B,89c9ea9c8f3c9e814c565ec654ca76141debb09154b451792001424a3669062b,9883.49,1.0,False,6F030,IndiGo,BOM,DEL,2026-04-20 14:20:41.701,2026-04-20 17:10:41.701,170.0,False,False,Saanvi,G***,2,M,136.1132494212963
B1117,P1206,121.0,2025-09-02 11:37:36.951,CONFIRMED,28F,872278f4b558af07da25e8c83ddb0b4f2b5d47e01ea7f86cf70f9e2ca2703e4a,24642.71,2.0,True,SJ222,SpiceJet,BOM,DEL,2026-04-20 14:15:41.703,2026-04-20 17:09:41.703,174.0,False,False,Diya,B***,19,M,230.10977722222222
B1118,P1911,92.0,2026-04-03 11:37:36.951,CONFIRMED,34B,fc3df106b0b211795b8d39ff375b53dce925e9080ec53a4af57a0f4d733148b2,0.0,1.0,False,UK109,Vistara,BLR,BOM,2026-04-20 16:06:41.702,2026-04-20 17:06:42.000,60.00496666666666,False,False,Shaurya,J***,62,F,17.18686054398148
B1119,P1270,137.0,2025-11-25 11:37:36.951,CANCELLED,21F,11657afab1fb6dc9b513a3f42617d9e039ee25b915dad9f4a6ea448c16c90c2d,22268.71,2.0,True,SJ117,SpiceJet,MAA,BLR,2026-04-20 13:10:41.702,2026-04-20 17:06:41.702,236.0,False,False,Reyansh,N***,24,M,146.06463832175925
B1120,P1760,104.0,2025-08-12 11:37:36.951,CONFIRMED,12D,b84615456a996ebe5853dd99e9bbd2d5efa4e92e9c7b1906800e7687f7414715,2571.48,3.0,True,SJ142,SpiceJet,CCU,BOM,2026-04-20 15:14:41.702,2026-04-20 16:56:41.702,102.0,False,False,Sai,A***,88,M,251.15074943287036
B1121,P1993,104.0,2025-06-01 11:37:36.951,PENDING,17C,d6c9529c06c807cbd2b93128349d63a1ddc1158acaad1ad9e1fc2ff26388e1c7,,,,SJ142,SpiceJet,CCU,BOM,2026-04-20 15:14:41.702,2026-04-20 16:56:41.702,102.0,False,False,Muhammad,N***,42,M,323.1507494328703
B1122,P1778,132.0,2025-05-02 11:37:36.951,CANCELLED,20B,14b099409634db76e54dd2740662d7fdf53e6ee427db166ef74d444e3fd8d123,,,,AI030,Air India,CCU,HYD,2026-04-20 13:33:41.701,2026-04-20 16:52:41.701,199.0,False,False,Krishna,V***,53,F,353.08061053240743
B1123,P1704,97.0,2025-09-23 11:37:36.951,CONFIRMED,8A,84b99269d7259fde4f6cc144fabcc29e82433a2ed4f5ca68aeffb158142f79bb,14525.48,2.0,True,6F097,IndiGo,BLR,BOM,2026-04-20 15:32:41.702,2026-04-20 16:49:41.702,77.0,False,False,Shaurya,S***,81,F,209.16324943287034
B1124,P1846,117.0,2025-05-23 11:37:36.951,CANCELLED,5C,789b2151d973ab83196726feb632ac5789d32c504f0fe0cc23d232eee93c006b,15753.68,3.0,True,6F129,IndiGo,DEL,CCU,2026-04-20 14:28:41.702,2026-04-20 16:47:41.702,139.0,False,False,Vivaan,V***,7,M,332.1188049884259
B1125,P1729,109.0,2026-01-15 11:37:36.951,PENDING,27E,a0cab12df09a40743a1fc7ce3ed9fb2a1e34ac04ffe01dd12371d254642e679d,,,,6F181,IndiGo,BOM,MAA,2026-04-20 14:55:41.703,2026-04-20 16:43:41.703,108.0,False,False,Aarav,N***,39,F,95.137555
B1126,P1114,94.0,2025-10-20 11:37:36.951,CONFIRMED,10E,1662c7047ff4c2abcd8d6f075904881a62dcd6cfa8bf5029254e7c3dd6832489,,,,AI072,Air India,BLR,CCU,2026-04-20 15:34:41.702,2026-04-20 16:32:41.702,58.0,False,False,Anika,S***,28,F,182.16463832175927
B1127,P1579,111.0,2025-06-29 11:37:36.951,PENDING,2E,e8cfa1e951a826718bed6fba2eb04abaf6f73e9d871a8f955b3b3f2707306a09,,,,SJ154,SpiceJet,BLR,HYD,2026-04-20 14:47:41.702,2026-04-20 16:26:41.702,99.0,False,False,Kavya,N***,5,F,295.1319994328704
B1128,P1298,139.0,2026-04-08 11:37:36.951,CONFIRMED,10D,742f734c2767995416630cc08e1d30bf669cc7e129c65bdc006aadd0a9e78a0e,,,,AI031,Air India,DEL,MAA,2026-04-20 13:05:41.701,2026-04-20 16:11:41.701,186.0,False,False,Ananya,K***,48,M,12.061166087962963
B1129,P1836,139.0,2025-09-18 11:37:36.951,PENDING,26F,c410880c10b4e3fc7564b09a079906272d778905c35de2fea445a7588fb7724f,12008.51,1.0,False,AI031,Air India,DEL,MAA,2026-04-20 13:05:41.701,2026-04-20 16:11:41.701,186.0,False,False,Saanvi,C***,14,M,214.06116608796296
B1130,P1482,149.0,2025-12-26 11:37:36.951,CONFIRMED,34E,f09c0a93b6e2e17f6d074be07ea4737344d3cc00dc7f0e25cb34d16c37f9e0e4,,,,6F158,IndiGo,CCU,MAA,2026-04-20 11:58:41.703,2026-04-20 16:04:41.703,246.0,False,False,Saanvi,S***,33,M,115.01463833333334
B1131,P1396,138.0,2025-06-16 11:37:36.951,CANCELLED,1C,2b93216a02a743cebeffd49b6bc7e3fea828e5bdd95db47fffa084819d325ef7,3592.91,1.0,False,6F184,IndiGo,MAA,BOM,2026-04-20 13:05:41.703,2026-04-20 16:04:41.703,179.0,False,False,Vivaan,M***,54,F,308.0611661111111
B1132,P1393,131.0,2025-06-20 11:37:36.951,CONFIRMED,10D,706954c03a671001c7fba577294209a25b6c020b641dd8fb2efeaf52e7ba92f4,4677.7,3.0,True,UK141,UNKNOWN,HYD,MAA,2026-04-20 13:38:41.703,2026-04-20 15:59:41.703,141.0,False,False,Ishaan,R***,42,M,304.0840827777778
B1133,P1074,144.0,2025-12-29 11:37:36.951,CANCELLED,23D,d378f468ed0457718dd6adc6ce43a1e1d97ec4e93ffeac715a5c81c61ccee85f,14200.43,2.0,True,6F168,IndiGo,HYD,DEL,2026-04-20 12:18:41.703,2026-04-20 15:58:41.703,220.0,False,False,Riya,P***,34,F,112.02852722222222
B1134,P1977,124.0,2025-07-28 11:37:36.951,CONFIRMED,34C,0a9256c654868404800f4c10c90b883a74f577a5d58aa5cc846c6698fa305cb0,,,,6F051,IndiGo,BLR,BOM,2026-04-20 13:58:41.701,2026-04-20 15:58:41.701,120.0,False,False,Shaurya,J***,64,M,266.0979716435185
B1135,P1481,127.0,2025-12-02 11:37:36.951,CONFIRMED,20E,19675c77c0ce2ef17d8dbe293f974b9e9878b220f3e00a2dced8a1e7c7cfdccd,10501.09,1.0,False,6F047,IndiGo,MAA,DEL,2026-04-20 13:50:41.701,2026-04-20 15:55:41.701,125.0,False,False,Ira,K***,65,F,139.09241608796296
B1136,P1102,152.0,2025-10-26 11:37:36.951,PENDING,28E,1a8e2ee9604dd7baf434702843922d7d093a7539b1b628a0986fd311763d1d39,2857.01,1.0,False,UK156,Vistara,MAA,BLR,2026-04-20 11:50:41.703,2026-04-20 15:54:41.703,244.0,False,False,Myra,K***,1,F,176.0090827777778
B1137,P1296,113.0,2025-09-01 11:37:36.951,PENDING,13E,3ffce22827c5a12c076c6e39d5512e0f37e323e1e3c80526292cb1a9f0db1ed0,10092.76,2.0,True,AI094,Air India,DEL,BLR,2026-04-20 14:44:41.702,2026-04-20 15:44:42.000,60.00496666666666,False,False,Aarav,J***,17,F,231.129916099537
B1138,P1177,159.0,2025-07-14 11:37:36.951,PENDING,6C,d55b6e72cb263db97dc387952fd9715fc0d732c4f2ead83eda0eb6de44852f69,,,,AI038,Air India,HYD,MAA,2026-04-20 11:05:41.701,2026-04-20 15:44:41.701,279.0,False,False,Reyansh,P***,70,F,279.9778327546296
B1139,P1214,147.0,2026-01-19 11:37:36.951,CONFIRMED,29F,bbae7556e98aab266b76d0ed93074d60e1157aa75fe7a0be96edcef35e1ad151,6016.05,1.0,False,6F255,UNKNOWN,DEL,BOM,2026-04-20 11:59:41.703,2026-04-20 15:33:41.703,214.0,False,False,Riya,M***,55,M,91.01533277777779
B1140,P1966,146.0,2026-01-23 11:37:36.951,CONFIRMED,29D,f8f7cdc9ecb48ca59a0a47659d7090a4dec094dc8f70ae76792ad3b3c4424b0a,8447.38,2.0,True,SJ025,SpiceJet,BOM,CCU,2026-04-20 12:02:41.701,2026-04-20 15:29:41.701,207.0,False,False,Riya,S***,78,M,87.01741608796296
B1141,P1314,119.0,2025-10-28 11:37:36.951,CONFIRMED,9C,49d97b1c4c7dc5b601c293d854421aa2372849e9e60dbb3a0ce0f1f085886468,,,,SJ185,SpiceJet,BOM,CCU,2026-04-20 14:21:41.703,2026-04-20 15:21:41.703,60.0,False,False,Anika,J***,69,M,174.11394388888888
B1142,P1038,122.0,2026-01-21 11:37:36.951,CANCELLED,5C,fcde0e2b5da25ae6222d8984a093525203d8cb65521060a26d25984d886bba42,4506.21,1.0,False,6F259,UNKNOWN,BOM,DEL,2026-04-20 14:10:41.703,2026-04-20 15:21:41.703,71.0,False,False,Ira,P***,55,M,89.106305
B1143,P1258,154.0,2026-04-07 11:37:36.951,CANCELLED,15A,afdc34ca2d557c15ccea4f595211b06ba5aea4227c1c1e58ec171f60eb6cfa15,6360.73,1.0,False,6F073,IndiGo,DEL,CCU,2026-04-20 11:38:41.702,2026-04-20 15:18:41.702,220.0,False,False,Diya,P***,69,M,13.00074943287037
B1144,P1715,163.0,2025-09-26 11:37:36.951,CONFIRMED,6D,7d87c96db5c0306d4222f2386deb1d02d31a0a7af1921c8ff502f31c8c1153b2,0.0,1.0,False,AI091,Air India,CCU,MAA,2026-04-20 10:52:41.702,2026-04-20 15:15:41.702,263.0,False,False,Vivaan,M***,17,M,205.96880498842592
B1145,P1006,114.0,2025-08-23 11:37:36.951,PENDING,15D,c42e261739311d312793d72db4aa9e2c888f3e72fe587c2ebd50382d863bfbf3,,,,6F191,IndiGo,BLR,DEL,2026-04-20 14:41:41.703,2026-04-20 15:11:41.703,30.0,False,False,Kavya,N***,87,M,240.12783277777777
B1146,P1048,148.0,2025-08-30 11:37:36.951,PENDING,25A,b7639e905434a697b08b0dd3937856bc2dedf1b077c32ff2c5756668827f5581,0.0,1.0,False,UK228,Vistara,DEL,MAA,2026-04-20 11:58:41.704,2026-04-20 15:08:41.704,190.0,False,False,Sai,M***,89,M,233.01463834490738
B1147,P1537,126.0,2026-03-25 11:37:36.951,PENDING,11E,50a1a04ea43fe448fc8c2fc25bcbe1574063ef166b710e7c5c9f040538b4b599,,,,6F146,IndiGo,HYD,MAA,2026-04-20 13:51:41.703,2026-04-20 15:07:41.703,76.0,False,False,Reyansh,J***,76,M,26.093110555555555
B1148,P1160,157.0,2025-10-13 11:37:36.951,CONFIRMED,19A,1824f7428d639b2813364e445436dedd9fcdae36a4f4b6236a9b5ecb9bd67f37,,,,6F068,IndiGo,BLR,HYD,2026-04-20 11:17:41.701,2026-04-20 15:06:41.701,229.0,False,False,Ananya,J***,62,F,188.98616608796297
B1149,P1868,150.0,2026-01-08 11:37:36.951,PENDING,30F,1070d881d49cf2af367820fdfc0a701fef3825e11cf40852b0c33931378f52c2,12393.75,2.0,True,SJ218,SpiceJet,DEL,HYD,2026-04-20 11:58:41.703,2026-04-20 15:03:41.703,185.0,False,False,Myra,P***,67,F,102.01463833333334
B1150,P1175,123.0,2025-09-25 11:37:36.951,CONFIRMED,12A,3b18d93f584be98b315591447e52842cbc96bb65475165c52d60b73be5f4a453,12535.73,1.0,False,UK083,Vistara,DEL,HYD,2026-04-20 14:10:41.702,2026-04-20 14:59:41.702,49.0,False,False,Muhammad,M***,77,F,207.1063049884259
B1151,P1590,174.0,2026-01-18 11:37:36.951,CANCELLED,29B,14689b785bc985f0532befadaee10d858e5f410759b91bc61f46bb4a80bec0c6,0.0,1.0,False,SJ007,SpiceJet,BOM,CCU,2026-04-20 10:03:41.701,2026-04-20 14:53:41.701,290.0,False,False,Vivaan,N***,45,M,91.93477719907408
B1152,P1001,128.0,2025-08-14 11:37:36.951,PENDING,27A,9fbb2208f976683265b49c7e742f5ce3043bdb2b93f6f711ca080266af97058a,,,,AI077,Air India,CCU,HYD,2026-04-20 13:45:41.702,2026-04-20 14:51:41.702,66.0,False,False,Krishna,R***,15,M,249.0889438773148
B1153,P1894,135.0,2025-12-20 11:37:36.951,CANCELLED,8D,27fa8ad298e54db4d32b9a720396c0a605dafc7c85cb1df36c2cb9e571b585f6,5774.24,1.0,False,UK017,Vistara,BLR,HYD,2026-04-20 13:14:41.701,2026-04-20 14:49:41.701,95.0,False,False,Krishna,N***,62,F,121.06741608796297
B1154,P1454,136.0,2026-02-17 11:37:36.951,PENDING,24A,3c315599a219a4238a63f57f70ce0ecc1e3a2837a9b094479575876402c7e0b3,9979.51,1.0,False,6F229,IndiGo,MAA,DEL,2026-04-20 13:10:41.704,2026-04-20 14:30:41.704,80.0,False,False,Vivaan,G***,10,M,62.0646383449074
B1155,P1927,158.0,2025-10-08 11:37:36.951,CONFIRMED,6D,ab2ce452d61eed454d17f351dd066f2e8fd87705bdc14dfabd92740f770007c6,,,,6F074,IndiGo,HYD,BOM,2026-04-20 11:09:41.702,2026-04-20 14:29:41.702,200.0,False,False,Sai,R***,20,F,193.98061054398147
B1156,P1643,125.0,2026-03-25 11:37:36.951,CONFIRMED,5E,18105491da73b71e3b58f9eef13af92656c66ab882b94c03f3d265591c4ee9f4,3413.47,1.0,False,SJ088,SpiceJet,CCU,MAA,2026-04-20 13:54:41.702,2026-04-20 14:26:41.702,32.0,False,False,Muhammad,D***,3,M,26.095193877314816
B1157,P1275,134.0,2025-06-28 11:37:36.951,CONFIRMED,18B,d05f1dac37acdbb5bbbba2a6f923cb43bb571849a5acd831ac9765f96726fee7,7902.25,1.0,False,SJ167,SpiceJet,MAA,CCU,2026-04-20 13:18:41.703,2026-04-20 14:12:41.703,54.0,False,False,Anika,I***,84,M,296.07019388888887
B1158,P1497,156.0,2025-07-20 11:37:36.951,CONFIRMED,22A,02e620d5c290a3973a601298568b6fac9d0b54195fa66d36239fbe832769df0e,14265.47,1.0,False,6F234,IndiGo,BOM,DEL,2026-04-20 11:20:41.704,2026-04-20 14:11:41.704,171.0,False,False,Ishaan,N***,74,M,273.9882494560185
B1159,P1628,164.0,2025-12-10 11:37:36.951,PENDING,22F,37f83968179dbd01c8c89f7be02004ad23b8f340c09cb6db33eebf02ff651f20,16962.75,3.0,True,UK071,Vistara,DEL,HYD,2026-04-20 10:50:41.701,2026-04-20 14:06:41.701,196.0,False,False,Sara,V***,80,M,130.96741608796296
B1160,P1675,140.0,2025-11-21 11:37:36.951,CANCELLED,29A,f60d6ae35bcbee280b4cff2229c6adce3485684bfb6e4c0c24199828eedf76de,5267.38,1.0,False,AI178,Air India,CCU,BLR,2026-04-20 13:04:41.703,2026-04-20 14:03:41.703,59.0,False,False,Myra,D***,6,F,150.06047166666667
B1161,P1799,143.0,2025-11-14 11:37:36.951,CONFIRMED,12A,704cb660916331780a62ebf82fb4b42443fb7a7e9f58766f5a2701b26882e382,24640.24,3.0,True,UK104,Vistara,DEL,BOM,2026-04-20 12:30:41.702,2026-04-20 13:52:41.702,82.0,False,False,Muhammad,S***,51,M,157.03686054398148
B1162,P1027,167.0,2025-04-22 11:37:36.951,INVALID,32D,7614e3e997090be59e36a917966f25b688fe14b638671237f36ed217ce8fc864,,,,AI146,Air India,BLR,DEL,2026-04-20 10:40:41.702,2026-04-20 13:46:41.702,186.0,False,False,Reyansh,B***,49,F,362.9604716550926
B1163,P1332,177.0,2025-11-10 11:37:36.951,CANCELLED,13D,c4d3ee9b910c5e48e3a17c0f495f1eeadb7925899a36633b28b7b65a63621a11,,,,SJ235,SpiceJet,BOM,DEL,2026-04-20 09:57:41.704,2026-04-20 13:45:41.704,228.0,False,False,Kavya,J***,63,M,160.93061056712963
B1164,P1000,189.0,2025-04-24 11:37:36.951,CONFIRMED,24A,fbd36eb2eaea50ed0e5863fca6b487802ade1eb478dd9919c77eed3a3c758223,2684.77,1.0,False,6F209,IndiGo,MAA,CCU,2026-04-20 08:40:41.703,2026-04-20 13:40:41.703,300.0,False,False,Vivaan,C***,52,F,360.87713833333333
B1165,P1187,170.0,2025-08-20 11:37:36.951,CANCELLED,2F,7e1e2b1f17b8b4b57068ef1c98c58d068086b448c2fd9d1e8280472a6f331730,43097.990000000005,4.0,True,AI129,Air India,BOM,CCU,2026-04-20 10:29:41.702,2026-04-20 13:38:41.702,189.0,False,False,Aditya,D***,59,F,242.95283276620367
B1166,P1055,175.0,2026-01-23 11:37:36.951,CONFIRMED,34D,afd59be446e44c9a4e522bfbaaa8d523bab389aa0059e280f1820d599fa3eeb0,5530.81,1.0,False,SJ141,SpiceJet,CCU,DEL,2026-04-20 10:00:41.702,2026-04-20 13:37:41.702,217.0,False,False,Ishaan,C***,60,M,86.93269387731482
B1167,P1546,161.0,2026-02-02 11:37:36.951,CANCELLED,9F,25c9918012ccad8a3386a7166e4e66401571fae8ff949e2322ce8b2e090a195a,27299.79,3.0,True,SJ018,SpiceJet,BOM,CCU,2026-04-20 10:58:41.701,2026-04-20 13:31:41.701,153.0,False,False,Aadhya,K***,12,F,76.97297164351852
B1168,P1111,183.0,2025-10-14 11:37:36.951,CANCELLED,11C,b2a4552d3e133305abe236cc941605a71e3705ac6264183724fd14221a09efeb,5435.83,1.0,False,UK120,Vistara,HYD,DEL,2026-04-20 09:19:41.702,2026-04-20 13:30:41.702,251.0,False,False,Krishna,S***,33,F,187.90422165509258
B1169,P1797,187.0,2025-11-15 11:37:36.951,CONFIRMED,11E,ed1edafa73bc76f891088b2d9e70ddda8ce18a10c69c4c5a1b0892c6084d1a24,3795.6,1.0,False,AI078,Air India,DEL,BOM,2026-04-20 08:58:41.702,2026-04-20 13:28:41.702,270.0,False,False,Anika,J***,50,F,155.88963832175926
B1170,P1309,160.0,2025-09-14 11:37:36.951,PENDING,15E,b89fef1bedb516d1e80082fd5e7ed0797e74168ed7a3341750db3498b4637b4e,,,,AI079,Air India,CCU,BLR,2026-04-20 11:04:41.702,2026-04-20 13:19:41.702,135.0,False,False,Ananya,A***,27,M,217.97713832175924
B1171,P1035,178.0,2025-09-19 11:37:36.951,CANCELLED,21A,5587d350cca62364308403b46323688c7ff3a9051b2c90c1f4a05acab620d65f,23311.04,3.0,True,UK087,Vistara,HYD,MAA,2026-04-20 09:49:41.702,2026-04-20 13:17:41.702,208.0,False,False,Vivaan,G***,47,F,212.9250549884259
B1172,P1438,173.0,2026-01-17 11:37:36.951,CONFIRMED,8F,c4cd72969b5315c5d119557109775cc6fbd411dc34a29bda0f7174e981fe2ed3,25477.4,3.0,True,UK133,Vistara,BOM,DEL,2026-04-20 10:04:41.702,2026-04-20 13:16:41.702,192.0,False,False,Reyansh,B***,51,F,92.9354716550926
B1173,P1728,145.0,2025-06-01 11:37:36.951,CANCELLED,22E,2826a2e130e92edeb0bf8b4e98da6c75b987e022b74e670c5fae9d5affaf3044,0.0,1.0,False,AI222,UNKNOWN,BOM,DEL,2026-04-20 12:10:41.703,2026-04-20 13:14:41.703,64.0,False,False,Ira, ***,72,F,323.02297166666665
B1174,P1591,176.0,2026-04-12 11:37:36.951,CANCELLED,19D,29e92ad39b5d6a5cf51948e1b57fe41074ecc0d65935624f7105e39f154db768,0.0,1.0,False,6F049,IndiGo,HYD,DEL,2026-04-20 10:00:41.701,2026-04-20 13:13:41.701,193.0,False,False,Krishna,M***,4,M,7.932693865740741
B1175,P1825,153.0,2026-01-29 11:37:36.951,PENDING,27D,466c0cb9c65667489de2ed27cbfad00f77dcca37315db91e7d1797018c8015d3,10654.9,1.0,False,6F105,IndiGo,BLR,BOM,2026-04-20 11:46:41.702,2026-04-20 12:58:41.702,72.0,False,False,Ishaan,I***,61,M,81.00630498842592
B1176,P1594,188.0,2025-04-17 11:37:36.951,CANCELLED,7C,25b0176f8e2de949f4e17ebf1bbe2e6e1c61da8fe1212e880fa6a46da33e72ad,,,,SJ226,SpiceJet,HYD,BOM,2026-04-20 08:47:41.704,2026-04-20 12:54:41.704,247.0,False,False,Diya,P***,31,F,367.8819994560185
B1177,P1576,193.0,2025-07-29 11:37:36.951,CANCELLED,34D,1faa946c34da555ba823e261f3cba33578d947a9f17e966ef0889e3cbbdf8c89,12412.89,1.0,False,SJ227,SpiceJet,BOM,CCU,2026-04-20 08:32:41.704,2026-04-20 12:53:41.704,261.0,False,False,Ira,N***,50,M,264.87158278935186
B1178,P1324,151.0,2026-02-05 11:37:36.951,CONFIRMED,34E,0e2f11d40ecb3e76d3a30cb8174630196db9fa74b29d965c3c8ef71b6e435a70,0.0,1.0,False,6F034,IndiGo,BOM,DEL,2026-04-20 11:53:41.701,2026-04-20 12:49:41.701,56.0,False,False,Saanvi,N***,30,F,74.01116608796296
B1179,P1639,180.0,2025-10-03 11:37:36.951,CONFIRMED,33D,70e7a5fb17d65d4fb88119cc1c6da0833d2cb160b6b1e78bda5c91285567fd66,10619.52,3.0,True,SJ078,SpiceJet,DEL,HYD,2026-04-20 09:41:41.701,2026-04-20 12:49:41.701,188.0,False,False,Diya,M***,15,M,198.9194994212963
B1180,P1306,171.0,2026-04-10 11:37:36.951,PENDING,22F,a64c6645c82fe4ffc23ec6ea7c130e8367d6bd70ecd25f18b56ece385196170e,,,,AI240,Air India,MAA,DEL,2026-04-20 10:19:41.704,2026-04-20 12:46:41.704,147.0,False,False,Shaurya,V***,54,F,9.945888344907408
B1181,P1533,204.0,2026-03-29 11:37:36.951,CANCELLED,12E,77e39000ffec842565748bc0508ebb84d541dc0722f76377dd6bde1b643994db,,,,SJ002,SpiceJet,DEL,BOM,2026-04-20 07:54:41.701,2026-04-20 12:40:41.701,286.0,False,False,Aditya,V***,49,F,21.84519386574074
B1182,P1727,186.0,2025-08-11 11:37:36.951,CANCELLED,3A,4b02215cb1568771014a68abffbcd6ec51fe62d69e4298f13f6527b168e8faa6,9005.88,1.0,False,AI044,UNKNOWN,MAA,BLR,2026-04-20 09:03:41.701,2026-04-20 12:36:41.701,213.0,False,False,Aadhya,d***,34,M,251.8931105324074
B1183,P1618,202.0,2025-06-22 11:37:36.951,CANCELLED,8C,86829e1ac6a1acf36d7da0fd603c944f246c12f0f24d15eff3f3fe36cfd572f4,,,,UK076,Vistara,MAA,CCU,2026-04-20 08:03:41.702,2026-04-20 12:26:41.702,263.0,False,False,Ishaan,S***,38,F,301.8514438773148
B1184,P1108,168.0,2025-08-01 11:37:36.951,PENDING,28E,62190f4d1de67f08bf3ff0998afd6f4621df5a0e70262d6aafac5cd78318e105,,,,6F232,IndiGo,MAA,BLR,2026-04-20 10:39:41.704,2026-04-20 12:22:41.704,103.0,False,False,Ishaan,K***,8,M,261.9597772337963
B1185,P1371,196.0,2025-08-16 11:37:36.951,CANCELLED,25E,287a4af8dd539be3c956e8e81df69800906e485061ff034901f29aaacc2faaec,13080.31,1.0,False,SJ228,SpiceJet,BOM,CCU,2026-04-20 08:29:41.704,2026-04-20 12:16:41.704,227.0,False,False,Diya,J***,8,M,246.8694994560185
B1186,P1356,155.0,2026-04-04 11:37:36.951,CONFIRMED,1B,d05484ef6ee594fd089629328a74779f1792600441d472b34cb8c2c77ce1debe,,,,SJ074,SpiceJet,DEL,CCU,2026-04-20 11:21:41.701,2026-04-20 12:02:41.701,41.0,False,False,Ananya,R***,48,F,15.98894386574074
B1187,P1180,206.0,2025-08-04 11:37:36.951,PENDING,7F,e41475699a6d3c201ad9db963898e75e8fbd8213261b8c894406d9c6e94c7e78,6625.76,1.0,False,UK229,UNKNOWN,HYD,DEL,2026-04-20 07:40:41.704,2026-04-20 11:57:41.704,257.0,False,False,Anika,G***,9,F,258.8354716782407
B1188,P1355,192.0,2026-04-04 11:37:36.951,CONFIRMED,6A,7a099f39ae7927f371494f99bfb4b5fcb2bf45de0b3224616ecb26e74db6675a,,,,AI208,Air India,BLR,BOM,2026-04-20 08:38:41.703,2026-04-20 11:52:41.703,194.0,False,False,Ishaan,I***,43,F,15.875749444444445
B1189,P1675,165.0,2025-11-23 11:37:36.951,CONFIRMED,14F,1e0b58e9054391e824729c00bd9a72ed93c6016a23b0072fbd154e99ee2f65a2,,,,AI019,Air India,BOM,CCU,2026-04-20 10:49:41.701,2026-04-20 11:51:41.701,62.0,False,False,Myra,D***,6,F,147.96672164351853
B1190,P1067,208.0,2025-05-23 11:37:36.951,PENDING,12B,fb4608a3ca51111db2f3dcfb274b8330443f1146ecbc7da52f6b4eea2896fb78,,,,6F029,IndiGo,BOM,BLR,2026-04-20 07:31:41.701,2026-04-20 11:45:41.701,254.0,False,False,Reyansh,P***,6,F,331.8292216435185
B1191,P1291,162.0,2025-04-27 11:37:36.951,CONFIRMED,25B,667823d76db39ff394497f42abbbda47df86d5f594f022706be101b6cda79e54,,,,6F018,IndiGo,DEL,BLR,2026-04-20 10:57:41.701,2026-04-20 11:43:41.701,46.0,False,False,Anika,V***,48,M,357.9722771990741
B1192,P1691,184.0,2025-06-23 11:37:36.951,CANCELLED,7D,6fc5ff2593b645cd9d045c7fc5f7d08cab180cd780a34ee4b0520d666f14cd9c,0.0,1.0,False,AI059,Air India,CCU,DEL,2026-04-20 09:16:41.701,2026-04-20 11:43:41.701,147.0,False,False,Vivaan,A***,26,M,300.9021383101852
B1193,P1180,182.0,2025-05-22 11:37:36.951,PENDING,13D,afa5b00ae8c19c0b068862b335350ef61024325ff0b31108358e43d01852aa0b,,,,AI159,Air India,HYD,BLR,2026-04-20 09:23:41.703,2026-04-20 11:36:41.703,133.0,False,False,Anika,G***,9,F,332.90699944444447
B1194,P1465,172.0,2025-07-11 11:37:36.951,CONFIRMED,14F,21772342d60b2d2012e4b6962542c080e1ca1487037d6b8239896ed6cb6b76c3,,,,6F091,IndiGo,BLR,CCU,2026-04-20 10:10:41.702,2026-04-20 11:36:41.702,86.0,False,False,Vivaan,C***,24,M,282.9396383217592
B1195,P1433,169.0,2025-07-20 11:37:36.951,CANCELLED,10B,7a5de755198c824b76ea8202754ee9c71c41497cb1622c9709856ffcc2c531e9,19224.28,2.0,True,6F084,IndiGo,CCU,HYD,2026-04-20 10:34:41.702,2026-04-20 11:34:42.000,60.00496666666666,False,False,Reyansh,N***,22,F,273.9563049884259
B1196,P1463,179.0,2026-01-15 11:37:36.951,CANCELLED,20C,410a1643c227b32811dc1f1054358bb88c2f6a08f88628e7abb23199a9c11964,,,,UK170,Vistara,BOM,BLR,2026-04-20 09:42:41.703,2026-04-20 11:32:41.703,110.0,False,False,Vivaan,G***,4,F,94.92019388888889
B1197,P1680,166.0,2025-05-19 11:37:36.951,CONFIRMED,2E,b4308a23ef27362101f51341aeca9c05d744a1b4da95a3b8c228ec1a5108bb39,8876.86,1.0,False,UK212,Vistara,HYD,MAA,2026-04-20 10:46:41.704,2026-04-20 11:31:41.704,45.0,False,False,Ira,I***,66,M,335.96463834490737
B1198,P1913,203.0,2025-06-16 11:37:36.951,INVALID,29A,e443111bff25ce9e1730151bb67a108c4270ef5a155aa4970a4253ed7c3ef7be,1830.32,1.0,False,SJ022,SpiceJet,DEL,BLR,2026-04-20 07:56:41.701,2026-04-20 11:07:41.701,191.0,False,False,Ananya,N***,66,F,307.84658275462965
B1199,P1533,181.0,2025-12-13 11:37:36.951,PENDING,30E,e44d23e29f0e31c6ae6853ad5afc49a40854067ae095e5b2893409474990366b,13499.52,2.0,True,SJ075,SpiceJet,MAA,BLR,2026-04-20 09:26:41.701,2026-04-20 11:03:41.701,97.0,False,False,Aditya,V***,49,F,127.90908275462964
B1200,P1065,218.0,2025-09-17 11:37:36.951,CONFIRMED,16B,d5b06c9879e936525d55e9d22dd1e877f5ae1cd005dce516184b8a85d1cf10b3,30813.57,3.0,True,UK177,Vistara,DEL,HYD,2026-04-20 06:21:41.703,2026-04-20 10:50:41.703,269.0,False,False,Ishaan,K***,4,F,214.78061055555557
B1201,P1020,221.0,2026-02-01 11:37:36.951,CANCELLED,3A,3e29f2cb2f8234e9a7756ff746a2123fb275da166d8c30cd10af66676551361e,7338.75,1.0,False,UK206,Vistara,MAA,BLR,2026-04-20 06:01:41.703,2026-04-20 10:34:41.703,273.0,False,False,Ananya,K***,60,M,77.76672166666667
B1202,P1611,212.0,2025-04-29 11:37:36.951,CANCELLED,29C,69fda9e79160beb599b6b5c9715e63fe520f6ee51068c37a6a40169c60e40e31,1973.12,1.0,False,UK079,Vistara,DEL,BLR,2026-04-20 06:43:41.702,2026-04-20 10:34:41.702,231.0,False,False,Sai,B***,3,F,355.79588832175926
B1203,P1383,185.0,2025-06-21 11:37:36.951,CONFIRMED,3B,0a16a9bbb8a5b9ee36598ca89c4cd865d579b853dcfdd46a5bee787bf3b038ed,12774.63,1.0,False,UK040,Vistara,HYD,CCU,2026-04-20 09:15:41.701,2026-04-20 10:32:41.701,77.0,False,False,Arjun,N***,25,M,302.90144386574076
B1204,P1811,223.0,2025-07-25 11:37:36.951,CONFIRMED,30A,814d6c12e4912cffb6a2df504af504a16c6f9de1434f921402e798e7b56717ff,14106.07,1.0,False,AI034,Air India,DEL,BOM,2026-04-20 05:48:41.701,2026-04-20 10:31:41.701,283.0,False,False,Muhammad, ***,12,F,268.75769386574075
B1205,P1614,211.0,2025-10-18 11:37:36.951,CONFIRMED,23F,ee04af9da49bffa256b08ef986c1d0b2af336bd8323613a185905965f9b898c7,10452.65,1.0,False,UK034,Vistara,DEL,BLR,2026-04-20 06:47:41.701,2026-04-20 10:11:41.701,204.0,False,False,Aarav,R***,63,F,183.79866608796297
B1206,P1558,217.0,2025-07-02 11:37:36.951,CONFIRMED,13A,92b485c38fbce3d1a40af3b43d935b3b727791be8875f8e28cacc868d0aad180,,,,AI088,UNKNOWN,MAA,DEL,2026-04-20 06:34:41.702,2026-04-20 10:10:41.702,216.0,False,False,Diya,J***,39,M,291.78963832175924
B1207,P1038,219.0,2025-06-11 11:37:36.951,PENDING,26A,469b6ab25310994bf9eb7db6513f5f6d565bddd4dd41830fa75da066a1966a5c,10823.99,1.0,False,AI128,UNKNOWN,BOM,CCU,2026-04-20 06:07:41.702,2026-04-20 10:03:41.702,236.0,False,False,Ira,P***,55,M,312.77088832175923
B1208,P1284,199.0,2025-07-22 11:37:36.951,INVALID,9A,95582300eb4865acd045e42dcbb693cc823d40303b6cd1c0a55f441b75b79acd,22071.57,2.0,True,SJ052,SpiceJet,MAA,BLR,2026-04-20 08:20:41.701,2026-04-20 09:57:41.701,97.0,False,False,Vivaan,M***,61,M,271.8632494212963
B1209,P1821,200.0,2025-12-15 11:37:36.951,PENDING,3A,d4b8065ae6c579acd7c338d72e51095dd9715a3f625eb019d57072ac1e28a3e1,10307.2,1.0,False,AI233,Air India,BLR,BOM,2026-04-20 08:04:41.704,2026-04-20 09:52:41.704,108.0,False,False,Aadhya,P***,86,M,125.85213834490742
B1210,P1601,224.0,2026-01-20 11:37:36.951,PENDING,3C,4c431f72d5d04d2f7eb54b9bcfd055d7a838af448282727ad5f98a15a7bf9bd8,,,,AI012,Air India,BOM,CCU,2026-04-20 05:44:41.701,2026-04-20 09:47:41.701,243.0,False,False,Krishna,N***,39,M,89.75491608796297
B1211,P1596,195.0,2025-07-07 11:37:36.951,CONFIRMED,34A,023ae20162c2f3178bd4afd815c1f6538d442639481ec353e661efa23d9a8066,,,,AI084,Air India,BOM,HYD,2026-04-20 08:31:41.702,2026-04-20 09:46:41.702,75.0,False,False,Vivaan,D***,61,M,286.87088832175925
B1212,P1784,198.0,2025-07-08 11:37:36.951,PENDING,34B,3af066e17c571ac5b0bfece9ea56058e0524ed72ad0ba644da1b790c696e6716,8421.62,1.0,False,6F126,IndiGo,CCU,MAA,2026-04-20 08:21:41.702,2026-04-20 09:39:41.702,78.0,False,False,Ira,K***,55,F,285.8639438773148
B1213,P1335,214.0,2025-06-16 11:37:36.951,CONFIRMED,2E,6de19bcd15edd069bf30647a26e17387ce2b95d756451c3a86d97c0f59593e54,,,,SJ061,SpiceJet,MAA,BLR,2026-04-20 06:38:41.701,2026-04-20 09:35:41.701,177.0,False,False,Aadhya,P***,87,F,307.792416087963
B1214,P1187,197.0,2025-08-14 11:37:36.951,UNKNOWN,23B,c88d65fea3680e5f9d1f71ed7ed3d9f186af7c4cfedadf768ea8c93a57f2c25f,,,,UK194,Vistara,CCU,BOM,2026-04-20 08:26:41.703,2026-04-20 09:26:42.000,60.00495,False,False,Aditya,D***,59,F,248.8674161111111
B1215,P1670,213.0,2025-08-08 11:37:36.951,CANCELLED,28C,a4ccb4cebf51d991d78c8cf77077e243f5155e04690a07d20d8b8b3c6c1d09ae,11951.15,2.0,True,AI135,Air India,BLR,BOM,2026-04-20 06:40:41.702,2026-04-20 09:21:41.702,161.0,False,False,Aarav,B***,77,M,254.7938049884259
B1216,P1242,194.0,2025-12-09 11:37:36.951,CONFIRMED,10A,9e7c2e3450410e8a398b07b4ab3cd22eb4a90d3c7f309250034def2619afce0d,19165.81,3.0,True,6F238,IndiGo,BOM,DEL,2026-04-20 08:31:41.704,2026-04-20 09:19:41.704,48.0,False,False,Ishaan,N***,82,M,131.8708883449074
B1217,P1072,191.0,2026-03-19 11:37:36.951,CANCELLED,32C,6dc3d57d8ab76aa9d73c5f9badbce0d740d7308ab94ec1c650c31d41547f0b33,,,,6F092,IndiGo,MAA,BLR,2026-04-20 08:39:41.702,2026-04-20 09:15:41.702,36.0,False,False,Krishna,B***,18,M,31.876443877314816
B1218,P1478,201.0,2025-11-13 11:37:36.951,PENDING,2D,f1b8efb28ccf874abcceafa0c060b1597785842c7a2da8e94f1b35b149a1da81,,,,AI213,Air India,HYD,CCU,2026-04-20 08:03:41.703,2026-04-20 09:14:41.703,71.0,False,False,Myra,K***,43,M,157.8514438888889
B1219,P1973,190.0,2026-02-15 11:37:36.951,CANCELLED,1B,e6f7c7df80fc633fa4ac30338eff62f929800f2643569257433955042331a89f,,,,UK193,Vistara,HYD,DEL,2026-04-20 08:39:41.703,2026-04-20 09:14:41.703,35.0,False,False,Kavya,M***,40,F,63.87644388888889
B1220,P1560,230.0,2026-04-04 11:37:36.951,PENDING,29C,2a111245db330168e7329b3680eda2702026242b1d14da346a34b2292688f555,11075.72,1.0,False,6F178,IndiGo,BOM,CCU,2026-04-20 04:48:41.703,2026-04-20 09:11:41.703,263.0,False,False,Muhammad,J***,5,M,15.716027222222223
B1221,P1100,220.0,2026-03-06 11:37:36.951,CONFIRMED,19D,43dd69fe388e42171af5ac09ef66076abd3c2e1cad609508618bc88ed4902104,18797.11,2.0,True,AI158,Air India,CCU,DEL,2026-04-20 06:04:41.703,2026-04-20 09:01:41.703,177.0,False,False,Muhammad,J***,9,M,44.768805
B1222,P1513,243.0,2026-03-30 11:37:36.951,PENDING,8A,b36b5e62db340ae2441a54ace93d3fb457e313ef26b5f4f1db594ea6912ab2cd,,,,UK208,Vistara,DEL,CCU,2026-04-20 03:54:41.704,2026-04-20 08:51:41.704,297.0,False,False,Myra,K***,36,M,20.678527233796295
B1223,P1755,209.0,2026-04-09 11:37:36.951,UNKNOWN,15A,102bf3cf727cb98767a5fd7b0a2795fb68b856bfe71a490945a40be3d72f0134,1794.08,1.0,False,6F056,IndiGo,BOM,MAA,2026-04-20 07:00:41.701,2026-04-20 08:49:41.701,109.0,False,False,Reyansh,V***,79,M,10.80769386574074
B1224,P1175,207.0,2025-10-26 11:37:36.951,CONFIRMED,1E,52bb409870cf2f6bd7eeab38acdd21f5ba9684edbf010194a59e84f28bc5802d,,,,UK185,Vistara,DEL,MAA,2026-04-20 07:31:41.703,2026-04-20 08:48:41.703,77.0,False,False,Muhammad,M***,77,F,175.82922166666668
B1225,P1237,205.0,2026-01-13 11:37:36.951,PENDING,4D,6c2608bc4b6a8e04f0ba56e37e4d68cd55501b8b2ce1161d64b39ec8019b6b96,3894.65,2.0,True,AI163,Air India,HYD,MAA,2026-04-20 07:45:41.703,2026-04-20 08:46:41.703,61.0,False,False,Ishaan,K***,71,F,96.83894388888889
B1226,P1909,232.0,2025-08-23 11:37:36.951,CONFIRMED,15C,7c9b8796ace1872c7799723a905197a51d319c92391649ae6457f017208fbe45,8968.11,1.0,False,AI112,Air India,DEL,BLR,2026-04-20 04:41:41.702,2026-04-20 08:24:41.702,223.0,False,False,Ananya,C***,6,M,239.71116609953702
B1227,P1058,235.0,2025-10-23 11:37:36.951,CANCELLED,12A,53d5b02c4ececebc0679f0567c73dc3ceb5871e6097d281812cc3fb18698caa4,0.0,1.0,False,AI227,Air India,BLR,MAA,2026-04-20 04:31:41.703,2026-04-20 08:17:41.703,226.0,False,False,Diya,M***,8,F,178.70422166666668
B1228,P1864,226.0,2026-04-17 11:37:36.951,CONFIRMED,29D,5cea9f976a13567d82650e259a45fe934c19447efee2dc6a69b5f0ab77cc26b3,11716.58,2.0,True,SJ083,SpiceJet,MAA,BLR,2026-04-20 05:13:41.702,2026-04-20 08:17:41.702,184.0,False,False,Anika,S***,84,M,2.733388321759259
B1229,P1098,239.0,2026-02-07 11:37:36.951,CONFIRMED,13F,e7d8dac664c7741b9af68ab674ae2bde534a8e5d4effcd52866422b42d8eab7b,,,,UK073,Vistara,BLR,CCU,2026-04-20 03:59:41.702,2026-04-20 08:09:41.702,250.0,False,False,Reyansh,C***,89,F,71.68199943287037
B1230,P1953,247.0,2025-04-29 11:37:36.951,PENDING,6C,c07e950faded43375baf567f1e65af499ac3566a42c06d8daaa40dbec2432a46,4531.77,1.0,False,6F169,IndiGo,BOM,DEL,2026-04-20 03:27:41.703,2026-04-20 08:06:41.703,279.0,False,False,Kavya,I***,73,F,355.6597772222222
B1231,P1870,238.0,2026-04-06 11:37:36.951,CANCELLED,27D,56faa0947b399988d74a3593596fbf7402db998ca43e14fd6831bad1cb659498,11556.42,2.0,True,UK154,Vistara,MAA,HYD,2026-04-20 04:00:41.703,2026-04-20 07:57:41.703,237.0,False,False,Reyansh,P***,86,F,13.68269388888889
B1232,P1953,255.0,2025-10-06 11:37:36.951,CONFIRMED,32F,01707546bff7edec03c00172018ff1957511e12f110ca6db1d04aa8adb589f2a,,,,SJ169,SpiceJet,BOM,MAA,2026-04-20 03:10:41.703,2026-04-20 07:56:41.703,286.0,False,False,Kavya,I***,73,F,195.64797166666668
B1233,P1494,252.0,2025-05-13 11:37:36.951,CANCELLED,5F,bb896c0cbe48a46d20eb8be711a12e37cef6612cf4602106e44c0cc7eda92858,1617.29,1.0,False,6F187,IndiGo,BOM,MAA,2026-04-20 03:19:41.703,2026-04-20 07:37:41.703,258.0,False,False,Krishna,C***,81,F,341.6542216666667
B1234,P1946,216.0,2025-11-21 11:37:36.951,CANCELLED,33A,39097a96fd52f1ab575064b84aea1a1cf7d1f292f1a1f0a78a3ff315753ac594,7984.22,1.0,False,UK210,Vistara,DEL,CCU,2026-04-20 06:35:41.704,2026-04-20 07:30:41.704,55.0,False,False,Aditya,M***,2,M,149.79033278935185
B1236,P1513,210.0,2025-07-05 11:37:36.951,CONFIRMED,25A,271679179d225d9003b9302fdba69f47c23566780d5e4f906ea5203eb24d005e,,,,AI062,Air India,MAA,DEL,2026-04-20 06:49:41.701,2026-04-20 07:25:41.701,36.0,False,False,Myra,K***,36,M,288.80005497685187
B1237,P1754,215.0,2025-11-16 11:37:36.951,UNKNOWN,15B,121b9f591e6061df87f87d4d26b0ad0cccc70d64b7807a15ac348256b4da8d3c,,,,AI047,UNKNOWN,CCU,MAA,2026-04-20 06:36:41.701,2026-04-20 07:23:41.701,47.0,False,False,Arjun,G***,30,M,154.79102719907408
B1238,P1296,227.0,2025-10-20 11:37:36.951,UNKNOWN,8E,ad635b7764298da4a1ba1517a21fe4c375f57ac073e34ff7e32a508c29f6a51f,3231.46,1.0,False,SJ186,SpiceJet,CCU,DEL,2026-04-20 05:11:41.703,2026-04-20 07:22:41.703,131.0,False,False,Aarav,J***,17,F,181.73199944444445
B1239,P1210,229.0,2025-11-17 11:37:36.951,CANCELLED,30A,bfcfa5d90de2ed500ae6db328dbf58f7f9eeeca47def190af8fcb2f37471d9ce,8821.9,1.0,False,AI217,Air India,CCU,BLR,2026-04-20 04:57:41.703,2026-04-20 07:14:41.703,137.0,False,False,Saanvi,S***,32,F,153.72227722222223
B1240,P1122,233.0,2025-12-31 11:37:36.951,CONFIRMED,17A,cba42f3eeb784d654c1b82b776ab102f87a52844746981a5aa8b795658b60481,12241.53,1.0,False,UK100,Vistara,CCU,BLR,2026-04-20 04:40:41.702,2026-04-20 07:12:41.702,152.0,False,False,Ananya,V***,23,M,109.71047165509259
B1241,P1228,254.0,2025-12-16 11:37:36.951,CONFIRMED,10A,3908b31871d0dc99ce6c5c6f9400b196be23f1b17da44490dce921d0e5c19530,0.0,1.0,False,UK116,Vistara,CCU,BOM,2026-04-20 03:18:41.702,2026-04-20 07:06:41.702,228.0,False,False,Anika,I***,80,F,124.65352721064815
B1242,P1593,269.0,2025-12-01 11:37:36.951,CANCELLED,26C,35124f879d9bdc9c7bd6151647e05e93c1e68285744adc7d56ac67bf6490e180,,,,6F036,IndiGo,CCU,BLR,2026-04-20 02:14:41.701,2026-04-20 06:57:41.701,283.0,False,False,Myra,I***,70,F,139.60908275462964
B1243,P1655,256.0,2026-01-22 11:37:36.951,CANCELLED,29E,f01fed20d615bfb1395af50e6501d30d5cd0f5c31654a5bfb892674c9ab720ba,,,,AI175,Air India,BOM,HYD,2026-04-20 03:08:41.703,2026-04-20 06:55:41.703,227.0,False,False,Aditya,S***,8,M,87.64658277777778
B1244,P1387,242.0,2025-08-18 11:37:36.951,CONFIRMED,27D,a096da9604312585bae2f16bbe292163cc231001d4421ea0cea2460cbd47a7a5,4953.56,1.0,False,UK051,Vistara,HYD,DEL,2026-04-20 03:55:41.701,2026-04-20 06:55:41.701,180.0,False,False,Anika,S***,22,F,244.67922164351853
B1245,P1139,270.0,2026-04-17 11:37:36.951,UNKNOWN,26A,158444325e6a5961f2b246310e9967f157aed4d5f6f173c85ec59324eaeab8ca,3162.91,1.0,False,6F201,IndiGo,CCU,BOM,2026-04-20 02:09:41.703,2026-04-20 06:49:41.703,280.0,False,False,Aarav,A***,15,F,2.6056105555555558
B1246,P1540,246.0,2026-04-09 11:37:36.951,CONFIRMED,33B,0da0daebff36ffa79c7e6d9d18e839fa46452b26d7320921cccc19ce880ae953,11516.06,1.0,False,6F230,IndiGo,CCU,BLR,2026-04-20 03:34:41.704,2026-04-20 06:47:41.704,193.0,False,False,Kavya,K***,28,F,10.664638344907408
B1247,P1390,222.0,2025-08-13 11:37:36.951,CANCELLED,15F,29e7e007c93225f8a5e240d0f8789e31feb99b80da4984f106dc3f9120f385e1,7658.69,1.0,False,SJ138,UNKNOWN,BLR,BOM,2026-04-20 05:55:41.702,2026-04-20 06:43:41.702,48.0,False,False,Aarav,M***,86,F,249.7625549884259
B1248,P1269,251.0,2026-03-04 11:37:36.951,PENDING,16B,983f6a394bfa18dcd892074686c0d0998d7359181eec8494c72a92c740c5eb48,,,,AI246,Air India,BOM,BLR,2026-04-20 03:22:41.704,2026-04-20 06:41:41.704,199.0,False,False,Aarav,V***,33,M,46.65630501157408
B1249,P1758,265.0,2025-06-06 11:37:36.951,CANCELLED,26B,48fd39716a1b09b8013a46ceee6df87753fe3f7cd028a2fc90ffbe4e1a3db18a,5024.44,2.0,True,6F179,IndiGo,HYD,MAA,2026-04-20 02:25:41.703,2026-04-20 06:40:41.703,255.0,False,False,Shaurya,A***,52,M,317.61672166666665
B1250,P1011,273.0,2026-01-28 11:37:36.951,CANCELLED,16F,b05acaaa26ffe2cfd7f1540caa0b6cdd669041bcf7a9f7627542d2d867b18fbd,6497.92,1.0,False,6F031,IndiGo,BOM,BLR,2026-04-20 02:00:41.701,2026-04-20 06:37:41.701,277.0,False,False,Sara,N***,3,M,81.5993605324074
B1251,P1866,231.0,2025-08-30 11:37:36.951,PENDING,29A,ad3874deb14adcb7c55ed1ad0275141741910c25688c46c97e917ec4ba13363d,6952.65,1.0,False,UK015,Vistara,BLR,BOM,2026-04-20 04:46:41.701,2026-04-20 06:33:41.701,107.0,False,False,Ishaan,G***,68,F,232.7146383101852
B1252,P1388,228.0,2025-04-21 11:37:36.951,CANCELLED,27C,72295d408d5005a6471d7caa3ffddf7d7edc3a2e630f954b96b54754cfebe6f8,1480.08,1.0,False,UK001,Vistara,CCU,DEL,2026-04-20 05:06:41.700,2026-04-20 06:31:41.700,85.0,False,False,Reyansh,D***,58,M,363.7285271875
B1253,P1336,234.0,2026-02-27 11:37:36.951,CANCELLED,15E,ea593d2c3b9d9ab76a4a702e2105a747d3f773561532472e36e3624ba948299f,16182.17,2.0,True,6F133,IndiGo,MAA,BLR,2026-04-20 04:38:41.702,2026-04-20 06:25:41.702,107.0,False,False,Arjun,I***,33,M,51.70908276620371
B1254,P1505,271.0,2025-07-22 11:37:36.951,CANCELLED,5D,47682f6856f8cd6f968a693fc5b4f7174f44f40b7efa11d9c3525e9edd080630,0.0,1.0,False,6F143,IndiGo,CCU,DEL,2026-04-20 02:09:41.702,2026-04-20 06:08:41.702,239.0,False,False,Myra,M***,89,F,271.60561054398147
B1255,P1105,274.0,2025-09-22 11:37:36.951,CANCELLED,23F,219bef4831f829eba13ef950bb31040d50925853855124b6e147fdeaff799216,1412.67,1.0,False,UK165,Vistara,DEL,BLR,2026-04-20 01:51:41.703,2026-04-20 06:04:41.703,253.0,False,False,Muhammad,S***,63,F,209.59311055555557
B1256,P1031,225.0,2025-08-10 11:37:36.951,CANCELLED,22B,48493a1e456195504efc37245c15adf5e014422138e19c6a152b175b89eae6e8,2040.64,1.0,False,6F083,IndiGo,BLR,DEL,2026-04-20 05:24:41.702,2026-04-20 06:03:41.702,39.0,False,False,Shaurya,P***,80,M,252.74102721064813
B1257,P1073,253.0,2025-08-19 11:37:36.951,CANCELLED,11C,b9d993e38146c100a794784374ec2e297cb1fb852088bf82b1e08c3f4743f23c,13028.65,1.0,False,AI082,Air India,DEL,CCU,2026-04-20 03:19:41.702,2026-04-20 06:01:41.702,162.0,False,False,Ananya,P***,44,M,243.65422165509258
B1258,P1170,240.0,2025-10-28 11:37:36.951,CANCELLED,21F,d42f09f610f9243a5d615f5ae0bc93909893393f65af728b03bb56c0d655891a,,,,AI164,Air India,DEL,BLR,2026-04-20 03:57:41.703,2026-04-20 05:45:41.703,108.0,False,False,Aditya,M***,89,F,173.68061055555555
B1259,P1848,287.0,2026-01-19 11:37:36.951,CANCELLED,31F,4b77e15ca9a67f1445ad49750ca3e95e4f953556307d6a8d2b3f2d0bc4e30c70,12805.67,1.0,False,SJ155,SpiceJet,DEL,CCU,2026-04-20 00:38:41.702,2026-04-20 05:38:41.702,300.0,False,False,Kavya,R***,23,M,90.54241609953704
B1260,P1068,245.0,2026-01-04 11:37:36.951,CANCELLED,1D,4523ef270407c19e4f086d29234321e612e68c190279f639f1bc790d54d08b88,16293.859999999999,3.0,True,AI189,Air India,CCU,DEL,2026-04-20 03:44:41.703,2026-04-20 05:32:41.703,108.0,False,False,Sai,B***,54,M,105.67158277777779
B1261,P1812,268.0,2025-12-21 11:37:36.951,CONFIRMED,34A,8b12b9b6c47a74bc099d5cab1ebfa24bb47dc6dbe718b757ec605d61bb733c95,,,,SJ057,SpiceJet,BOM,CCU,2026-04-20 02:17:41.701,2026-04-20 05:29:41.701,192.0,False,False,Muhammad,P***,46,F,119.61116608796296
B1262,P1361,285.0,2025-05-07 11:37:36.951,CONFIRMED,16F,93b683f45f63e7161753160421b56aa7818051e3b9e39b57e6491af9e3694512,10619.2,2.0,True,SJ198,SpiceJet,CCU,BOM,2026-04-20 00:47:41.703,2026-04-20 05:28:41.703,281.0,False,False,Anika,P***,25,F,347.5486661111111
B1263,P1648,275.0,2026-01-03 11:37:36.951,CANCELLED,6C,363b9fb8fce1194f32f7ea4f43e23e713f3724b8f21ec8408afde36934413c25,12480.9,2.0,True,6F122,IndiGo,DEL,BLR,2026-04-20 01:44:41.702,2026-04-20 05:28:41.702,224.0,False,False,Arjun,A***,12,M,106.58824943287037
B1264,P1432,263.0,2026-04-15 11:37:36.951,CONFIRMED,12A,d2eaa1f0d671e6fe921ad536c4ac241d35c79cd91442d83e8012f0dc3d9402cb,8599.61,2.0,True,SJ097,SpiceJet,BOM,CCU,2026-04-20 02:37:41.702,2026-04-20 05:27:41.702,170.0,False,False,Sai,C***,69,F,4.6250549884259256
B1265,P1928,237.0,2025-08-06 11:37:36.951,PENDING,28F,9042ffc6235420bc16844f9582e7d5fdc82f072ba166f1db543ce1b1c8521315,,,,UK203,Vistara,BLR,HYD,2026-04-20 04:12:41.703,2026-04-20 05:24:41.703,72.0,False,False,Shaurya,A***,12,M,256.6910272222222
B1266,P1995,236.0,2026-01-16 11:37:36.951,CONFIRMED,27F,73908b01d924b10c68b3844ae60834c81ea6cb86ca144d7cad49b075d3f4c45b,14431.32,1.0,False,UK093,Vistara,HYD,CCU,2026-04-20 04:31:41.702,2026-04-20 05:21:41.702,50.0,False,False,Arjun,V***,18,F,93.7042216550926
B1267,P1099,248.0,2025-05-21 11:37:36.951,CANCELLED,32A,eb44b7a5311fd8e71596b4925d7e6fbc8df8a35a38634283e5f8d904b1699a60,16308.98,2.0,True,AI205,Air India,BLR,BOM,2026-04-20 03:26:41.703,2026-04-20 05:14:41.703,108.0,False,False,Vivaan,A***,71,F,333.65908277777777
B1268,P1657,290.0,2026-01-16 11:37:36.951,INVALID,12A,3cff8374d208d71751698ccb6dc8b34774088e29be8970311727463ad5ef5538,13289.27,1.0,False,AI102,Air India,CCU,BLR,2026-04-20 00:17:41.702,2026-04-20 05:08:41.702,291.0,False,False,Sai,K***,8,F,93.5278327662037
B1269,P1008,277.0,2025-09-06 11:37:36.951,CONFIRMED,4C,8739a392d975ad68d40e3505b336a8ecac430bc2aed3b5b6348321f6de0d3703,21299.7,2.0,True,6F046,IndiGo,DEL,BLR,2026-04-20 01:27:41.701,2026-04-20 05:08:41.701,221.0,False,False,Kavya,P***,75,M,225.57644386574074
B1270,P1573,259.0,2025-06-02 11:37:36.951,UNKNOWN,22E,5cfcbbb44314e2ad5a8778bdb200f9fb146db654372473549fb07012ee96d3cd,,,,SJ017,SpiceJet,DEL,MAA,2026-04-20 02:57:41.701,2026-04-20 05:00:41.701,123.0,False,False,Ishaan,S***,40,F,321.6389438657407
B1271,P1696,266.0,2025-10-20 11:37:36.951,PENDING,28B,d8ba4d5d252f7b48c9bd83043b496aeaac83a708891e7ebdf750da7ddc68d280,12211.33,1.0,False,6F156,IndiGo,MAA,BOM,2026-04-20 02:23:41.703,2026-04-20 04:57:41.703,154.0,False,False,Riya,S***,27,M,181.61533277777778
B1272,P1028,262.0,2025-07-18 11:37:36.951,PENDING,19A,640500d978ddaa98d31fb112c1563d1f47258c81e6d0d7a162ac0537fecdd92e,30432.86,4.0,True,AI068,Air India,BOM,BLR,2026-04-20 02:48:41.702,2026-04-20 04:48:42.000,120.00496666666666,False,False,Aadhya,M***,59,F,275.6326938773148
B1273,P1892,244.0,2025-06-05 11:37:36.951,UNKNOWN,28B,069b2c7abe450ba5f6ba863da4de7bb0be1c05c94659d3fdafc3737d63063116,9142.12,2.0,True,AI150,Air India,BOM,DEL,2026-04-20 03:51:41.703,2026-04-20 04:38:41.703,47.0,False,False,Aadhya,M***,75,F,318.6764438888889
B1274,P1113,241.0,2025-10-15 11:37:36.951,PENDING,20D,df9df1cea85fc191751add8bf025303f021ea73c73043298127f23ad838899e5,8582.34,1.0,False,UK008,Vistara,CCU,BLR,2026-04-20 03:57:41.701,2026-04-20 04:34:41.701,37.0,False,False,Anika,P***,41,F,186.6806105324074
B1275,P1461,291.0,2025-07-11 11:37:36.951,PENDING,18F,d7881e02ec5c14d4da7f2f97908c12ffbf840118b6daed488ed58ba998da7649,,,,6F166,IndiGo,BOM,CCU,2026-04-20 00:03:41.703,2026-04-20 04:33:41.703,270.0,False,False,Reyansh,V***,1,M,282.51811055555555
B1276,P1920,272.0,2025-07-15 11:37:36.951,CONFIRMED,1A,00e170dec3f39461ba6e53903b1a87e14b35bb0045d7c7ee93433766342ea30c,9396.07,1.0,False,6F177,IndiGo,HYD,MAA,2026-04-20 02:03:41.703,2026-04-20 04:25:41.703,142.0,False,False,Reyansh,A***,44,F,278.60144388888887
B1277,P1142,261.0,2026-01-19 11:37:36.951,PENDING,12E,142f5cb76d1edde195fade290aba8156708b312316962f5d0a3e56055eeb8f84,,,,AI196,Air India,MAA,HYD,2026-04-20 02:52:41.703,2026-04-20 04:25:41.703,93.0,False,False,Saanvi,N***,51,F,90.63547166666667
B1278,P1389,258.0,2025-08-09 11:37:36.951,CONFIRMED,5B,0003f77c12cdd762db1e56e7388f6e55d4f470dde0fd0fff165f6a225af5a1d8,,,,SJ191,SpiceJet,BLR,BOM,2026-04-20 03:01:41.703,2026-04-20 04:23:41.703,82.0,False,False,Muhammad,C***,58,M,253.64172166666668
B1279,P1631,289.0,2025-05-10 11:37:36.951,UNKNOWN,28C,4190b8c35d5ceac4714eb7bccae04e43d3117777859b9a066afa24d4ab7a358b,5467.05,1.0,False,6F019,IndiGo,BLR,BOM,2026-04-20 00:19:41.701,2026-04-20 04:14:41.701,235.0,False,False,Muhammad,D***,36,F,344.5292216435185
B1280,P1681,281.0,2026-04-12 11:37:36.951,CONFIRMED,33B,217ef94d41a61ab6813b69152cfbd41bc74aa4cc0f5b43bf31084b9f90a8aae0,,,,AI226,UNKNOWN,BLR,HYD,2026-04-20 01:19:41.703,2026-04-20 04:08:41.703,169.0,False,False,Anika,A***,10,M,7.570888333333333
B1281,P1156,284.0,2026-01-21 11:37:36.951,CANCELLED,4A,348a1a78e838501bc087d402690b132808681aa324a4061ba1ad587aa40a0dd4,4413.8,1.0,False,SJ207,SpiceJet,DEL,CCU,2026-04-20 00:52:41.703,2026-04-20 04:05:41.703,193.0,False,False,Reyansh,M***,28,M,88.55213833333333
B1282,P1334,276.0,2025-12-30 11:37:36.951,CANCELLED,8B,d81e45c4922a75eafd7cccd66cf3090d7395e6f2428eba05c09fa39f4d4db8c3,,,,AI009,UNKNOWN,DEL,CCU,2026-04-20 01:31:41.701,2026-04-20 04:05:41.701,154.0,False,False,Myra,I***,32,M,110.57922164351852
B1283,P1860,249.0,2025-05-08 11:37:36.951,INVALID,29D,9ab4808a0aee5a554d381ff56321cbe1de32ec0d2bdb07d711686286906705a0,8606.06,2.0,True,AI103,Air India,BLR,BOM,2026-04-20 03:26:41.702,2026-04-20 04:04:41.702,38.0,False,False,Sara,C***,44,M,346.6590827662037
B1284,P1259,280.0,2026-02-22 11:37:36.951,CANCELLED,25F,d6f10f5ff45f64005c91a2e9d84f106266c47ff2cc49ee2dad080dec2fd6ed92,12706.73,2.0,True,SJ127,SpiceJet,BOM,DEL,2026-04-20 01:21:41.702,2026-04-20 03:58:41.702,157.0,False,False,Reyansh,P***,37,M,56.57227721064815
B1285,P1081,260.0,2026-03-26 11:37:36.951,CANCELLED,25B,1b57d26efecdc40edf4402903798fb8de4dd784962f81b55d7a5e48c0844f02e,1207.32,1.0,False,UK188,Vistara,MAA,BLR,2026-04-20 02:55:41.703,2026-04-20 03:44:41.703,49.0,False,False,Kavya,G***,78,M,24.637555
B1286,P1753,293.0,2025-09-25 11:37:36.951,INVALID,33B,59f5bf71fe37d7561f05eb4b1a9af6972df9e68eec49fa180acea12cfe16281d,,,,6F010,IndiGo,DEL,BLR,2026-04-19 23:53:41.701,2026-04-20 03:44:41.701,231.0,True,False,Diya,R***,82,F,206.51116608796298
B1287,P1440,257.0,2025-12-13 11:37:36.951,CANCELLED,5F,665cda5ea3706bcc0ca32c7d2959902df3591c2456a0ff3e6ae508fec1030cf5,22303.69,2.0,True,SJ098,SpiceJet,HYD,MAA,2026-04-20 03:02:41.702,2026-04-20 03:37:41.702,35.0,False,False,Reyansh,C***,57,M,127.64241609953704
B1288,P1944,283.0,2025-12-11 11:37:36.951,PENDING,18C,0a453657a8991145cbe32f1f76df08a0570cd50e031b17bc2b44db73088651e9,9254.89,2.0,True,6F058,IndiGo,BOM,CCU,2026-04-20 01:04:41.701,2026-04-20 03:33:41.701,149.0,False,False,Riya,G***,10,M,129.56047164351853
B1289,P1171,264.0,2026-03-23 11:37:36.951,PENDING,24F,912e5deff48e328c894dab139ca72303380d8f75d8abc97c7ea9ab4a724ad764,12016.99,2.0,True,SJ030,SpiceJet,DEL,HYD,2026-04-20 02:36:41.701,2026-04-20 03:19:41.701,43.0,False,False,Ishaan,B***,62,M,27.624360532407408
B1290,P1230,292.0,2025-07-26 11:37:36.951,CANCELLED,16F,959dbab753b9827301f1f2199c20e783c7bc6b510be6fe3ba0958148ad357305,13471.57,1.0,False,UK175,Vistara,BLR,BOM,2026-04-19 23:56:41.703,2026-04-20 03:18:41.703,202.0,True,False,Kavya,M***,20,F,267.51324944444445
B1291,P1719,286.0,2026-04-01 11:37:36.951,PENDING,28E,b64d80e52b6b05a4821654bf5a15b4a93a383119bf62b33e4f092198d3f2e4c2,4129.39,1.0,False,SJ108,SpiceJet,BLR,HYD,2026-04-20 00:40:41.702,2026-04-20 03:16:41.702,156.0,False,False,Shaurya,G***,1,F,18.543804988425926
B1292,P1074,308.0,2025-08-03 11:37:36.951,CONFIRMED,7C,ef61e9a15b7fa058cdcb16caf7ab9720db6601182780d4a470deaa62dfd33d02,22109.52,2.0,True,6F075,IndiGo,BOM,CCU,2026-04-19 22:20:41.702,2026-04-20 03:02:41.702,282.0,True,False,Riya,P***,34,F,259.4465827662037
B1293,P1269,279.0,2025-08-31 11:37:36.951,CONFIRMED,25F,aa7a8ba3800b824b2eb32963e014c1d07ca3ed3bb053694f00c0346839f9afc8,6227.3,1.0,False,UK222,Vistara,BOM,CCU,2026-04-20 01:22:41.704,2026-04-20 02:57:41.704,95.0,False,False,Aarav,V***,33,M,231.57297167824072
B1295,P1625,316.0,2025-12-29 11:37:36.951,CANCELLED,14B,0c9373278df71e25bf24ca7c6fd8aa868a1ccd4a6329eff914ab1a0ff2ed3c0c,,,,AI096,Air India,CCU,DEL,2026-04-19 21:48:41.702,2026-04-20 02:46:41.702,298.0,True,False,Riya,P***,61,F,111.42436054398148
B1296,P1061,282.0,2025-12-23 11:37:36.951,CANCELLED,1B,691c9626fab47ae57ab071d8836c3b5a4a7af7aa16dbd9a3fda00141fcaca533,,,,AI216,Air India,BOM,CCU,2026-04-20 01:10:41.703,2026-04-20 02:34:41.703,84.0,False,False,Sai,G***,78,M,117.56463833333333
B1297,P1873,288.0,2026-01-23 11:37:36.951,PENDING,8A,a7e1c411aee0eef48fe48259fe764e4575082ba99893ff74767304d64e620479,,,,6F193,IndiGo,BOM,MAA,2026-04-20 00:34:41.703,2026-04-20 02:32:41.703,118.0,False,False,Shaurya,R***,40,M,86.53963833333334
B1298,P1319,302.0,2026-01-02 11:37:36.951,PENDING,6C,f5d1b416901ecc2a9cdb5e41a18fcda3ee8437851598045b096bfbe27b9b0960,,,,SJ194,SpiceJet,CCU,DEL,2026-04-19 22:46:41.703,2026-04-20 02:31:41.703,225.0,True,False,Kavya,C***,35,M,107.46463833333334
B1299,P1101,309.0,2025-09-11 11:37:36.951,CONFIRMED,16F,9f205c3059639765c686d642af0473c9001920ac1a10ca06540adcc82316106c,8842.93,1.0,False,SJ020,SpiceJet,BLR,BOM,2026-04-19 22:18:41.701,2026-04-20 02:27:41.701,249.0,True,False,Shaurya,A***,88,F,220.44519386574075
B1300,P1428,298.0,2025-06-14 11:37:36.951,PENDING,21C,4437ed6e1810562f1a485ad92f698682f821d62d6043b85e437cd2282f90f5e2,,,,6F070,IndiGo,HYD,DEL,2026-04-19 23:23:41.701,2026-04-20 02:24:41.701,181.0,True,False,Ishaan,M***,16,M,309.4903327546296
B1301,P1873,278.0,2025-09-03 11:37:36.951,CONFIRMED,12A,71fc6b978e64cb415c70d1f09318dfa5c0b84000abbd268c193bd4a0e84dbfef,14671.03,1.0,False,AI051,Air India,MAA,BLR,2026-04-20 01:27:41.701,2026-04-20 02:22:41.701,55.0,False,False,Shaurya,R***,40,M,228.57644386574074
B1302,P1721,312.0,2025-12-27 11:37:36.951,PENDING,3D,9d5ca609c2e118896874c0c7e485fe65402a293b9d0fb96d90373167bdd925db,24221.91,3.0,True,UK219,Vistara,BOM,HYD,2026-04-19 22:03:41.704,2026-04-20 02:21:41.704,258.0,True,False,Kavya,K***,45,M,113.4347772337963
B1303,P1953,303.0,2025-12-13 11:37:36.951,CONFIRMED,20A,7ed0701a6a9964e4905cd1f4a5aaca561163bfb34a90732f52fa37c55867e48e,19672.949999999997,2.0,True,AI235,Air India,BLR,HYD,2026-04-19 22:45:41.704,2026-04-20 02:12:41.704,207.0,True,False,Kavya,I***,73,F,127.46394390046297
B1304,P1254,317.0,2025-12-13 11:37:36.951,INVALID,18E,d24807292258b02955c494b16a77288609e896f2fcd4234b34d83792de4a2abf,,,,6F022,IndiGo,MAA,BLR,2026-04-19 21:46:41.701,2026-04-20 02:05:41.701,259.0,True,False,Muhammad,K***,2,F,127.42297164351852
B1305,P1531,305.0,2025-09-28 11:37:36.951,PENDING,13C,49ba46c5e75f0440225e3c35ed0823e9274a56a9f43842994b566dde445a8538,13844.39,1.0,False,SJ114,SpiceJet,HYD,DEL,2026-04-19 22:42:41.702,2026-04-20 02:02:41.702,200.0,True,False,Reyansh,S***,59,M,203.46186054398146
B1306,P1569,300.0,2025-12-01 11:37:36.951,CONFIRMED,30A,9b40efdd02edca7473aeb886cba65ea6c74fdb2aa98b60f806a7f3228783e7ab,9753.04,1.0,False,SJ076,SpiceJet,DEL,MAA,2026-04-19 23:01:41.701,2026-04-20 02:02:41.701,181.0,True,False,Muhammad,N***,17,M,139.47505497685185
B1307,P1111,314.0,2026-01-26 11:37:36.951,PENDING,32E,51c9538f633e0462ab84a7ea98c14e614540d1630ae6d2df61a0acde5151bcc6,26271.33,2.0,True,UK227,Vistara,BOM,HYD,2026-04-19 21:57:41.704,2026-04-20 01:47:41.704,230.0,True,False,Krishna,S***,33,F,83.43061056712962
B1308,P1984,295.0,2025-07-22 11:37:36.951,CANCELLED,30D,497a0fa9fba2d1280cfd2f12fad59b7eb54d3afbc35d5a64bc3ed8b7aef3af7d,21710.67,2.0,True,UK135,Vistara,HYD,DEL,2026-04-19 23:50:41.702,2026-04-20 01:43:41.702,113.0,True,False,Ishaan,S***,85,F,271.5090827662037
B1309,P1312,294.0,2025-05-06 11:37:36.951,CONFIRMED,30F,e43563330de40c32ef1c68480d5ee3251c5c9779ca1e8928a7b73db04744be15,,,,AI234,Air India,BOM,MAA,2026-04-19 23:50:41.704,2026-04-20 01:34:41.704,104.0,True,False,Sara,V***,28,F,348.50908278935185
B1310,P1997,323.0,2025-08-20 11:37:36.951,PENDING,5D,d73e460424314a38bc3d9e1ba275bba74adee5f58c8deab42c832668a923a90f,7370.22,1.0,False,6F113,IndiGo,BOM,CCU,2026-04-19 21:04:41.702,2026-04-20 01:30:41.702,266.0,True,False,Aadhya,R***,72,F,242.3938049884259
B1311,P1460,329.0,2025-11-16 11:37:36.951,PENDING,9D,24a2dd5953d1fa34355527aeb0dd35d470d1060340cab5f2971e3030ef9f0439,,,,SJ206,SpiceJet,DEL,CCU,2026-04-19 20:43:41.703,2026-04-20 01:21:41.703,278.0,True,False,Kavya,P***,58,M,154.37922166666667
B1312,P1707,299.0,2026-03-29 11:37:36.951,UNKNOWN,6E,c4d086169a7507466fa9a0170c1ef43a998d39e8bc6fa17768c7bf6cf40a8d9d,,,,AI015,Air India,BLR,CCU,2026-04-19 23:21:41.701,2026-04-20 01:15:41.701,114.0,True,False,Saanvi,D***,3,M,21.48894386574074
B1313,P1886,315.0,2025-05-16 11:37:36.951,CANCELLED,33E,38525d5c1f8ae9daa42012c12652dcdf4d63630a0d58eba63bc665b7a221160f,,,,6F260,UNKNOWN,CCU,DEL,2026-04-19 21:51:41.702,2026-04-20 01:14:41.702,203.0,True,False,Diya,P***,53,M,338.4264438773148
B1314,P1461,297.0,2025-04-28 11:37:36.951,CONFIRMED,19C,cdb6154d11533ac954c23a4d154796979cc4a5b7d60f91520abc6f594fba8d88,7529.51,2.0,True,AI061,Air India,BOM,CCU,2026-04-19 23:31:41.701,2026-04-20 01:02:41.701,91.0,True,False,Reyansh,V***,1,M,356.4958883101852
B1315,P1864,318.0,2026-03-26 11:37:36.951,PENDING,9C,20f9a1e0516eaf24a765a21919da90f20aad47b46ace74e6d5be7b7da9415a4c,,,,6F237,IndiGo,HYD,MAA,2026-04-19 21:41:41.704,2026-04-20 00:44:41.704,183.0,True,False,Anika,S***,84,M,24.419499456018517
B1316,P1091,310.0,2026-01-06 11:37:36.951,PENDING,27C,67689abdb8d7f1671df44d1c1b2335d3702407f3630fca8e1a76cdb3bf7b81db,11302.63,1.0,False,SJ099,UNKNOWN,MAA,BLR,2026-04-19 22:14:41.702,2026-04-20 00:34:41.702,140.0,True,False,Ira,S***,89,F,103.44241609953704
B1317,P1051,306.0,2026-02-24 11:37:36.951,CANCELLED,21F,b47a852f240a516728aaaeb14873a2927205700d95c4da048247e39dd0f1cc34,33282.71,3.0,True,SJ146,SpiceJet,HYD,BLR,2026-04-19 22:37:41.702,2026-04-20 00:33:41.702,116.0,True,False,Aadhya,C***,9,F,54.45838832175926
B1318,P1804,306.0,2025-05-23 11:37:36.951,CANCELLED,29B,15967d729aecdf5d62e44a8158776aa5f8ecf737f558e9b1d19e37c85d2c2c46,4594.77,1.0,False,SJ146,SpiceJet,HYD,BLR,2026-04-19 22:37:41.702,2026-04-20 00:33:41.702,116.0,True,False,Muhammad,B***,42,F,331.45838832175923
B1319,P1519,335.0,2025-05-04 11:37:36.951,CONFIRMED,4C,2f8d45159232b3190193d9f908f3dd5d182bb4dbb58182ee12406e500b62870f,5359.26,1.0,False,6F071,IndiGo,DEL,CCU,2026-04-19 20:18:41.702,2026-04-20 00:31:41.702,253.0,True,False,Aditya,V***,12,M,350.36186054398144
B1320,P1811,296.0,2025-08-13 11:37:36.951,PENDING,6C,2c9c503922f39989c14c6d5f58d6e6a826b54e57ab22c8a9331993a883824896,22159.09,2.0,True,6F272,UNKNOWN,HYD,MAA,2026-04-19 23:35:41.702,2026-04-20 00:22:41.702,47.0,True,False,Muhammad, ***,12,F,249.49866609953702
B1321,P1097,301.0,2026-02-12 11:37:36.951,PENDING,13A,6d2700a38d548513d5d0ca91e1ac682b174cb085fb3680f46139fd0b9613d58c,,,,SJ029,UNKNOWN,HYD,DEL,2026-04-19 22:55:41.701,2026-04-20 00:22:41.701,87.0,True,False,Shaurya,M***,65,M,66.47088831018519
B1322,P1235,328.0,2025-07-27 11:37:36.951,CONFIRMED,6E,e6f8b77cf283486d859b3a72e376eeee65d0064cdad2a37f79bc70267f948c60,,,,UK084,Vistara,MAA,DEL,2026-04-19 20:44:41.702,2026-04-20 00:20:41.702,216.0,True,False,Arjun,G***,19,F,266.379916099537
B1323,P1900,304.0,2026-02-06 11:37:36.951,CONFIRMED,14D,1d2dd6c7e3ab38d00785c31ae05386bbb6605995875102adcc8a371c6cf869f1,,,,SJ048,SpiceJet,MAA,BLR,2026-04-19 22:43:41.701,2026-04-20 00:19:41.701,96.0,True,False,Riya,I***,40,F,72.46255497685185
B1324,P1373,321.0,2026-02-04 11:37:36.951,CANCELLED,33B,ff1d9f0c94ac5410586489c3245eea7af7455e922e25679dcc50c44067c3a244,7543.0,2.0,True,AI108,Air India,BLR,CCU,2026-04-19 21:32:41.702,2026-04-20 00:17:41.702,165.0,True,False,Sara,P***,14,F,74.41324943287037
B1325,P1580,342.0,2025-08-11 11:37:36.951,CANCELLED,3B,b257d1364fcf468633589cde9eb81fe6276764a57e545f89722fac49db4f5333,4503.45,1.0,False,SJ134,SpiceJet,BOM,CCU,2026-04-19 19:58:41.702,2026-04-20 00:15:41.702,257.0,True,False,Krishna,I***,29,M,251.34797165509258
B1326,P1926,319.0,2025-10-31 11:37:36.951,CONFIRMED,14F,4928a4597bf9ff72a5a3fa88ff2423bb7075bc093b51575a755d0186168290ed,,,,UK146,Vistara,BOM,MAA,2026-04-19 21:40:41.703,2026-04-20 00:08:41.703,148.0,True,False,Krishna,I***,84,M,170.418805
B1327,P1556,331.0,2025-09-24 11:37:36.951,CONFIRMED,26C,24e7d2bed5401e51e8ebe2749da434a80e5164ab1c118de30d712d266fa16b5e,13822.99,1.0,False,SJ036,SpiceJet,DEL,HYD,2026-04-19 20:24:41.701,2026-04-19 23:54:41.701,210.0,False,False,Myra,G***,42,F,207.36602719907407
B1328,P1648,334.0,2025-11-01 11:37:36.951,PENDING,33B,fbcc49740bee69b724038cfb0b5597ccb0b82ec9ead2b16720bd6009754116ac,,,,6F202,IndiGo,HYD,BLR,2026-04-19 20:18:41.703,2026-04-19 23:48:41.703,210.0,False,False,Arjun,A***,12,M,169.36186055555555
B1329,P1233,307.0,2026-02-13 11:37:36.951,CONFIRMED,22C,04c2df7e3055c5ddab5a0ad2b02c6a0ecb3436439ef25ae6cb6ea152d8e6b1e4,6401.38,1.0,False,UK041,Vistara,HYD,MAA,2026-04-19 22:37:41.701,2026-04-19 23:44:41.701,67.0,False,False,Ishaan,A***,19,M,65.45838831018519
B1330,P1031,311.0,2025-12-06 11:37:36.951,CONFIRMED,23A,7c74a634ab87bfc462069759fb332a5e466c96897bd959963f9edb2b2d2b7c3b,,,,6F078,IndiGo,BOM,CCU,2026-04-19 22:04:41.702,2026-04-19 23:37:41.702,93.0,False,False,Shaurya,P***,80,M,134.43547165509258
B1331,P1288,352.0,2025-07-03 11:37:36.951,PENDING,22C,7bedfb6edbc97683219eccb567679abc4ed46f84a38d9212dcd511571e87b599,7131.5,1.0,False,AI097,Air India,HYD,MAA,2026-04-19 18:42:41.702,2026-04-19 23:34:41.702,292.0,False,False,Riya,K***,33,M,290.2951938773148
B1332,P1637,327.0,2026-01-15 11:37:36.951,CONFIRMED,7D,aa7917807af2a7bb98f8291f4f9bfca0a2e65893a9f63d6d4aadc64ee14320ac,4183.32,1.0,False,UK159,Vistara,CCU,BLR,2026-04-19 20:45:41.703,2026-04-19 23:32:41.703,167.0,False,False,Aditya,N***,49,M,94.38061055555556
B1333,P1578,330.0,2025-09-06 11:37:36.951,CANCELLED,12B,ada839a2b3566f17b03e8a1dc6b8a6249e847b38fa9bb505c387e08941fc8649,4610.9,2.0,True,UK044,Vistara,BLR,BOM,2026-04-19 20:31:41.701,2026-04-19 23:29:41.701,178.0,False,False,Shaurya,S***,66,M,225.3708883101852
B1334,P1541,332.0,2025-09-27 11:37:36.951,CANCELLED,6F,df12b11e26da7102c9ccf76f8e59eae9736f9183884919eb689f3ce72706fe4f,,,,6F176,IndiGo,CCU,DEL,2026-04-19 20:23:42.000,2026-04-19 23:23:42.000,180.0,False,False,Sai,B***,78,M,204.36533621527775
B1335,P1113,359.0,2026-02-11 11:37:36.951,PENDING,4A,7758641bcfcffae1e55dbe649f9ef33c8b88d79bc2babdbb9536e3ded50a827c,,,,SJ221,SpiceJet,MAA,HYD,2026-04-19 18:31:41.703,2026-04-19 23:17:41.703,286.0,False,False,Anika,P***,41,F,67.287555
B1336,P1203,324.0,2025-07-03 11:37:36.951,CONFIRMED,22A,5b7194549b8c5ab6e06833b76fcf2f62671d5bc90885002dff070c1606831c73,,,,6F112,IndiGo,HYD,DEL,2026-04-19 21:00:41.702,2026-04-19 23:16:41.702,136.0,False,False,Aadhya,N***,54,M,290.39102721064813
B1337,P1028,325.0,2025-10-20 11:37:36.951,INVALID,4C,1ac2ca0335d18dd35cf8da74f9c76a9da22397e6ee4bc2ccf7cd7cf2f630f08f,,,,6F246,IndiGo,HYD,DEL,2026-04-19 21:00:41.702,2026-04-19 23:16:41.702,136.0,False,False,Aadhya,M***,59,F,181.39102721064816
B1338,P1642,345.0,2026-02-21 11:37:36.951,CANCELLED,14C,175731475f81e69af76659bbb90c1a11d411ad3f7cc29f996109cf5ebd5d3732,,,,6F014,IndiGo,DEL,MAA,2026-04-19 19:42:41.701,2026-04-19 23:15:41.701,213.0,False,False,Shaurya,B***,54,F,57.33686053240741
B1339,P1473,341.0,2025-09-17 11:37:36.951,CANCELLED,28A,d0f7fe6b13e7e6502c640dec58da60e4b01cd8f1ae844bb4d645b0c802814917,,,,AI237,Air India,BOM,CCU,2026-04-19 19:58:41.704,2026-04-19 23:13:41.704,195.0,False,False,Vivaan,S***,35,M,214.34797167824073
B1340,P1696,339.0,2025-12-14 11:37:36.951,CANCELLED,12E,ccb113f060388251508881d01ebdd156e80fe0a254da084785869dec07a8aa26,,,,6F003,IndiGo,HYD,BOM,2026-04-19 20:06:41.700,2026-04-19 23:13:41.700,187.0,False,False,Riya,S***,27,M,126.35352718749999
B1341,P1252,340.0,2025-07-04 11:37:36.951,CONFIRMED,5A,bbd80c064ee67cd3a897cbfa48e9cabf4788c98f4ad671f4478b330d22d4628a,9263.24,2.0,True,6F249,IndiGo,HYD,BOM,2026-04-19 20:06:41.700,2026-04-19 23:13:41.700,187.0,False,False,Aadhya,A***,16,M,289.3535271875
B1342,P1797,364.0,2025-04-29 11:37:36.951,CONFIRMED,4A,33a3535b78b20f63ff2601a6af70e10621d94b69d7844ec1ec46dcfc3de97ea8,19003.28,3.0,True,UK149,Vistara,MAA,DEL,2026-04-19 18:22:41.703,2026-04-19 23:08:41.703,286.0,False,False,Anika,J***,50,F,355.28130500000003
B1343,P1904,357.0,2026-03-08 11:37:36.951,CONFIRMED,9F,6ca5b32549694f5923a252c69398f758016fa376c6beb02a86116068943f8f3c,,,,SJ163,SpiceJet,DEL,HYD,2026-04-19 18:32:41.703,2026-04-19 23:08:41.703,276.0,False,False,Shaurya,J***,66,F,42.288249444444446
B1344,P1921,366.0,2026-03-28 11:37:36.951,CONFIRMED,1D,07f0bc71fd91a31bd86aebed71ff496567cd5205eb33a364f404a24c4dedd824,,,,SJ243,SpiceJet,BLR,DEL,2026-04-19 18:17:41.704,2026-04-19 23:03:41.704,286.0,False,False,Ishaan,C***,5,M,22.27783278935185
B1345,P1385,356.0,2025-06-06 11:37:36.951,CANCELLED,1A,a5daf2e8f4531a6f1870b75a01a6cc68e36171c4d79f3e980b8c210b3a39de34,,,,UK113,Vistara,CCU,DEL,2026-04-19 18:34:41.702,2026-04-19 22:58:41.702,264.0,False,False,Reyansh,D***,63,F,317.28963832175924
B1346,P1061,343.0,2025-06-07 11:37:36.951,PENDING,30E,681f904ad52c424e8d850a2477dec185a37dcd8ffce5580717fab9a856e473e6,,,,AI071,Air India,BOM,MAA,2026-04-19 19:55:41.702,2026-04-19 22:58:41.702,183.0,False,False,Sai,G***,78,M,316.3458883217592
B1347,P1514,347.0,2026-02-07 11:37:36.951,PENDING,22A,00a66261287c6861c29bcc4dd2e8bf6119b35af4dd906b0e02d9cf3a7b401e87,12000.54,1.0,False,6F271,UNKNOWN,HYD,MAA,2026-04-19 19:33:41.702,2026-04-19 22:52:41.702,199.0,False,False,Aditya,K***,82,M,71.33061054398148
B1348,P1429,320.0,2025-06-05 11:37:36.951,CANCELLED,27E,5f301b0ba7ccb4f5738f6cd33c6d0b2c7317fd7c3bb93d3f0d099f2a1e12f612,,,,SJ015,SpiceJet,BOM,CCU,2026-04-19 21:40:41.701,2026-04-19 22:52:41.701,72.0,False,False,Aadhya,P***,61,F,318.41880497685185
B1349,P1579,354.0,2025-11-19 11:37:36.951,CANCELLED,9E,5d8d4baffff6be8414db7b2caf6bc05ebff1c4e3d4334038b11d1196b1e0275b,11101.75,1.0,False,UK047,Vistara,BLR,HYD,2026-04-19 18:40:41.701,2026-04-19 22:45:41.701,245.0,False,False,Kavya,N***,5,F,151.29380497685185
B1350,P1536,322.0,2026-02-04 11:37:36.951,PENDING,12A,e9f08ab11a79a0f14f5d1d8e071eb58e712b4870a962ab4c5ca49161860eac15,30051.37,3.0,True,UK020,Vistara,MAA,BLR,2026-04-19 21:23:41.701,2026-04-19 22:38:41.701,75.0,False,False,Riya,N***,19,F,74.40699942129629
B1351,P1690,362.0,2025-09-03 11:37:36.951,PENDING,27F,402773efa149b4a3f2a468baf0a1c832beaeec21485bee3a174e31a16e4f767d,14687.44,1.0,False,AI122,Air India,BOM,CCU,2026-04-19 18:25:41.702,2026-04-19 22:36:41.702,251.0,False,False,Krishna,K***,85,F,228.28338832175925
B1352,P1140,313.0,2025-10-20 11:37:36.951,CANCELLED,17D,0eb08a05c60b48134eae17ed7fca666eab6249948fa4a701d51d07f5ba71294a,12219.85,2.0,True,UK223,Vistara,CCU,DEL,2026-04-19 21:58:41.704,2026-04-19 22:30:41.704,32.0,False,False,Shaurya,S***,42,M,181.43130501157407
B1353,P1742,333.0,2025-09-19 11:37:36.951,CANCELLED,15F,b96ce92d3c9770668eaef00fb8b8e5df7817bea490d7bba6851fbbda8f7e7c56,,,,6F148,IndiGo,CCU,BOM,2026-04-19 20:23:41.703,2026-04-19 22:30:41.703,127.0,False,False,Aditya,M***,23,M,212.36533277777778
B1354,P1299,338.0,2025-12-14 11:37:36.951,CONFIRMED,34A,9a64abfcb02a5ab892fa24ebbc403e7b96287406ee00575526b1d71821175b1d,10023.88,1.0,False,SJ162,SpiceJet,DEL,HYD,2026-04-19 20:11:41.703,2026-04-19 22:30:41.703,139.0,False,False,Aadhya,M***,76,F,126.35699944444445
B1355,P1674,361.0,2026-03-30 11:37:36.951,CONFIRMED,28B,7702c0c7d09e733d6ed8369eb00b7a2680f036a1ff4499871e17962598bf821a,14298.510000000002,2.0,True,6F127,IndiGo,HYD,BOM,2026-04-19 18:27:41.702,2026-04-19 22:28:41.702,241.0,False,False,Myra,A***,35,M,20.284777210648148
B1356,P1310,370.0,2025-11-10 11:37:36.951,PENDING,11F,a0048b680a0c3213e7ca8f7ccbf01ad861c403450bdcdd4e9301a4602d888f57,,,,AI173,Air India,HYD,DEL,2026-04-19 17:36:41.703,2026-04-19 22:27:41.703,291.0,False,False,Aarav,S***,21,F,160.24936055555557
B1357,P1470,346.0,2026-02-05 11:37:36.951,UNKNOWN,14A,cc05021b7e48085054d6106c06099d15d7edc4630145411925a915fefe64d2e7,6983.72,1.0,False,6F065,IndiGo,MAA,BLR,2026-04-19 19:40:41.701,2026-04-19 22:23:41.701,163.0,False,False,Myra,K***,24,M,73.33547164351852
B1358,P1392,367.0,2025-06-22 11:37:36.951,PENDING,20A,44a787f5c7f3c707a9b794379b9830fd20c3bdaaa83e25925537e8eed3bc9d97,,,,AI053,Air India,CCU,DEL,2026-04-19 18:04:41.701,2026-04-19 22:19:41.701,255.0,False,False,Riya,I***,52,M,301.26880497685187
B1359,P1641,337.0,2025-10-22 11:37:36.951,CONFIRMED,14E,0df3c26c1d9a164988f5fcd5f08d0ddd693186b4877098fbd706dd030d061aa5,21566.809999999998,4.0,True,AI241,Air India,HYD,BLR,2026-04-19 20:11:41.704,2026-04-19 22:18:41.704,127.0,False,False,Myra,G***,1,F,179.3569994560185
B1360,P1444,336.0,2025-06-15 11:37:36.951,UNKNOWN,18D,56d5d91c069771eca6d0234a5a7198c8fdc8498c26f92fcb4e8b0b4290e91bbd,,,,AI105,Air India,CCU,DEL,2026-04-19 20:16:41.702,2026-04-19 22:03:41.702,107.0,False,False,Sai,G***,47,M,308.36047165509257
B1361,P1757,377.0,2025-08-24 11:37:36.951,PENDING,13F,405df91caeda8214889c7a03b99f3557218a1453b7efd0a8f52755a041c992ed,5339.72,1.0,False,AI110,Air India,BOM,CCU,2026-04-19 17:07:41.702,2026-04-19 22:00:41.702,293.0,False,False,Anika,G***,63,M,238.22922165509257
B1362,P1808,372.0,2025-10-22 11:37:36.951,CONFIRMED,15B,6e90791109cf2a1022a0cf817aad200bc95d12b496397e7119237265a90e8ede,,,,AI252,UNKNOWN,HYD,DEL,2026-04-19 17:30:41.704,2026-04-19 21:54:41.704,264.0,False,False,Aditya,J***,70,M,179.24519390046297
B1363,P1171,365.0,2025-12-14 11:37:36.951,CANCELLED,3B,fa04490151f10a1a32a7326f2425fa617138a4f9bd77a134063c040f646859b8,8554.62,1.0,False,AI149,Air India,BOM,HYD,2026-04-19 18:19:41.703,2026-04-19 21:36:41.703,197.0,False,False,Ishaan,B***,62,M,126.27922166666667
B1364,P1575,382.0,2025-09-09 11:37:36.951,PENDING,23F,47ce1895315db10dd00a7075624a90c5ac77c02679decb1189750979749bf546,14123.66,3.0,True,AI224,Air India,DEL,HYD,2026-04-19 16:51:41.703,2026-04-19 21:36:41.703,285.0,False,False,Ananya,M***,9,M,222.21811055555557
B1365,P1030,326.0,2025-07-03 11:37:36.951,CANCELLED,15B,a33cfeaddf4ae4d645f159f65b9591682c8b1883536787c062fd95a25ab410d7,,,,UK158,Vistara,BOM,MAA,2026-04-19 20:49:41.703,2026-04-19 21:22:41.703,33.0,False,False,Aditya,K***,60,F,290.38338833333336
B1366,P1046,375.0,2025-05-05 11:37:36.951,CANCELLED,25E,1c3ba54320320a7a716edcbec2d7d8f9ad38ff08acdf2b31b343dff3c3065aa4,,,,6F125,IndiGo,BOM,CCU,2026-04-19 17:09:41.702,2026-04-19 21:13:41.702,244.0,False,False,Saanvi,S***,18,M,349.23061054398147
B1367,P1129,384.0,2025-12-14 11:37:36.951,CONFIRMED,18A,df2ef55a7363268de57571697d6b835f839dfecfdf6d55d5bb3eea17d59ddd00,2379.52,2.0,True,UK164,Vistara,BOM,HYD,2026-04-19 16:46:41.703,2026-04-19 21:10:41.703,264.0,False,False,Vivaan,J***,65,F,126.21463833333334
B1368,P1351,350.0,2025-12-26 11:37:36.951,CANCELLED,1E,da7d5e0922b2c7c8c28e617b5cdadf4e78ef81f2d731e0cf0fac8ba260256129,21921.94,3.0,True,UK007,Vistara,DEL,HYD,2026-04-19 18:50:41.701,2026-04-19 21:04:41.701,134.0,False,False,Arjun,K***,2,F,114.3007494212963
B1369,P1977,344.0,2026-03-18 11:37:36.951,PENDING,15F,b1b564b8900a1215896719fdae9189077dd1162c13996e62133a0881d4aa3e58,18103.68,3.0,True,6F118,IndiGo,CCU,HYD,2026-04-19 19:52:41.702,2026-04-19 21:01:41.702,69.0,False,False,Shaurya,J***,64,M,32.34380498842593
B1370,P1844,369.0,2026-01-01 11:37:36.951,CANCELLED,19C,fbbfedb409ce20aa2a9221d740666192579e91ccb4e9d1feb16b26b69e151179,16512.64,2.0,True,SJ004,SpiceJet,MAA,DEL,2026-04-19 17:52:41.701,2026-04-19 21:01:41.701,189.0,False,False,Vivaan,P***,59,F,108.26047164351851
B1371,P1621,386.0,2025-09-25 11:37:36.951,CANCELLED,15E,ab673c268b0b6bb4a7fd3b104bfc83012467f1e5b62b68b6fe629fc0923afaf7,,,,6F206,IndiGo,DEL,BOM,2026-04-19 16:39:41.703,2026-04-19 20:59:41.703,260.0,False,False,Aarav,S***,44,M,206.20977722222221
B1372,P1580,381.0,2025-05-11 11:37:36.951,CANCELLED,11D,e5683d8f5cd99f2f9887e861da47efc71e61700fa21e46d7ce635fc87acb0084,10597.220000000001,2.0,True,SJ130,SpiceJet,BOM,DEL,2026-04-19 16:53:41.702,2026-04-19 20:53:41.702,240.0,False,False,Krishna,I***,29,M,343.21949943287035
B1373,P1057,348.0,2026-02-14 11:37:36.951,CANCELLED,22F,5d66ccfa715a8a84e66e1686dff3372330d4e5ae29d53685980bed018dba27b3,6540.32,1.0,False,SJ070,SpiceJet,MAA,CCU,2026-04-19 18:55:41.701,2026-04-19 20:48:41.701,113.0,False,False,Ishaan,G***,44,M,64.30422164351852
B1374,P1105,396.0,2025-04-24 11:37:36.951,CANCELLED,7F,e19337a471ceaf82a3edcf2fe3add431ce42be6616da8307dd234f3e0dcd85d8,,,,AI085,Air India,DEL,HYD,2026-04-19 15:45:41.702,2026-04-19 20:33:41.702,288.0,False,False,Muhammad,S***,63,F,360.17227721064813
B1375,P1811,373.0,2025-09-02 11:37:36.951,CONFIRMED,15B,2b1f5483a4cc78927354fcf1efd9937032c1ca229a01231ad347559d71b5f66c,19214.79,2.0,True,SJ109,SpiceJet,BOM,DEL,2026-04-19 17:24:41.702,2026-04-19 20:28:41.702,184.0,False,False,Muhammad, ***,12,F,229.24102721064813
B1376,P1329,394.0,2025-08-24 11:37:36.951,PENDING,16B,272f505c37ab1597644a8b702fd0667ea6cf5e951bf84aabd2acf885ad628036,19918.21,3.0,True,AI168,UNKNOWN,DEL,CCU,2026-04-19 15:50:41.703,2026-04-19 20:20:41.703,270.0,False,False,Arjun,S***,46,F,238.17574944444445
B1377,P1767,374.0,2025-10-24 11:37:36.951,CONFIRMED,26A,f9036ada771a2986538540e69ed66cab9fabf004d38451555f0fa735956ef1e6,,,,UK123,Vistara,BOM,DEL,2026-04-19 17:24:41.702,2026-04-19 20:18:41.702,174.0,False,False,Sai,S***,4,M,177.24102721064816
B1378,P1823,400.0,2026-01-16 11:37:36.951,PENDING,30D,f585a0af8cdadab5c0d506a03bab6433eb4c43b704d8a6e1fe81343026089724,14416.01,2.0,True,UK110,Vistara,HYD,DEL,2026-04-19 15:26:41.702,2026-04-19 20:13:41.702,287.0,False,False,Reyansh,B***,63,M,93.15908276620371
B1379,P1682,388.0,2025-11-02 11:37:36.951,PENDING,31C,75e6b8e20c4beb48c4a8819f8a3a309f0a8d8d12feb4de568e2362c15ab7cf9c,,,,AI206,Air India,CCU,MAA,2026-04-19 16:30:41.703,2026-04-19 20:01:41.703,211.0,False,False,Krishna,N***,56,M,168.20352722222222
B1380,P1382,349.0,2026-04-16 11:37:36.951,PENDING,6B,5850503d1da37199d02407b7c674a7ed82a1ac5b43a13b571904ebe7fee7150d,14705.02,1.0,False,6F007,IndiGo,HYD,MAA,2026-04-19 18:55:41.701,2026-04-19 19:54:41.701,59.0,False,False,Anika,I***,51,F,3.3042216435185185
B1381,P1984,401.0,2025-11-11 11:37:36.951,PENDING,33A,25d8d806736c98185b1b965eebb464c65d25fd29ed46891bce1a7bc4983214c0,7452.89,1.0,False,SJ013,SpiceJet,DEL,MAA,2026-04-19 15:25:41.701,2026-04-19 19:54:41.701,269.0,False,False,Ishaan,S***,85,F,159.1583883101852
B1382,P1161,368.0,2025-09-19 11:37:36.951,PENDING,20D,664c32a013817b374e7372a993eced6a0bdfbb5ee574870568ae1657524c1bfe,14862.46,1.0,False,UK061,Vistara,BLR,BOM,2026-04-19 17:58:41.701,2026-04-19 19:48:41.701,110.0,False,False,Krishna,A***,57,F,212.26463831018518
B1383,P1996,409.0,2025-09-24 11:37:36.951,CANCELLED,8C,9f2376bf007e0326e5bbb9d721c3fbd4950769d8045e8ce6b8164816c49a3ba5,,,,AI010,Air India,BOM,HYD,2026-04-19 15:00:41.701,2026-04-19 19:48:41.701,288.0,False,False,Ira,N***,40,M,207.14102719907407
B1384,P1285,355.0,2025-05-16 11:37:36.951,CONFIRMED,11D,8acc935278d46678bcc065830cd44ecb579665da48d91c77b0b1ea897aee2719,5107.55,1.0,False,AI024,Air India,MAA,BOM,2026-04-19 18:38:41.701,2026-04-19 19:45:41.701,67.0,False,False,Riya,A***,41,M,338.292416087963
B1385,P1070,398.0,2025-06-08 11:37:36.951,CONFIRMED,30B,352af516850369165f07fce32b4285c5824ebb0556d76cb600cf96b464455446,,,,UK130,Vistara,MAA,BLR,2026-04-19 15:36:41.702,2026-04-19 19:43:41.702,247.0,False,False,Ira,S***,54,F,315.1660272106481
B1386,P1766,385.0,2026-03-12 11:37:36.951,CANCELLED,10A,25b94b35c22556924a58853b8a3cb666a4f30b11e2ff269bcb25508f4a4710f4,,,,AI161,Air India,CCU,BOM,2026-04-19 16:40:41.703,2026-04-19 19:40:41.703,180.0,False,False,Ira,B***,29,F,38.21047166666666
B1387,P1453,358.0,2025-07-23 11:37:36.951,PENDING,24F,fe741fa0d15aada3829fb87473872a94eda8df1fd1cf1345543287327d265c96,,,,SJ208,SpiceJet,DEL,HYD,2026-04-19 18:32:41.703,2026-04-19 19:33:41.703,61.0,False,False,Diya,I***,23,M,270.28824944444443
B1388,P1885,399.0,2025-09-23 11:37:36.951,INVALID,8D,ee46e55ce141f0e71d61ff20663bb7a07e80c0c969bed8d19024b0efcc1e0b8f,22550.010000000002,2.0,True,6F038,IndiGo,HYD,MAA,2026-04-19 15:36:41.701,2026-04-19 19:33:41.701,237.0,False,False,Ira,C***,33,F,208.16602719907408
B1389,P1566,371.0,2026-02-22 11:37:36.951,UNKNOWN,30D,5b0337f649c4d44e756d6b02297263536c7938466839efb2aeaf8a1420cd18ba,0.0,1.0,False,6F085,IndiGo,HYD,MAA,2026-04-19 17:32:41.702,2026-04-19 19:32:42.000,120.00496666666666,False,False,Vivaan,S***,9,F,56.24658276620371
B1390,P1834,406.0,2026-03-09 11:37:36.951,CANCELLED,8C,e90f78cf72157732a18b624bba25f10f8c8324551191e4d519dc20134942cc33,,,,SJ028,SpiceJet,CCU,BOM,2026-04-19 15:04:41.701,2026-04-19 19:32:41.701,268.0,False,False,Riya,S***,56,M,41.143804976851854
B1391,P1396,360.0,2025-11-26 11:37:36.951,CONFIRMED,21F,6c66927b488f66868f9db78514715ed03968fc6942566ebedff26b4c2c592596,35468.95,3.0,True,SJ084,SpiceJet,HYD,MAA,2026-04-19 18:31:41.702,2026-04-19 19:30:41.702,59.0,False,False,Vivaan,M***,54,F,144.28755498842594
B1392,P1514,363.0,2026-03-27 11:37:36.951,CONFIRMED,21D,c6aed61e810837f7174917dc8e20eb2be69893004ea7d779690f1f187c065181,,,,AI139,Air India,HYD,MAA,2026-04-19 18:23:41.702,2026-04-19 19:24:41.702,61.0,False,False,Aditya,K***,82,M,23.281999432870368
B1393,P1025,418.0,2026-04-06 11:37:36.951,PENDING,26E,b07a839f0d71b0e6a80975cb0e5955c9fd33438e666270a6ac64007ae89f04fd,5252.26,1.0,False,UK179,Vistara,DEL,HYD,2026-04-19 14:25:41.703,2026-04-19 19:15:41.703,290.0,False,False,Aarav,C***,22,M,13.116721666666669
B1394,P1312,353.0,2025-07-23 11:37:36.951,PENDING,23F,b20bdee61b6bbccbde4dc1a61c1110bae77045145b99c724c3070a21236a5def,,,,6F256,UNKNOWN,BOM,CCU,2026-04-19 18:40:41.702,2026-04-19 19:13:41.702,33.0,False,False,Sara,V***,28,F,270.2938049884259
B1395,P1125,420.0,2026-02-10 11:37:36.951,INVALID,23B,d7357156a6e404a6182fbc282cb69189c02b3574fc565f28d26a8f1ed7aa1f64,10317.13,1.0,False,UK023,Vistara,DEL,MAA,2026-04-19 14:15:41.701,2026-04-19 19:03:41.701,288.0,False,False,Reyansh,R***,37,F,68.10977719907407
B1396,P1407,402.0,2025-08-03 11:37:36.951,UNKNOWN,13E,2535e1ec2a432b45bf33457a8a7d863b69d14e944a58f4239364f4198e5680f3,16199.130000000001,2.0,True,AI039,Air India,MAA,BLR,2026-04-19 15:24:41.701,2026-04-19 18:56:41.701,212.0,False,False,Shaurya,K***,52,F,259.1576938657407
B1397,P1564,395.0,2026-02-05 11:37:36.951,CANCELLED,28D,32f6bf49dcd7f3a3a4fc0cd24d2422a78935b5da4e9a8a992f29be41a1aa43a1,3065.33,1.0,False,UK190,Vistara,DEL,BLR,2026-04-19 15:49:41.703,2026-04-19 18:53:41.703,184.0,False,False,Saanvi,C***,18,M,73.175055
B1398,P1197,380.0,2026-02-04 11:37:36.951,PENDING,3E,08af2eb8f4257835b69491e9252b7bb40f90b7191f376d62d0d232b0ac677538,7148.95,1.0,False,6F224,IndiGo,DEL,MAA,2026-04-19 16:53:41.704,2026-04-19 18:52:41.704,119.0,False,False,Krishna,N***,3,M,74.21949945601851
B1399,P1810,419.0,2025-05-31 11:37:36.951,PENDING,7A,ba0a84be81a24a6c1740e4700ed8bd43191f7c9ae4f3c7f326a69a13e66069e4,,,,UK221,Vistara,CCU,DEL,2026-04-19 14:18:41.704,2026-04-19 18:44:41.704,266.0,False,False,Ishaan,N***,5,M,323.1118605671296
B1400,P1187,421.0,2026-04-02 11:37:36.951,CANCELLED,12F,b5e87d4c746853271443049845b13b02adedb7ade30fb78d112f4831f33e1a90,3063.78,1.0,False,SJ107,SpiceJet,BOM,MAA,2026-04-19 14:10:41.702,2026-04-19 18:38:41.702,268.0,False,False,Aditya,D***,59,F,17.106304988425926
B1401,P1697,416.0,2025-04-20 11:37:36.951,UNKNOWN,21D,f7aa5a0c885017eaef8b46bd0a938c2ef396e639fa1d9c53b82b3ffead2531a0,20849.53,3.0,True,UK155,Vistara,MAA,HYD,2026-04-19 14:34:41.703,2026-04-19 18:37:41.703,243.0,False,False,Aditya,N***,49,F,364.1229716666667
B1402,P1816,376.0,2026-03-21 11:37:36.951,CANCELLED,7E,d7a7d31cb5c9471ab310f2a048aa4a1216f6e1acbde1d49fd81155ae6ee65db2,16058.67,2.0,True,UK183,Vistara,BLR,CCU,2026-04-19 17:07:41.703,2026-04-19 18:30:41.703,83.0,False,False,Shaurya,J***,45,F,29.229221666666664
B1403,P1809,391.0,2025-05-08 11:37:36.951,PENDING,26A,886ca7c450f6feb23a9c9d3ecea656a593c421c676642c149045b150b9971f65,,,,SJ203,UNKNOWN,DEL,HYD,2026-04-19 16:22:41.703,2026-04-19 18:27:41.703,125.0,False,False,Diya,M***,1,M,346.19797166666666
B1404,P1715,390.0,2026-03-07 11:37:36.951,INVALID,16A,aba6403bcdd7e47152d3137e8e9d01dd4e802c4c98013cea97555fd1df01022b,7473.06,1.0,False,6F253,UNKNOWN,MAA,BLR,2026-04-19 16:26:41.703,2026-04-19 18:24:41.703,118.0,False,False,Vivaan,M***,17,M,43.20074944444444
B1405,P1483,414.0,2025-08-26 11:37:36.951,PENDING,32F,3e464b814eac09b31a5d558cd29395d79e1897f8b13294c3d5fa871e16c8719a,,,,AI100,UNKNOWN,CCU,BOM,2026-04-19 14:42:41.702,2026-04-19 18:22:41.702,220.0,False,False,Arjun,D***,40,F,236.12852721064812
B1406,P1449,389.0,2025-06-24 11:37:36.951,CONFIRMED,15D,ad101d350a5ddb9ea6344cc2bfebf927246587e8790b3da5f371e46e7d112f54,21722.62,2.0,True,6F140,IndiGo,CCU,HYD,2026-04-19 16:30:41.702,2026-04-19 18:21:41.702,111.0,False,False,Diya,S***,48,F,299.20352721064813
B1407,P1522,427.0,2025-08-26 11:37:36.951,CONFIRMED,25A,9826ff0c1804bc8c8676ace0f2df8ad028d0078ec33d0168d7e90243c1c85755,,,,UK048,Vistara,MAA,DEL,2026-04-19 13:36:41.701,2026-04-19 18:21:41.701,285.0,False,False,Reyansh,S***,23,F,236.08269386574074
B1408,P1870,387.0,2025-07-29 11:37:36.951,CONFIRMED,12F,4bcb9e78bb4742fef5d5bfd6cda8883f33469bb874c8e61f78879ee57736498a,7805.42,2.0,True,SJ204,SpiceJet,CCU,DEL,2026-04-19 16:34:41.703,2026-04-19 18:15:41.703,101.0,False,False,Reyansh,P***,86,F,264.206305
B1409,P1353,378.0,2026-03-24 11:37:36.951,CONFIRMED,28C,a3dd6179270a3c9c0da0f407162e6f9284f912d7574b1a511918cb815fa45548,1095.0,1.0,False,UK105,Vistara,CCU,HYD,2026-04-19 17:04:41.702,2026-04-19 18:11:41.702,67.0,False,False,Ishaan,K***,33,F,26.227138321759263
B1410,P1985,393.0,2026-04-13 11:37:36.951,CONFIRMED,32C,1b2f7dacd2d50b2a87e7673d3bf9b5b9836c55477df1e7c50cd1435bd9114a59,,,,AI098,Air India,HYD,MAA,2026-04-19 16:01:41.702,2026-04-19 18:11:41.702,130.0,False,False,Aadhya,N***,37,M,6.18338832175926
B1411,P1657,432.0,2025-10-12 11:37:36.951,CANCELLED,1A,eb06f8b0987eb961c13e75337c29ec88ee312db3db85c2377f82369562812a05,13409.029999999999,2.0,True,6F013,IndiGo,BOM,CCU,2026-04-19 13:15:41.701,2026-04-19 18:05:41.701,290.0,False,False,Sai,K***,8,F,189.06811053240742
B1412,P1596,379.0,2025-11-18 11:37:36.951,CANCELLED,28E,f09ecfe022259ccb65b245d8ee19248b438c14f937495d48ee7be55f1eef3f1f,10616.41,1.0,False,6F128,IndiGo,HYD,DEL,2026-04-19 16:56:41.702,2026-04-19 18:03:41.702,67.0,False,False,Vivaan,D***,61,M,152.2215827662037
B1413,P1099,411.0,2025-10-05 11:37:36.951,UNKNOWN,14A,65110ab0608c5a431fe01e94bb0b837fa493a9244cd9317bff0400fc6724020e,,,,SJ038,SpiceJet,BLR,DEL,2026-04-19 14:57:41.701,2026-04-19 17:46:41.701,169.0,False,False,Vivaan,A***,71,F,196.13894386574074
B1414,P1615,383.0,2026-01-07 11:37:36.951,CONFIRMED,25F,b7d4741a357479899d235b691838cd5f00c8a80ab850f89999571b4f916c769c,6182.07,1.0,False,SJ182,SpiceJet,CCU,BOM,2026-04-19 16:48:41.703,2026-04-19 17:36:41.703,48.0,False,False,Kavya, ***,25,M,102.21602722222222
B1415,P1947,404.0,2026-03-22 11:37:36.951,PENDING,23B,20e9b755ab54b245b7a34f977d71c76cb9fd5962d2c5f396b56291e693829159,,,,6F199,IndiGo,DEL,MAA,2026-04-19 15:15:41.703,2026-04-19 17:32:41.703,137.0,False,False,Muhammad,S***,13,M,28.15144388888889
B1416,P1557,423.0,2025-08-17 11:37:36.951,CANCELLED,20B,ba26634eb12f352507d6b56f63df26106d8fd258e9060242f50f29ab067c2b6e,,,,SJ187,SpiceJet,MAA,BLR,2026-04-19 14:07:41.703,2026-04-19 17:30:41.703,203.0,False,False,Anika,K***,58,F,245.10422166666666
B1417,P1555,443.0,2025-08-18 11:37:36.951,PENDING,8E,b52bc04c66a4a4571290f9a7312098b898f9378e6d842629c98197c3023c26f2,7252.05,2.0,True,AI182,Air India,HYD,DEL,2026-04-19 12:41:41.703,2026-04-19 17:14:41.703,273.0,False,False,Saanvi,J***,53,M,244.04449944444445
B1418,P1277,439.0,2025-05-04 11:37:36.951,PENDING,19D,01c32390eaf548963758a5e29ff5022b2a8cc0383dbc929615cc72af611f5415,12326.46,1.0,False,SJ027,UNKNOWN,BOM,MAA,2026-04-19 12:50:41.701,2026-04-19 17:13:41.701,263.0,False,False,Sai,M***,25,M,350.0507494212963
B1419,P1692,426.0,2026-01-20 11:37:36.951,CONFIRMED,20E,4b5851018e8e67a8419dd336a90fe12e57f83c8e6a98cae19687fc8fc5fd9b58,4937.75,2.0,True,SJ062,SpiceJet,BLR,HYD,2026-04-19 13:37:41.701,2026-04-19 17:06:41.701,209.0,False,False,Sara,V***,63,F,89.08338831018519
B1420,P1698,392.0,2026-02-24 11:37:36.951,CONFIRMED,27B,8372df661f86a9653065700c75a4a35c54a24585c4efe165c29fd9a6cd7608bd,7161.79,1.0,False,SJ161,SpiceJet,MAA,BLR,2026-04-19 16:22:41.703,2026-04-19 17:04:41.703,42.0,False,False,Ira,N***,77,F,54.19797166666667
B1421,P1989,424.0,2025-10-03 11:37:36.951,UNKNOWN,23C,443ce9a73da46a9c06701b7c62d21e325d6e411ee044c8c8449b86ef3ad318b9,,,,UK058,Vistara,MAA,BOM,2026-04-19 13:46:41.701,2026-04-19 17:04:41.701,198.0,False,False,Reyansh,C***,26,M,198.0896383101852
B1422,P1625,428.0,2026-01-04 11:37:36.951,CANCELLED,12D,a5f3594f96ff89990f4d309d5a31b55e007d977b2a722d81a86394dbe0c6938e,4826.6,1.0,False,AI181,Air India,MAA,HYD,2026-04-19 13:29:41.703,2026-04-19 16:55:41.703,206.0,False,False,Riya,P***,61,F,105.07783277777779
B1423,P1490,429.0,2025-06-12 11:37:36.951,CONFIRMED,14A,57dfd94bd4ef351963262b963388262b44d7d4128d1178b4a321f7c2e522c58a,,,,AI003,Air India,BLR,HYD,2026-04-19 13:27:41.701,2026-04-19 16:55:41.701,208.0,False,False,Ishaan,G***,46,M,311.0764438657407
B1424,P1254,436.0,2025-11-05 11:37:36.951,CANCELLED,11D,8e94a2d9289a3a84f38f97894fc8f0c599af11eb7a160e956a0e4568e14228a5,,,,6F150,IndiGo,HYD,MAA,2026-04-19 12:55:41.703,2026-04-19 16:53:41.703,238.0,False,False,Muhammad,K***,2,F,165.05422166666668
B1425,P1380,442.0,2025-06-28 11:37:36.951,CANCELLED,34E,2c11e289f300ae6c8a52ef1bcfb70920916d843946e22100597cf0caee12f129,,,,SJ175,SpiceJet,MAA,BLR,2026-04-19 12:46:41.703,2026-04-19 16:50:41.703,244.0,False,False,Reyansh,K***,63,M,295.0479716666667
B1426,P1891,430.0,2025-12-15 11:37:36.951,CANCELLED,17C,d5fe3b72f50b2828af4973d0e174278691596aa02f12b291d6e86e78afbcdf44,0.0,1.0,False,6F041,IndiGo,MAA,BOM,2026-04-19 13:19:41.701,2026-04-19 16:48:41.701,209.0,False,False,Shaurya,B***,4,F,125.07088831018518
B1427,P1541,433.0,2026-04-15 11:37:36.951,CANCELLED,16E,6c6500f7f00865d63c4623efb2558c178bf5b71e8d3fd29ad14000e1700efafa,,,,SJ040,SpiceJet,BOM,CCU,2026-04-19 13:12:41.701,2026-04-19 16:44:41.701,212.0,False,False,Sai,B***,78,M,4.066027199074074
B1428,P1263,410.0,2025-06-17 11:37:36.951,CONFIRMED,27C,ea17837d5f417ba66f5d7a7aba2f094df5f7d00035b90a6f06929a1812ebe13a,,,,6F020,IndiGo,BOM,HYD,2026-04-19 14:58:41.701,2026-04-19 16:43:41.701,105.0,False,False,Riya,D***,48,F,306.1396383101852
B1429,P1609,403.0,2025-05-08 11:37:36.951,CANCELLED,27B,48c21d848f29f5344a1057c36baff6bee4c26d8a3738ac092f404080959f78ce,16937.88,2.0,True,AI248,Air India,CCU,DEL,2026-04-19 15:17:41.704,2026-04-19 16:35:41.704,78.0,False,False,Vivaan,M***,39,F,346.15283278935186
B1430,P1824,434.0,2026-02-08 11:37:36.951,CONFIRMED,11A,66838d17d0c3dee938b6dc3f9a4aa777914372c460851a39a9cc8431f460ce02,,,,SJ016,SpiceJet,HYD,CCU,2026-04-19 13:01:41.701,2026-04-19 16:26:41.701,205.0,False,False,Ira,A***,48,M,70.05838831018518
B1431,P1878,412.0,2025-11-21 11:37:36.951,CONFIRMED,31C,134432d491a3b0e75f0b312c1ea08dab5e900b5a8ef3521be2aef4ac59a031a0,22261.949999999997,2.0,True,UK204,Vistara,BLR,DEL,2026-04-19 14:46:41.703,2026-04-19 16:24:41.703,98.0,False,False,Kavya,S***,52,M,149.131305
B1432,P1328,453.0,2025-09-02 11:37:36.951,CANCELLED,9B,446bc6a2a65e4cd45c81f6c771cf1e1fd2956cb2587e7e26057f8dd2355f7cc6,,,,6F211,IndiGo,MAA,BLR,2026-04-19 11:29:41.703,2026-04-19 16:20:41.703,291.0,False,False,Aditya,D***,24,M,228.99449944444444
B1433,P1114,438.0,2025-05-07 11:37:36.951,CONFIRMED,5B,32791dabb82b4393c2fd3cfe70e6006a7e4288214c4910f40677d179914b5dc5,15968.93,2.0,True,SJ166,SpiceJet,CCU,HYD,2026-04-19 12:51:41.703,2026-04-19 16:18:41.703,207.0,False,False,Anika,S***,28,F,347.0514438888889
B1434,P1275,413.0,2025-10-19 11:37:36.951,PENDING,30C,f1760baab5471d13a08e829d27289390168f1a8e14947d063d9c008446949f40,5989.29,2.0,True,AI036,Air India,BOM,CCU,2026-04-19 14:45:41.701,2026-04-19 16:16:41.701,91.0,False,False,Anika,I***,84,M,182.13061053240742
B1435,P1487,415.0,2025-09-18 11:37:36.951,CONFIRMED,1E,3da80707ab31b3152329e66079eadc86c1891deba9badcdd8151ae942ab3b6ee,8589.93,1.0,False,SJ215,SpiceJet,CCU,DEL,2026-04-19 14:37:41.703,2026-04-19 16:12:41.703,95.0,False,False,Ira,B***,29,M,213.125055
B1436,P1280,397.0,2026-01-05 11:37:36.951,CONFIRMED,20B,83ff48264ebb0d881791668d7412a1ec552d73699124f26aafeffc71ce8b0016,,,,AI076,Air India,BLR,BOM,2026-04-19 15:37:41.702,2026-04-19 16:12:41.702,35.0,False,False,Anika,P***,66,M,104.1667216550926
B1437,P1274,407.0,2025-11-28 11:37:36.951,CANCELLED,24A,7be5f7dae78ef72d7e2a71f55bd14d1d9c26a23ae805dbbec36633557b165bd6,,,,SJ012,SpiceJet,HYD,BLR,2026-04-19 15:01:41.701,2026-04-19 16:12:41.701,71.0,False,False,Sara,G***,38,M,142.1417216435185
B1438,P1772,422.0,2026-04-01 11:37:36.951,UNKNOWN,20D,e73cec75cd6b229592fb9031e050e58c679139507f5f5861afac6c5baf148ea3,7670.85,1.0,False,AI073,Air India,BOM,BLR,2026-04-19 14:08:41.702,2026-04-19 16:10:41.702,122.0,False,False,Sai,C***,17,M,18.104916099537036
B1439,P1842,417.0,2025-11-09 11:37:36.951,CONFIRMED,27E,eecf9504f8115c38a760ee5fb45b4d5be2d503e801e4527a25b564d1eb884762,7292.76,1.0,False,SJ173,SpiceJet,CCU,HYD,2026-04-19 14:27:41.703,2026-04-19 16:09:41.703,102.0,False,False,Ira,B***,26,F,161.11811055555555
B1440,P1718,451.0,2026-03-09 11:37:36.951,CANCELLED,25E,5c2bb459e1c2612e3c462dd2bdeafd5633cbf83eaaf8c3aaa90d8abcf28ada0a,,,,AI193,Air India,MAA,HYD,2026-04-19 11:33:41.703,2026-04-19 16:07:41.703,274.0,False,False,Aditya,J***,73,F,40.99727722222222
B1441,P1895,408.0,2025-09-22 11:37:36.951,INVALID,13A,4955ce400754a64a0cf25f4f2ad6f2213a946850344443375d7bdfc3c0553b15,,,,SJ131,SpiceJet,MAA,HYD,2026-04-19 15:00:41.702,2026-04-19 16:07:41.702,67.0,False,False,Riya,K***,24,F,209.14102721064813
B1442,P1327,405.0,2025-06-02 11:37:36.951,PENDING,11E,a1e9964a530b7dacbb1cac3e0749777bac8ffee67c2c3761da8bafe3a860a67e,11779.89,1.0,False,AI225,Air India,BOM,BLR,2026-04-19 15:05:41.703,2026-04-19 16:01:41.703,56.0,False,False,Anika,J***,37,F,321.1444994444444
B1443,P1210,444.0,2025-10-09 11:37:36.951,CANCELLED,9E,cde7a00501fe4df32920ca24e11029d33fa1747b71da6d30d302ce795bb5b4a8,0.0,1.0,False,AI190,Air India,BOM,CCU,2026-04-19 12:38:41.703,2026-04-19 15:56:41.703,198.0,False,False,Saanvi,S***,32,F,192.04241611111112
B1444,P1726,450.0,2025-12-25 11:37:36.951,CONFIRMED,7B,1db92bf52d6e167b77017867d4a3d1fe6ef91c519b28fbd54ad332781fd52198,,,,SJ238,SpiceJet,MAA,BLR,2026-04-19 11:41:41.704,2026-04-19 15:39:41.704,238.0,False,False,Muhammad,R***,32,M,115.00283278935186
B1445,P1922,460.0,2025-12-21 11:37:36.951,PENDING,5F,0ff96f71cfb679caf367b36dfbec25a05a17abc8fc1ad06abd833835b6a074d1,9862.4,1.0,False,6F005,IndiGo,BOM,MAA,2026-04-19 11:04:41.701,2026-04-19 15:27:41.701,263.0,False,False,Aditya,G***,70,F,118.97713831018518
B1446,P1551,449.0,2025-09-25 11:37:36.951,PENDING,23C,4904b07e5d4278e0c0fb3ea14c4fb4f08e77d31c0a585849c6dc9421b80e8282,7709.959999999999,3.0,True,UK136,Vistara,HYD,CCU,2026-04-19 11:43:41.703,2026-04-19 15:26:41.703,223.0,False,False,Arjun,A***,23,M,206.00422166666667
B1447,P1991,425.0,2025-05-21 11:37:36.951,CONFIRMED,15F,bdd31f573906bfdd0a2a14b19ae0c568cd1a106616c1e35dbabda95985bead1a,18438.66,2.0,True,SJ063,SpiceJet,MAA,BOM,2026-04-19 13:38:41.701,2026-04-19 15:23:41.701,105.0,False,False,Aarav,S***,4,F,333.0840827546296
B1448,P1025,431.0,2025-11-21 11:37:36.951,CANCELLED,9E,4bed1472fe6db6fba453493f5b3ddaa216fac730d5429feae69e9ca98f2bb192,,,,6F175,IndiGo,MAA,CCU,2026-04-19 13:18:41.703,2026-04-19 15:13:41.703,115.0,False,False,Aarav,C***,22,M,149.0701938888889
B1449,P1026,457.0,2025-05-23 11:37:36.951,PENDING,19A,d93f43de76fac5e7cd061c7e12d08d4ea7ab5a267d0a0cf92cc16b902b1f0cd9,,,,AI037,UNKNOWN,BOM,BLR,2026-04-19 11:14:41.701,2026-04-19 15:13:41.701,239.0,False,False,Ira,G***,89,M,330.98408275462964
B1450,P1701,441.0,2025-11-11 11:37:36.951,CONFIRMED,21C,f4e54aa26d9f0129081a619e528ec57ed40b6e840b36583adc42c469a6c96e30,,,,UK225,Vistara,MAA,BLR,2026-04-19 12:46:41.704,2026-04-19 15:02:41.704,136.0,False,False,Aditya,G***,21,F,159.04797167824074
B1451,P1082,468.0,2025-05-20 11:37:36.951,CONFIRMED,15E,f5fd0df8f5ed7582b2c83f620abd102a7c3b1d3dfd6034e5f101ca38e20783d0,10311.86,1.0,False,AI141,Air India,BLR,DEL,2026-04-19 10:16:41.702,2026-04-19 14:53:41.702,277.0,False,False,Sai,J***,87,F,333.9438049884259
B1452,P1895,471.0,2026-01-26 11:37:36.951,PENDING,3E,2d2b83ccbfaed9929377516ad21b6cb7be02f3ca898a81b260563fff93ad5573,,,,6F172,IndiGo,BOM,BLR,2026-04-19 09:53:41.703,2026-04-19 14:46:41.703,293.0,False,False,Riya,K***,24,F,82.92783277777778
B1453,P1945,463.0,2026-02-07 11:37:36.951,CANCELLED,16F,58323f485d32d67f7b3ce6834557082783c17331774b2dc0a5ab208862d1afa1,5268.18,2.0,True,6F219,IndiGo,MAA,DEL,2026-04-19 10:32:41.704,2026-04-19 14:37:41.704,245.0,False,False,Riya,V***,44,M,70.95491612268518
B1454,P1681,448.0,2025-08-16 11:37:36.951,PENDING,8E,f11d996211899566490a9ab25b12cc4f3a11fdda2a96f2ddb809376bc2bdcb03,,,,AI045,Air India,HYD,MAA,2026-04-19 11:58:41.701,2026-04-19 14:37:41.701,159.0,False,False,Anika,A***,10,M,246.01463831018518
B1455,P1412,461.0,2026-04-12 11:37:36.951,CONFIRMED,30A,7b91fa2031331205dd4cf074eb117dfc096312a0a6a07cb5081eb054c86d97d4,27634.5,2.0,True,AI198,Air India,CCU,MAA,2026-04-19 10:56:41.703,2026-04-19 14:19:41.703,203.0,False,False,Riya,I***,17,F,6.971582777777778
B1456,P1166,445.0,2025-04-24 11:37:36.951,PENDING,17F,442f1d7f13e55ad3c61d20fc5ed11c9c3bd3b17194a4f383c9d940a2762a79c2,,,,AI120,Air India,MAA,CCU,2026-04-19 12:12:41.702,2026-04-19 14:18:41.702,126.0,False,False,Krishna,B***,84,M,360.02436054398146
B1457,P1699,440.0,2025-06-11 11:37:36.951,CANCELLED,32D,d00be8032494b1a73463dd4a8f5fdf1a13d2dde0131e58179cb2e8154ee14f2d,5769.17,1.0,False,6F134,IndiGo,BLR,MAA,2026-04-19 12:47:41.702,2026-04-19 14:06:41.702,79.0,False,False,Vivaan,A***,33,M,312.048666099537
B1458,P1168,447.0,2025-11-19 11:37:36.951,CONFIRMED,10B,89b800253fd07cd17855c01866a4161aae8f0417bb6667c23df05265307c994c,8073.17,1.0,False,UK102,Vistara,HYD,CCU,2026-04-19 11:58:41.702,2026-04-19 14:01:41.702,123.0,False,False,Myra,A***,62,F,151.01463832175926
B1459,P1800,454.0,2025-06-10 11:37:36.951,CANCELLED,1F,3f4ee4adbe47c023a8aa973abae87f652b80dfb953f486600f471e58ec2126f4,19085.7,3.0,True,SJ199,SpiceJet,HYD,BOM,2026-04-19 11:29:41.703,2026-04-19 13:59:41.703,150.0,False,False,Reyansh,J***,19,M,312.99449944444444
B1460,P1978,458.0,2025-10-01 11:37:36.951,PENDING,32E,6ee5308b0c9ee5aa481428033724f3d0f6e0d0586bb43cd578302e6571628636,,,,6F235,IndiGo,HYD,MAA,2026-04-19 11:06:41.704,2026-04-19 13:51:41.704,165.0,False,False,Vivaan,S***,72,M,199.97852723379629
B1461,P1228,474.0,2025-10-14 11:37:36.951,PENDING,33F,6cdffe387e98f96c911035d965df20db987b67fe4dde03d038b4cb931bae5cbe,30261.46,3.0,True,UK065,Vistara,BOM,CCU,2026-04-19 09:38:41.701,2026-04-19 13:46:41.701,248.0,False,False,Anika,I***,80,F,186.91741608796298
B1462,P1978,435.0,2025-12-03 11:37:36.951,CANCELLED,26D,bbafd94a1679df27fba169ec18ee29a6732b5945eac55738183aa34eba21ca33,6497.79,1.0,False,6F135,IndiGo,MAA,HYD,2026-04-19 12:59:41.702,2026-04-19 13:45:41.702,46.0,False,False,Vivaan,S***,72,M,137.05699943287038
B1463,P1608,473.0,2026-02-10 11:37:36.951,PENDING,31C,5e7e664b303279baece5af1da1c47420c37fef23e7c6a7b32c36971813501064,6844.58,2.0,True,SJ148,SpiceJet,DEL,BLR,2026-04-19 09:51:41.702,2026-04-19 13:41:41.702,230.0,False,False,Krishna,V***,61,M,67.92644387731481
B1464,P1366,437.0,2026-03-07 11:37:36.951,CANCELLED,6B,eafb917bf2dbf514e1be86aaae0ea8fe1cf86ba47f648a0ee706d1166059f60c,4535.96,1.0,False,AI083,Air India,DEL,BOM,2026-04-19 12:54:41.702,2026-04-19 13:37:41.702,43.0,False,False,Myra,G***,57,M,43.05352721064815
B1465,P1527,489.0,2025-07-02 11:37:36.951,PENDING,5C,c8ed86bc4b1f5b2a09402c8f4229497cf8167a44b623ed4e76e747f485beacf1,,,,UK024,Vistara,MAA,BLR,2026-04-19 08:29:41.701,2026-04-19 13:29:41.701,300.0,False,False,Ananya,M***,84,F,290.86949942129627
B1466,P1790,472.0,2025-04-27 11:37:36.951,CANCELLED,28B,db1e1f7bed19757ec03c73a95e816cd168439d98bd3f8246c5ffbdba2e6a6135,,,,UK220,Vistara,BLR,BOM,2026-04-19 09:51:41.704,2026-04-19 13:25:41.704,214.0,False,False,Sai,B***,4,F,356.92644390046297
B1467,P1646,456.0,2025-04-30 11:37:36.951,CANCELLED,25A,16c31d4c77527f2ca2ec9f0599e6ffe79538c8044d0872c54c91682e5a6927b7,13307.54,1.0,False,UK115,Vistara,BLR,BOM,2026-04-19 11:20:41.702,2026-04-19 13:20:42.000,120.00496666666666,False,False,Ananya,G***,57,F,353.98824943287036
B1468,P1537,485.0,2025-07-16 11:37:36.951,CONFIRMED,14F,cfce696e6992ad7133656086d323b05c917885cf01c5028f6f7fadfe829a5b04,25336.54,2.0,True,AI255,Air India,MAA,CCU,2026-04-19 08:45:41.704,2026-04-19 13:12:41.704,267.0,False,False,Reyansh,J***,76,M,276.8806105671296
B1469,P1863,452.0,2025-12-25 11:37:36.951,CONFIRMED,11A,78bda9a94bec5a874ff31f2fad8d140eb53464aaca673796a71065c1566d024b,,,,6F001,IndiGo,HYD,BOM,2026-04-19 11:33:41.700,2026-04-19 13:08:41.700,95.0,False,False,Diya,A***,13,M,114.9972771875
B1470,P1523,446.0,2025-05-27 11:37:36.951,CANCELLED,24E,d4bf3c31b9fba13e4cea7ad9b73f3ca84533b03852e9da4008f91a0f7894e7c4,,,,6F132,IndiGo,MAA,BOM,2026-04-19 12:00:41.702,2026-04-19 13:00:42.000,60.00496666666666,False,False,Krishna,V***,89,F,327.01602721064813
B1471,P1071,462.0,2026-03-28 11:37:36.951,PENDING,8E,a6b2053c8f7fdca146822e58369412f6ce55b11568206d1c357bf713e6f45261,,,,UK184,Vistara,MAA,HYD,2026-04-19 10:49:41.703,2026-04-19 13:00:41.703,131.0,False,False,Saanvi,G***,63,M,21.96672166666667
B1472,P1644,467.0,2025-06-06 11:37:36.951,PENDING,3D,398566e4efab1bc367111e8830c16d334ddb41d37a968d5e628af185a8d74600,,,,6F098,IndiGo,BLR,MAA,2026-04-19 10:18:41.702,2026-04-19 12:49:41.702,151.0,False,False,Diya,I***,16,M,316.9451938773148
B1473,P1105,492.0,2025-07-19 11:37:36.951,PENDING,21F,2d1bca16bb43040410c82d80c38641eb61905218629b762817c10bdd70f098ff,,,,SJ168,SpiceJet,CCU,BOM,2026-04-19 08:17:41.703,2026-04-19 12:29:41.703,252.0,False,False,Muhammad,S***,63,F,273.8611661111111
B1474,P1731,470.0,2025-07-28 11:37:36.951,CANCELLED,14C,0f290cea7657e120a95793362db2cdd070fe4684ea5ea715036b0c1708187c71,32760.32,3.0,True,SJ178,SpiceJet,BOM,HYD,2026-04-19 09:58:41.703,2026-04-19 12:27:41.703,149.0,False,False,Krishna,M***,34,M,264.931305
B1475,P1884,459.0,2026-03-07 11:37:36.951,CANCELLED,2C,7e95721715325d787e84c596accf19fb4179a5b9701dfdd511d037d674d4ce31,21399.98,3.0,True,UK111,Vistara,MAA,BLR,2026-04-19 11:06:41.702,2026-04-19 12:20:41.702,74.0,False,False,Ananya,C***,70,F,42.97852721064815
B1476,P1964,488.0,2026-02-27 11:37:36.951,CANCELLED,32E,d2ea77c0e608c401bb2f32a937d97c277d2d485f0f613fa58f6f02f1745a9881,,,,SJ051,UNKNOWN,BOM,BLR,2026-04-19 08:40:41.701,2026-04-19 12:18:41.701,218.0,False,False,Shaurya,V***,60,F,50.87713831018519
B1477,P1688,476.0,2025-07-06 11:37:36.951,CANCELLED,18E,2075384dcb84dfb895515a2d5162a46fc0f44919c0a5dd98569691e9c2f95c7a,17403.75,3.0,True,SJ193,SpiceJet,CCU,DEL,2026-04-19 09:37:41.703,2026-04-19 12:16:41.703,159.0,False,False,Saanvi,G***,49,M,286.91672166666666
B1478,P1281,487.0,2026-02-24 11:37:36.951,CONFIRMED,28D,524094225ff1be42d08b50e85034b0b5126c19951726d48ca369ea25a5fa4369,2928.68,1.0,False,SJ039,SpiceJet,MAA,BOM,2026-04-19 08:41:41.701,2026-04-19 12:08:41.701,207.0,False,False,Krishna,J***,54,F,53.87783275462963
B1479,P1132,464.0,2025-12-17 11:37:36.951,CANCELLED,22B,bd1d9854620422ec848b85db24920e9a6303010c0b8e1347352105543a247999,16478.5,2.0,True,UK066,Vistara,BOM,CCU,2026-04-19 10:29:41.701,2026-04-19 12:07:41.701,98.0,False,False,Ishaan,B***,3,F,122.95283275462963
B1480,P1533,455.0,2026-03-14 11:37:36.951,PENDING,34B,272e67418c149210752a6717bda39b371ef42ab7765fe2ebb45353748c13cbbe,3112.82,1.0,False,SJ050,SpiceJet,HYD,CCU,2026-04-19 11:24:41.701,2026-04-19 12:03:41.701,39.0,False,False,Aditya,V***,49,F,35.991027199074075
B1481,P1974,480.0,2025-06-11 11:37:36.951,CONFIRMED,4D,5ec0eb20c5e81aa1dca6b35df2a3d6948d8b4f7e0c18ec1c83d52bb1b3d475f3,,,,6F052,IndiGo,BOM,CCU,2026-04-19 09:13:41.701,2026-04-19 12:02:41.701,169.0,False,False,Kavya,M***,64,M,311.90005497685183
B1482,P1268,469.0,2025-08-29 11:37:36.951,PENDING,14E,a2904b4ae9aa36e16b75c69bd7d0436f996ac3d6017d26bd99bb93e00a2e692a,17749.28,2.0,True,SJ170,SpiceJet,BLR,BOM,2026-04-19 10:11:41.703,2026-04-19 11:56:41.703,105.0,False,False,Krishna,K***,54,M,232.94033277777777
B1483,P1411,483.0,2025-06-09 11:37:36.951,UNKNOWN,26B,56453b9d46fd3d02236092dbc9bc2ce5402a9a908dcf496bb6f215a201033646,10562.26,1.0,False,SJ119,SpiceJet,BOM,CCU,2026-04-19 08:53:41.702,2026-04-19 11:29:41.702,156.0,False,False,Vivaan,G***,19,F,313.88616609953704
B1484,P1672,478.0,2025-05-07 11:37:36.951,CONFIRMED,13B,7c4fe80f20f9b66483cc64025a221578d32a5f7799e4c45a4c28907ddad111bb,,,,AI219,UNKNOWN,BLR,DEL,2026-04-19 09:28:41.703,2026-04-19 11:27:41.703,119.0,False,False,Diya,J***,13,M,346.9104716666667
B1485,P1618,465.0,2025-07-05 11:37:36.951,CANCELLED,12D,69be083ce3cad74bea05b2dcd4924e7e39223920ce454182d0329d6bec0eec6f,,,,6F220,IndiGo,HYD,BOM,2026-04-19 10:27:41.704,2026-04-19 11:25:41.704,58.0,False,False,Ishaan,S***,38,F,287.95144390046295
B1486,P1790,491.0,2025-05-04 11:37:36.951,CONFIRMED,3D,a924a4199183bcc1a6ef1e33bd61ba5cb9b95289b653d27fcaed87c8518b8fd2,20297.600000000002,3.0,True,AI207,Air India,BOM,MAA,2026-04-19 08:24:41.703,2026-04-19 11:23:41.703,179.0,False,False,Sai,B***,4,F,349.8660272222222
B1487,P1864,495.0,2026-01-26 11:37:36.951,PENDING,5E,c80f98a465beef558881197b27e4e3b2c521bb92a5ecbc70c1e056eb1bdd2d94,,,,6F024,IndiGo,BOM,DEL,2026-04-19 07:31:41.701,2026-04-19 11:17:41.701,226.0,False,False,Anika,S***,84,M,82.82922164351852
B1488,P1746,479.0,2025-05-04 11:37:36.951,CANCELLED,27E,3d53e7809ed61bf918feb4d22f73f586ca9fda44f7fa8d1cb1a6f3b55b865bb5,22623.03,2.0,True,SJ073,SpiceJet,CCU,BLR,2026-04-19 09:26:41.701,2026-04-19 11:14:41.701,108.0,False,False,Aarav,M***,66,M,349.90908275462965
B1489,P1017,481.0,2025-07-08 11:37:36.951,CANCELLED,24F,b5595e03ca062d474bc033d681435cb2f296ab85256ab1aed60a960941c65396,,,,SJ201,SpiceJet,BLR,DEL,2026-04-19 09:10:41.703,2026-04-19 11:12:41.703,122.0,False,False,Reyansh,C***,38,F,284.89797166666665
B1490,P1753,466.0,2026-03-10 11:37:36.951,CONFIRMED,29B,0c6e56d9c9929121c6fc03016d34004c851d17b2d4cd687003e10d1b5fcd3d53,1217.88,2.0,True,AI180,Air India,BOM,CCU,2026-04-19 10:19:41.703,2026-04-19 11:00:41.703,41.0,False,False,Diya,R***,82,F,39.94588833333333
B1491,P1116,506.0,2025-07-16 11:37:36.951,CONFIRMED,18F,b3a50d387bc3a935f1110f7350c8aef65bb6b97af96586f58fc5230e4b002f1f,6534.99,1.0,False,UK022,Vistara,DEL,HYD,2026-04-19 06:22:41.701,2026-04-19 10:59:41.701,277.0,False,False,Vivaan,G***,73,F,276.78130497685186
B1492,P1797,486.0,2026-03-27 11:37:36.951,CANCELLED,29C,7d4544f6735d1cf42af13f92eeb97970c9af32913af6d6dd58a23a8f75cc9230,,,,AI202,Air India,HYD,BLR,2026-04-19 08:44:41.703,2026-04-19 10:53:41.703,129.0,False,False,Anika,J***,50,F,22.87991611111111
B1493,P1793,508.0,2025-06-01 11:37:36.952,CONFIRMED,26D,c07324d0d0366f022f5072cef3e87ae0600b542e5199284c09c57a213bbfb09e,,,,6F212,IndiGo,BLR,CCU,2026-04-19 06:10:41.703,2026-04-19 10:52:41.703,282.0,False,True,Anika,J***,67,M,321.7729716550926
B1494,P1143,503.0,2025-06-09 11:37:36.952,CANCELLED,23F,8582756bc78a7da7ef52481c8155b51be2a9ef99db417cc695363902372ea444,,,,6F163,IndiGo,MAA,BOM,2026-04-19 06:49:41.703,2026-04-19 10:46:41.703,237.0,False,False,Arjun,N***,63,F,313.8000549884259
B1495,P1716,482.0,2025-10-15 11:37:36.952,CONFIRMED,27D,9d5f2fe9ab866f07b01711615f8549bdd624c4eb2d12a4561713afeecfaff719,17491.120000000003,2.0,True,UK028,Vistara,HYD,MAA,2026-04-19 09:02:41.701,2026-04-19 10:37:41.701,95.0,False,False,Shaurya,M***,85,F,185.89241607638888
B1496,P1550,475.0,2026-03-21 11:37:36.952,PENDING,7D,a712ea3ae32e4e90c949b49b3cd19c94aaf25f636bc06d3f934312a94292e287,2901.65,1.0,False,6F243,IndiGo,BOM,HYD,2026-04-19 09:37:41.704,2026-04-19 10:33:41.704,56.0,False,False,Ira,A***,53,F,28.916721666666664
B1497,P1928,484.0,2025-09-02 11:37:36.952,CONFIRMED,11F,46c9f2f81ebe9bac23cd7612e372fa0488abfe9d4489f7af31932844d99274a3,,,,AI165,Air India,DEL,CCU,2026-04-19 08:51:41.703,2026-04-19 10:31:41.703,100.0,False,False,Shaurya,A***,12,M,228.88477721064814
B1498,P1665,507.0,2025-07-18 11:37:36.952,PENDING,3D,25f54e01705990847ab3acf45f035cdec32dd6841bd6d21afbc2dd4f3c024097,,,,UK099,Vistara,BOM,MAA,2026-04-19 06:16:41.702,2026-04-19 10:24:41.702,248.0,False,False,Vivaan,S***,63,M,274.7771383101852
B1499,P1687,520.0,2025-06-17 11:37:36.952,INVALID,17C,c2322292bcb2f2b27262472789696b3b32d9c449b562bfec75780ab6409dce36,,,,AI033,Air India,MAA,CCU,2026-04-19 05:25:41.701,2026-04-19 10:21:41.701,296.0,False,False,Aadhya,P***,18,F,305.7417216319445
B1500,P1960,477.0,2025-04-30 11:37:36.952,CONFIRMED,22D,cf05d383479f502be49caeb6a6be583f88de812986263f74bc600bd9f6989207,1303.07,1.0,False,UK056,Vistara,HYD,MAA,2026-04-19 09:29:41.701,2026-04-19 10:15:41.701,46.0,False,False,Kavya,M***,35,M,353.9111660763889
B1501,P1752,521.0,2025-09-04 11:37:36.952,CANCELLED,23D,73051b55c7e97fdc216ea8d94d2fa425d527bd3c93f12b148d8bdff4d72428dc,27890.44,3.0,True,SJ122,SpiceJet,CCU,BOM,2026-04-19 05:22:41.702,2026-04-19 10:09:41.702,287.0,False,False,Ira,S***,50,M,226.73963831018517
B1502,P1421,501.0,2025-10-15 11:37:36.952,CONFIRMED,23F,3c7f220cb5068b0163c0739311a4ff6ba049b425d291231b83adda72a01394e5,17966.760000000002,2.0,True,AI086,Air India,CCU,HYD,2026-04-19 07:13:41.702,2026-04-19 10:09:41.702,176.0,False,False,Ira,N***,1,F,185.81672164351852
B1503,P1897,526.0,2025-10-17 11:37:36.952,CONFIRMED,25C,20807ba9eae1985a2f0d95b03073f334df96c2030accc2b503427e0644629647,,,,SJ011,SpiceJet,BOM,MAA,2026-04-19 05:14:41.701,2026-04-19 09:59:41.701,285.0,False,False,Krishna,M***,9,M,183.73408274305555
B1504,P1368,513.0,2025-04-21 11:37:36.952,PENDING,4E,2f1b87f7cf7e4ea93c56db4b6055dfb8a3eb63a4cdd4b98758edd02edd518f75,32259.760000000002,3.0,True,SJ021,SpiceJet,HYD,BLR,2026-04-19 05:48:41.701,2026-04-19 09:46:41.701,238.0,False,False,Myra,P***,45,F,362.7576938541667
B1505,P1645,500.0,2025-11-29 11:37:36.952,CONFIRMED,8F,0328c1bc934ba3cabcc3e1eac5adac9446836ade845d0a2150a4a3e6bd4991b8,7472.98,1.0,False,SJ106,SpiceJet,CCU,DEL,2026-04-19 07:16:41.702,2026-04-19 09:40:41.702,144.0,False,False,Aditya,S***,87,F,140.81880497685185
B1506,P1557,523.0,2026-01-29 11:37:36.952,CANCELLED,9E,e69d7f79bc574473fe3a1f982ecbeb5470716e49528b89f44eaacdf1efd05bb1,,,,SJ026,SpiceJet,CCU,MAA,2026-04-19 05:22:41.701,2026-04-19 09:40:41.701,258.0,False,False,Anika,K***,58,F,79.73963829861111
B1507,P1049,510.0,2025-11-27 11:37:36.952,PENDING,20A,7bff29254611796d8955118ed35c1cdf92b85ad46e7fdbdc630f41318cac7c7b,4865.21,1.0,False,SJ245,SpiceJet,BOM,DEL,2026-04-19 06:07:41.704,2026-04-19 09:39:41.704,212.0,False,False,Aadhya,J***,60,F,142.77088833333335
B1508,P1677,509.0,2025-07-31 11:37:36.952,UNKNOWN,9C,1687175f826bcf70b75cd7e9072c71a54f2c06edba75069e14750a121ecc7af8,14679.26,3.0,True,AI023,Air India,HYD,BLR,2026-04-19 06:10:41.701,2026-04-19 09:35:41.701,205.0,False,False,Diya,N***,69,F,261.7729716319445
B1509,P1105,497.0,2025-09-25 11:37:36.952,CANCELLED,14F,1fc210e4387fbb3c3b1f684df5873f5884a381408afea3dd11babe6f8ba456f5,,,,AI032,Air India,MAA,BLR,2026-04-19 07:26:41.701,2026-04-19 09:26:42.000,120.00498333333333,False,False,Muhammad,S***,63,F,205.82574940972225
B1510,P1215,530.0,2025-05-11 11:37:36.952,CANCELLED,19F,c18ad2c166bf6122e9d3c3c4c0e4f36d445752e85e6cd796aee313d20408e596,3179.45,1.0,False,AI236,Air India,DEL,BOM,2026-04-19 04:52:41.704,2026-04-19 09:11:41.704,259.0,False,False,Ira,N***,75,M,342.71880500000003
B1511,P1657,494.0,2025-12-24 11:37:36.952,CANCELLED,15C,b3fbf117ace790642594f69dbfd4fd632c775f50de9392ed5c24e50e06e44f32,12346.57,1.0,False,6F094,IndiGo,BLR,BOM,2026-04-19 07:37:41.702,2026-04-19 09:06:41.702,89.0,False,False,Sai,K***,8,F,115.83338831018519
B1512,P1922,498.0,2025-12-21 11:37:36.952,PENDING,4A,115fd913ebc291abd5c78a6fc8c4f932c224b40f70bade00782a408f11e4d6d4,5747.83,1.0,False,UK163,Vistara,DEL,HYD,2026-04-19 07:22:41.703,2026-04-19 09:04:41.703,102.0,False,False,Aditya,G***,70,F,118.8229716550926
B1513,P1424,498.0,2025-06-30 11:37:36.952,CONFIRMED,32B,a42a5130b1a1787b71f82ea7deffbe03f304b33c03ee32637abd24c0565343f8,22716.67,2.0,True,UK163,Vistara,DEL,HYD,2026-04-19 07:22:41.703,2026-04-19 09:04:41.703,102.0,False,False,Ananya,N***,34,M,292.82297165509254
B1514,P1071,539.0,2025-05-07 11:37:36.952,CANCELLED,21E,3da8d023b85cd0a171b1f2726f2871e3fae2a12394ed1b1f3295631301dae861,0.0,1.0,False,SJ045,SpiceJet,DEL,MAA,2026-04-19 04:16:41.701,2026-04-19 09:03:41.701,287.0,False,False,Saanvi,G***,63,M,346.6938049652778
B1515,P1987,490.0,2025-07-06 11:37:36.952,PENDING,26A,a6cae71ab6b18e469a8f5c4bbe2927b8237fd8214bd018428e03b3404a7ab33e,,,,SJ006,SpiceJet,HYD,BLR,2026-04-19 08:25:41.701,2026-04-19 08:57:41.701,32.0,False,False,Saanvi,P***,83,F,286.8667216319445
B1516,P1841,525.0,2025-08-05 11:37:36.952,CANCELLED,34F,70bb52f06ec5a0512c87a717354391dd59f0e5f24dde64f88adea1e3a82d3345,3242.75,1.0,False,SJ103,SpiceJet,MAA,BLR,2026-04-19 05:16:41.702,2026-04-19 08:56:41.702,220.0,False,False,Diya,D***,2,M,256.7354716435185
B1517,P1784,524.0,2026-01-16 11:37:36.952,INVALID,31B,9cdbcb5ed296d8eff8cb62d51faeb7a2db7f5ba169f5502fc79155cb4229840c,0.0,1.0,False,6F221,IndiGo,MAA,DEL,2026-04-19 05:20:41.704,2026-04-19 08:52:41.704,212.0,False,False,Ira,K***,55,F,92.73824944444445
B1518,P1758,535.0,2026-03-20 11:37:36.952,INVALID,30A,4952a34c84ab4ba9664ec22a322f35620693b227ae2042c386181c27ed0774f7,,,,SJ147,SpiceJet,BLR,CCU,2026-04-19 04:30:41.702,2026-04-19 08:52:41.702,262.0,False,False,Shaurya,A***,52,M,29.703527199074074
B1519,P1445,504.0,2026-03-25 11:37:36.952,PENDING,3C,d802ef9a25cd2c80d7078ddfabb8514e8d6fe53654b5c49ac6a0fd77dc963a3a,14857.830000000002,2.0,True,SJ064,SpiceJet,CCU,DEL,2026-04-19 06:29:41.701,2026-04-19 08:43:41.701,134.0,False,False,Diya,N***,62,F,24.786166076388888
B1520,P1924,493.0,2026-04-02 11:37:36.952,CONFIRMED,27A,e839dbf85d70e738066f2aa3da7f8b3aa553c85ca70d82cd94008e41ca5a7fd0,14340.74,1.0,False,AI028,Air India,HYD,BOM,2026-04-19 07:53:41.701,2026-04-19 08:35:41.701,42.0,False,False,Anika,R***,68,M,16.84449940972222
B1521,P1185,515.0,2025-11-08 11:37:36.952,PENDING,31E,0d35de9dfeaffcc673d4416891beb61661a7d69aa209def9196afa88b1e51260,10629.67,3.0,True,AI148,Air India,HYD,MAA,2026-04-19 05:41:41.703,2026-04-19 08:32:41.703,171.0,False,False,Aditya,K***,24,M,161.7528327662037
B1522,P1069,502.0,2025-08-31 11:37:36.952,CONFIRMED,1C,bbc5e31f4377c7b2ff4700764160d2fb7ce8fa84a7f9adfa72520762be4060d8,,,,6F263,UNKNOWN,DEL,HYD,2026-04-19 07:07:41.703,2026-04-19 08:30:41.703,83.0,False,False,Krishna,N***,4,M,230.81255498842592
B1523,P1973,499.0,2025-05-19 11:37:36.952,PENDING,21F,9e8d151770b78effff840c3da38bcd72b6f6f2a01801b0a62915dee9d47764aa,10733.84,2.0,True,SJ067,SpiceJet,MAA,BLR,2026-04-19 07:17:41.701,2026-04-19 08:16:41.701,59.0,False,False,Kavya,M***,40,F,334.81949940972225
B1524,P1149,496.0,2025-06-17 11:37:36.952,PENDING,23D,f78818522b64dbd4d2f534181350bf6d25bd28af3277b382b7c874b4ed50f84d,9831.83,2.0,True,6F061,IndiGo,MAA,BOM,2026-04-19 07:28:41.701,2026-04-19 08:09:41.701,41.0,False,False,Ishaan,N***,29,M,305.82713829861115
B1525,P1245,531.0,2025-05-29 11:37:36.952,UNKNOWN,11E,aafbcd16874425013c509c94284dbf00cbfff6422b74edce0ae3d0ca14bee7db,7869.06,1.0,False,AI254,Air India,CCU,HYD,2026-04-19 04:46:41.704,2026-04-19 08:06:41.704,200.0,False,False,Arjun,C***,57,F,324.7146383333333
B1526,P1773,514.0,2025-11-15 11:37:36.952,CONFIRMED,17D,fd110a595c7a06bc06f9679de14117cc88e02b42a2de3f1f2db5aaad6ca83e3e,12889.82,2.0,True,SJ136,SpiceJet,HYD,BLR,2026-04-19 05:45:41.702,2026-04-19 08:04:41.702,139.0,False,False,Saanvi,S***,84,M,154.75561053240742
B1527,P1537,528.0,2025-07-09 11:37:36.952,PENDING,8A,587d97ef85d284a22def857c6bdc273bd98843022808fb3de2b1663363b317ab,11891.78,1.0,False,AI046,UNKNOWN,DEL,BOM,2026-04-19 05:09:41.701,2026-04-19 08:00:41.701,171.0,False,False,Reyansh,J***,76,M,283.73061052083335
B1528,P1934,519.0,2026-03-28 11:37:36.952,PENDING,6E,3e5ad2c601bf82bbe6f55a2650bcaec3a32644316d342a63e221b33a62a1d00b,,,,UK174,Vistara,CCU,DEL,2026-04-19 05:27:41.703,2026-04-19 07:47:41.703,140.0,False,False,Shaurya,V***,37,M,21.74311054398148
B1529,P1651,511.0,2025-04-30 11:37:36.952,UNKNOWN,34C,dedbadc838bd62c7f66f1b89dc7c99214ba20ac4a37c8b1f519e54f76239baa2,,,,6F066,IndiGo,BLR,HYD,2026-04-19 06:07:41.701,2026-04-19 07:43:41.701,96.0,False,False,Krishna,S***,72,M,353.7708882986111
B1530,P1098,522.0,2025-12-08 11:37:36.952,INVALID,23E,68368d14479806e041230d58173125dd49842d9b3341017327643faddc99ff37,29065.67,3.0,True,UK095,Vistara,BOM,MAA,2026-04-19 05:22:41.702,2026-04-19 07:36:41.702,134.0,False,False,Reyansh,C***,89,F,131.73963831018517
B1531,P1909,532.0,2026-04-01 11:37:36.952,PENDING,30F,9d9255c610233be4f38775044718113e64064682c6f727b0028cd9aab2b6a75a,23911.21,3.0,True,6F063,IndiGo,DEL,HYD,2026-04-19 04:42:41.701,2026-04-19 07:31:41.701,169.0,False,False,Ananya,C***,6,M,17.711860520833334
B1532,P1277,505.0,2025-04-22 11:37:36.952,PENDING,30A,a640a6fc52f85b75f1a69d5732f6dcb8a88c0b627a28fc727b20b5978f9cf1a0,24295.6,3.0,True,UK118,Vistara,HYD,BLR,2026-04-19 06:22:41.702,2026-04-19 07:22:42.000,60.00496666666666,False,False,Sai,M***,25,M,361.78130497685186
B1533,P1562,551.0,2025-09-15 11:37:36.952,PENDING,28D,72aef7faad6a1f5c60480b4a257c51a66a3260e43b6aa68d3d862c4c6aa87627,,,,UK218,Vistara,MAA,BLR,2026-04-19 03:12:41.704,2026-04-19 07:22:41.704,250.0,False,False,Diya,K***,87,M,215.64936055555555
B1534,P1662,545.0,2025-09-11 11:37:36.952,CONFIRMED,34E,8e1b9a2ed02a4e5e77d9b7b539f7ed0bfce0c30596cd4002547887beff79e7f5,12347.23,1.0,False,UK031,Vistara,CCU,DEL,2026-04-19 03:45:41.701,2026-04-19 07:20:41.701,215.0,False,False,Ira,V***,41,F,219.67227718750001
B1535,P1943,552.0,2026-04-02 11:37:36.952,PENDING,6C,4cac606eba3e8c4e72f2f64f067dc061d16fc7c4577d6f4a0f49f70ae8801ed6,19520.85,2.0,True,UK142,Vistara,BLR,DEL,2026-04-19 03:03:41.703,2026-04-19 07:13:41.703,250.0,False,False,Shaurya,N***,23,M,16.643110543981482
B1536,P1454,527.0,2025-06-01 11:37:36.952,UNKNOWN,4C,083c7620070f3214e20115a43024a8d8c30c1a1b048268738e30643762327834,6548.99,1.0,False,AI002,Air India,HYD,BLR,2026-04-19 05:12:41.700,2026-04-19 07:12:41.700,120.0,False,False,Vivaan,G***,10,M,321.7326938425926
B1537,P1103,534.0,2025-10-08 11:37:36.952,CONFIRMED,21F,29a974b13af675fcdcfaae4c17d4f10cc678d05d96824de2be099d9638e8ab98,9202.57,1.0,False,UK070,Vistara,BOM,DEL,2026-04-19 04:36:41.701,2026-04-19 06:49:41.701,133.0,False,False,Ishaan,B***,8,M,192.70769385416668
B1538,P1945,518.0,2026-03-17 11:37:36.952,PENDING,8E,bc41d1e5250c21770a8524c65c1325686badd1562e9a6b0b0eb985b575bca737,,,,SJ121,SpiceJet,CCU,DEL,2026-04-19 05:32:41.702,2026-04-19 06:47:41.702,75.0,False,False,Riya,V***,44,M,32.74658275462963
B1539,P1600,536.0,2025-06-11 11:37:36.952,CONFIRMED,20B,8ef9c1aa92d749163c58f4e8f8d51eabb6cab1e1e14e8eb4e68296864dde25a6,17509.78,2.0,True,UK201,Vistara,HYD,BOM,2026-04-19 04:29:41.703,2026-04-19 06:42:41.703,133.0,False,False,Sara,A***,19,F,311.7028327662037
B1540,P1652,512.0,2026-01-15 11:37:36.952,CANCELLED,7E,456d01ba12323d400f1cbc0b52c4fe96dcbbdc3a9d3439f7b1fd04eb050cee07,3640.69,1.0,False,AI138,Air India,DEL,CCU,2026-04-19 05:50:41.702,2026-04-19 06:40:41.702,50.0,False,False,Aarav,C***,76,M,93.75908275462963
B1541,P1724,516.0,2025-12-16 11:37:36.952,CONFIRMED,26A,195c819f87475defcd989d63467ab5c68ed4d839fb40ca43fc0b1a860ced492c,12031.17,1.0,False,SJ014,SpiceJet,BOM,HYD,2026-04-19 05:40:41.701,2026-04-19 06:39:41.701,59.0,False,False,Myra,P***,62,M,123.75213829861111
B1542,P1232,529.0,2025-12-13 11:37:36.952,PENDING,14F,0f5c9f6389227c6e1f525ec17d8d6d228ee2b753412da946e7d7ccdcce4aef09,,,,SJ053,SpiceJet,CCU,DEL,2026-04-19 05:00:41.701,2026-04-19 06:38:41.701,98.0,False,False,Ishaan,K***,36,M,126.72436052083333
B1543,P1393,543.0,2025-06-16 11:37:36.952,CANCELLED,4F,938856af766d905b5b3c4cf1fabb3324d3e06188fca7a3181ba01040e67fa4cb,3207.85,1.0,False,SJ241,SpiceJet,DEL,HYD,2026-04-19 03:57:41.704,2026-04-19 06:36:41.704,159.0,False,False,Ishaan,R***,42,M,306.6806105555556
B1544,P1500,547.0,2025-09-01 11:37:36.952,CANCELLED,16A,d9e4dc1aff8cf9471df3a6bf78539250ff1a5c3fa1a4de7649c85bc521410e6b,12003.060000000001,2.0,True,AI249,Air India,BLR,HYD,2026-04-19 03:38:41.704,2026-04-19 06:27:41.704,169.0,False,False,Ananya,S***,68,F,229.66741611111112
B1545,P1694,538.0,2026-03-08 11:37:36.952,PENDING,8A,f0cdd2e9aa86a33bbb1a93d6f96f5cad33fd04f1fef42ff5a72440d7d8769edd,17736.33,2.0,True,AI176,Air India,BLR,DEL,2026-04-19 04:20:41.703,2026-04-19 06:25:41.703,125.0,False,False,Saanvi,P***,86,F,41.696582766203704
B1546,P1250,537.0,2026-04-02 11:37:36.952,PENDING,32B,9cac3e84da757941e95160df08fd3251f1d8cc3d9b537dd482799e2a3aea18d5,,,,SJ234,SpiceJet,BLR,CCU,2026-04-19 04:20:41.704,2026-04-19 06:23:41.704,123.0,False,False,Arjun,S***,42,F,16.696582777777778
B1547,P1520,533.0,2025-04-18 11:37:36.952,PENDING,16C,2101ba54061d9495ac2fda1d9a8abfc9dbfc54b8bc239530e81e07a5a99850a1,,,,6F115,IndiGo,MAA,BLR,2026-04-19 04:41:41.702,2026-04-19 06:23:41.702,102.0,False,False,Ira,K***,55,M,365.71116608796297
B1548,P1078,544.0,2025-10-04 11:37:36.952,CONFIRMED,7E,d73dc68c4e326432a3dceef93acf0f7a2244bd3b651aae2f1426ed46f7af8baa,,,,AI020,UNKNOWN,BOM,BLR,2026-04-19 03:53:41.701,2026-04-19 06:21:41.701,148.0,False,False,Reyansh,R***,48,M,196.67783274305557
B1549,P1051,544.0,2025-12-16 11:37:36.952,CONFIRMED,24A,67f0d93bf65ce35cb30af266d5ca6a9b0582d57b7ada032dbb7ccaa60f5bff0e,,,,AI020,UNKNOWN,BOM,BLR,2026-04-19 03:53:41.701,2026-04-19 06:21:41.701,148.0,False,False,Aadhya,C***,9,F,123.67783274305556
B1550,P1897,563.0,2025-12-06 11:37:36.952,CONFIRMED,10D,0691432311c289a4b6a1088293087597ea44377f3c0886bd3b94018531e56bc4,,,,6F079,IndiGo,MAA,HYD,2026-04-19 02:14:41.702,2026-04-19 06:18:41.702,244.0,False,False,Krishna,M***,9,M,133.60908275462964
B1551,P1920,517.0,2025-11-14 11:37:36.952,INVALID,8E,ed9c985712a982ea0785d423e9d2bd86eaba62616b4aafbe38f256d48a941efe,,,,6F104,IndiGo,CCU,BOM,2026-04-19 05:39:41.702,2026-04-19 06:14:41.702,35.0,False,False,Reyansh,A***,44,F,155.75144386574075
B1552,P1780,548.0,2026-02-06 11:37:36.952,PENDING,32D,68f96837be47df0ef0d8abe73fd00d87a671649e5c76d8178e126b1c6ac91aea,12589.6,1.0,False,UK046,Vistara,CCU,DEL,2026-04-19 03:37:41.701,2026-04-19 06:05:41.701,148.0,False,False,Reyansh,N***,77,M,71.66672163194444
B1553,P1225,554.0,2025-11-15 11:37:36.952,CONFIRMED,33D,327d7923ba84dc125d313b3f313997abf15e09a193a41fc605cb8416560726cd,1883.33,1.0,False,SJ217,SpiceJet,BOM,CCU,2026-04-19 02:57:41.703,2026-04-19 06:04:41.703,187.0,False,False,Muhammad,G***,73,M,154.63894387731483
B1554,P1050,568.0,2025-08-26 11:37:36.952,CANCELLED,8D,90587db3ca08d8366e3847926cd68ee8a2b8cdeb072504a7c8ae1e09fc4072a1,,,,6F142,IndiGo,CCU,MAA,2026-04-19 02:05:41.702,2026-04-19 06:04:41.702,239.0,False,False,Aarav,D***,14,F,235.60283275462962
B1555,P1185,561.0,2026-04-04 11:37:36.952,CONFIRMED,3B,d02b268ada5cea55f3ef00d66e8c2ba7574c891a77d9807514e49adab6d58988,13344.12,1.0,False,SJ139,SpiceJet,DEL,BLR,2026-04-19 02:20:41.702,2026-04-19 06:02:41.702,222.0,False,False,Aditya,K***,24,M,14.613249421296297
B1556,P1033,578.0,2026-01-18 11:37:36.952,CANCELLED,31D,a8be11d1dce2fea4e7f9365371b412f62737131578a48a716f497d93c306849f,,,,6F059,IndiGo,BOM,DEL,2026-04-19 01:12:41.701,2026-04-19 06:02:41.701,290.0,False,False,Aadhya,K***,62,M,90.5660271875
B1557,P1802,553.0,2025-08-10 11:37:36.952,PENDING,17A,eb5f6e33d1cdc45c8e41284f6380de46d106d1ab35359e26201f424b8b6c4c92,17708.739999999998,2.0,True,6F067,IndiGo,MAA,BLR,2026-04-19 02:59:41.701,2026-04-19 06:02:41.701,183.0,False,False,Myra,G***,5,M,251.64033274305558
B1558,P1741,541.0,2025-08-07 11:37:36.952,PENDING,27A,db0b8fd08bcf3be49b9874bf04a614b9f53463de614a8d491bd03307c2fd62f0,15597.73,2.0,True,AI007,Air India,MAA,DEL,2026-04-19 04:01:41.701,2026-04-19 06:01:42.000,120.00498333333333,False,False,Anika,G***,47,F,254.68338829861113
B1559,P1130,579.0,2026-01-20 11:37:36.952,CONFIRMED,5F,22bca92c99154a516795fdab44cb22bf4b3a9f7dd59fbe6876e57d625033f093,3622.91,1.0,False,UK202,Vistara,DEL,HYD,2026-04-19 01:11:41.703,2026-04-19 05:37:41.703,266.0,False,False,Shaurya,S***,47,M,88.56533276620371
B1560,P1631,567.0,2026-03-07 11:37:36.952,CONFIRMED,18C,a7354c849bc2dc639885847a4b0b550b94a281f42d7a71172dd63da132d00891,,,,AI200,Air India,HYD,MAA,2026-04-19 02:05:41.703,2026-04-19 05:29:41.703,204.0,False,False,Muhammad,D***,36,F,42.602832766203704
B1561,P1442,560.0,2026-01-27 11:37:36.952,PENDING,18C,e4c409c2bf97fed9b36ae59e0a669f14ae35f55db732be8e50af2929630d13ad,11507.310000000001,2.0,True,UK172,Vistara,DEL,BOM,2026-04-19 02:20:41.703,2026-04-19 05:21:41.703,181.0,False,False,Aadhya,N***,78,M,81.61324943287038
B1562,P1837,575.0,2025-05-01 11:37:36.952,CONFIRMED,10B,d3cddf774a5c01476a495a8c64f828df50c28c2c064e609e3f4de23daf54c2db,6572.09,1.0,False,6F214,IndiGo,BOM,CCU,2026-04-19 01:21:41.703,2026-04-19 05:20:41.703,239.0,False,False,Ananya,G***,28,F,352.5722772106481
B1563,P1758,580.0,2025-09-11 11:37:36.952,PENDING,27B,47f8762b8a9e4b6eec1af51d98367dedaa157101453f29ebeea4e8e534cf6994,,,,UK037,Vistara,BLR,BOM,2026-04-19 01:10:41.701,2026-04-19 05:12:41.701,242.0,False,False,Shaurya,A***,52,M,219.56463829861113
B1564,P1431,550.0,2025-08-14 11:37:36.952,PENDING,17F,19bd6375ab34461576ad6e4f0545542738c3af022e4f73d2bedf0e812dc5e43a,3514.52,1.0,False,AI022,Air India,BOM,MAA,2026-04-19 03:15:41.701,2026-04-19 05:10:41.701,115.0,False,False,Ishaan,P***,63,F,247.6514438541667
B1565,P1703,556.0,2026-02-06 11:37:36.952,CANCELLED,20D,05eab4037205fdbad8048c4ef6e4aa9ff935b0f66950dc4e2863b9b5a6406637,7243.49,2.0,True,AI243,UNKNOWN,BLR,BOM,2026-04-19 02:50:41.704,2026-04-19 05:09:41.704,139.0,False,False,Aditya,J***,6,M,71.63408277777778
B1566,P1496,540.0,2025-10-08 11:37:36.952,CONFIRMED,29F,929b517da2f662f3f1b9665859b93da7688edcba4bb2b6ab9271cc5c9e4045f8,26394.47,2.0,True,SJ174,SpiceJet,CCU,DEL,2026-04-19 04:09:41.703,2026-04-19 05:04:41.703,55.0,False,False,Shaurya,V***,26,M,192.6889438773148
B1567,P1402,569.0,2025-11-13 11:37:36.952,PENDING,9A,ce3f5b0279ed8a4d956477239562bf89acbd0323928164d70632f60ae3d201c8,10982.24,1.0,False,SJ079,SpiceJet,HYD,DEL,2026-04-19 01:58:41.702,2026-04-19 05:02:41.702,184.0,False,False,Riya,K***,68,F,156.59797164351852
B1568,P1322,584.0,2025-12-21 11:37:36.952,CONFIRMED,21A,d2d204a15dc3e2877c25f03ef870931a760f025e6876ac2781f66d8e9d226e41,0.0,1.0,False,UK097,Vistara,HYD,BOM,2026-04-19 00:49:41.702,2026-04-19 05:00:41.702,251.0,False,False,Krishna,I***,17,M,118.55005497685185
B1569,P1209,546.0,2025-12-26 11:37:36.952,CANCELLED,14E,aeafdcc07301c67a66fda887a166fa1ed496b3bdb12066c1d0dd0e670aaa49e5,,,,AI013,Air India,HYD,BLR,2026-04-19 03:41:41.701,2026-04-19 04:58:41.701,77.0,False,False,Arjun,M***,44,M,113.66949940972222
B1570,P1614,588.0,2025-11-21 11:37:36.952,CANCELLED,25E,46cd253d0ddfc280cd5e312a8b3b580aca96642e0d34b36353d2eb9a81413292,15054.77,2.0,True,UK196,Vistara,BOM,HYD,2026-04-19 00:32:41.703,2026-04-19 04:49:41.703,257.0,False,False,Aarav,R***,63,F,148.53824943287037
B1571,P1328,576.0,2025-11-06 11:37:36.952,CONFIRMED,2C,2c13d59651525445fcddba7bef8a8be50e3f77648e815c63b54236f994f5273a,,,,SJ213,SpiceJet,BOM,CCU,2026-04-19 01:19:41.703,2026-04-19 04:48:41.703,209.0,False,False,Aditya,D***,24,M,163.57088832175927
B1572,P1371,592.0,2025-05-26 11:37:36.952,CONFIRMED,5D,8685742643f91937706de31345b336e557bac1bbabf00b66d3281d4a065ce810,13849.86,2.0,True,UK119,Vistara,BOM,CCU,2026-04-19 00:21:41.702,2026-04-19 04:38:41.702,257.0,False,False,Diya,J***,8,M,327.5306105324074
B1573,P1459,591.0,2026-03-18 11:37:36.952,PENDING,19B,d508364ae4a65b26ecc74b7260994ccbc50a7a933a78c3c767527168f4f568ee,7629.97,1.0,False,AI043,Air India,CCU,DEL,2026-04-19 00:28:41.701,2026-04-19 04:37:41.701,249.0,False,False,Krishna,J***,19,F,31.535471631944443
B1574,P1132,591.0,2025-04-29 11:37:36.952,CANCELLED,18A,354fc8f9c9f50c0459aa3c75d27bb7445e888d4bb1726ffbbcddb977f8f2b2a4,13905.05,1.0,False,AI043,Air India,CCU,DEL,2026-04-19 00:28:41.701,2026-04-19 04:37:41.701,249.0,False,False,Ishaan,B***,3,F,354.53547163194446
B1575,P1834,542.0,2025-06-16 11:37:36.952,CANCELLED,2B,589aa892161cb27c820ff093570e9e3e67b879eb1a0a78e5f618fceb3a03537d,12516.91,1.0,False,AI143,Air India,CCU,DEL,2026-04-19 03:58:41.702,2026-04-19 04:36:41.702,38.0,False,False,Riya,S***,56,M,306.68130497685183
B1576,P1650,564.0,2025-10-20 11:37:36.952,UNKNOWN,6F,b63b8cf743f305554c62b27a7fd12e1f2823347d4fa6b0ec57a9f547130417ba,0.0,1.0,False,SJ032,SpiceJet,MAA,BOM,2026-04-19 02:11:41.701,2026-04-19 04:33:41.701,142.0,False,False,Aadhya,M***,16,F,180.60699940972222
B1577,P1120,587.0,2026-01-24 11:37:36.952,CONFIRMED,23A,68073d18015288515b531cd94747508bcb82979a66387b1bc6b69def38bfc1b2,,,,6F050,IndiGo,DEL,BOM,2026-04-19 00:35:41.701,2026-04-19 04:32:41.701,237.0,False,False,Aarav,G***,33,M,84.54033274305556
B1578,P1605,590.0,2025-12-25 11:37:36.952,PENDING,6B,6b971d54c209110c30956bc63618e702194d39c491f79340cc36756fedbb658a,4097.6900000000005,3.0,True,AI134,Air India,HYD,BOM,2026-04-19 00:28:41.702,2026-04-19 04:23:41.702,235.0,False,False,Anika,K***,58,M,114.53547164351852
B1579,P1451,565.0,2025-04-24 11:37:36.952,CONFIRMED,28E,0e5d2cb7117cad6aa05deaf99d73e6489a83aa853f426b892b603c6bb6ae1967,9444.1,2.0,True,6F182,IndiGo,BOM,CCU,2026-04-19 02:10:41.703,2026-04-19 04:18:41.703,128.0,False,False,Arjun,I***,39,F,359.6063049884259
B1580,P1964,589.0,2025-10-08 11:37:36.952,CONFIRMED,20D,467cb9edc7f56b1e9650e98df33a3ae703f30fac072633f4533b7f01aae005c0,26625.059999999998,3.0,True,SJ086,SpiceJet,CCU,DEL,2026-04-19 00:32:41.702,2026-04-19 04:17:41.702,225.0,False,False,Shaurya,V***,60,F,192.53824942129629
B1581,P1128,558.0,2025-08-06 11:37:36.952,CONFIRMED,3D,8b38c8bc31f03a953051381a06cca4cd367789794989c90034b0b36e9aa8c336,9514.99,2.0,True,6F170,IndiGo,HYD,DEL,2026-04-19 02:44:41.703,2026-04-19 04:14:41.703,90.0,False,False,Diya,P***,35,M,255.629916099537
B1582,P1090,549.0,2025-04-24 11:37:36.952,PENDING,34B,c828971554c2ca5652fe7f5489ee3a18957430ba20de3a192a36bdac455e956c,13552.0,1.0,False,UK168,Vistara,BLR,CCU,2026-04-19 03:20:41.703,2026-04-19 04:09:41.703,49.0,False,False,Vivaan,R***,26,F,359.654916099537
B1583,P1603,577.0,2026-02-22 11:37:36.952,UNKNOWN,33D,60c30884aafb820739c8b489a1ba7b80ba746358480dd6550957c45bb7856d0a,,,,SJ072,SpiceJet,DEL,HYD,2026-04-19 01:18:41.701,2026-04-19 04:08:41.701,170.0,False,False,Ananya,G***,45,M,55.57019385416667
B1584,P1574,606.0,2025-04-28 11:37:36.952,CANCELLED,21C,8808199079ca16ac79a74160263a0cb2f5a2d082454aa4933068afb2fc095922,26466.88,2.0,True,UK075,Vistara,MAA,CCU,2026-04-18 23:15:41.702,2026-04-19 03:54:41.702,279.0,True,False,Shaurya,M***,42,F,355.4847771990741
B1585,P1028,595.0,2026-01-08 11:37:36.952,CANCELLED,1C,a594297ee416bbef8c48a7d52605e6b1896e8bb851a0048622ab676ee3663f03,23517.699999999997,3.0,True,6F233,IndiGo,BLR,BOM,2026-04-18 23:56:41.704,2026-04-19 03:53:41.704,237.0,True,False,Aadhya,M***,59,F,100.51324944444445
B1586,P1721,555.0,2025-11-13 11:37:36.952,CANCELLED,25B,a691462429b9550d2a14e5b2c6abbda569dffeaab1ecea405e68a034d03e17b8,,,,SJ143,SpiceJet,DEL,BOM,2026-04-19 02:55:41.702,2026-04-19 03:52:41.702,57.0,False,False,Kavya,K***,45,M,156.63755497685185
B1587,P1523,557.0,2025-06-28 11:37:36.952,PENDING,34E,5259c492c7710ba1213be024f1e71e562db86c51bb3e82f1b840c416d093801f,11740.35,1.0,False,SJ246,SpiceJet,BOM,DEL,2026-04-19 02:47:41.704,2026-04-19 03:47:42.000,60.004933333333334,False,False,Krishna,V***,89,F,294.63199944444443
B1588,P1332,598.0,2025-11-04 11:37:36.952,CONFIRMED,10B,2a4803305cd02857bbd9cbc896ea36dd6576ed5dc3dc5ca34bae43487663cf1c,12810.22,1.0,False,SJ247,SpiceJet,DEL,BOM,2026-04-18 23:38:41.704,2026-04-19 03:43:41.704,245.0,True,False,Kavya,J***,63,M,165.50074944444444
B1589,P1296,559.0,2025-08-31 11:37:36.952,PENDING,3D,9a68f2fde5c292642af815fae1bf5237515c8efa9eeeca1589252999dcb09944,29432.760000000002,3.0,True,UK157,Vistara,CCU,BOM,2026-04-19 02:41:41.703,2026-04-19 03:41:42.000,60.00495,False,False,Aarav,J***,17,F,230.62783276620368
B1590,P1129,581.0,2026-04-01 11:37:36.952,CONFIRMED,25B,8665d4d18dca34d8e907b69724e21509aeb32d6b9f5443f6e937a296133ca88f,1015.84,1.0,False,UK069,Vistara,CCU,DEL,2026-04-19 01:10:41.701,2026-04-19 03:23:41.701,133.0,False,False,Vivaan,J***,65,F,17.56463829861111
B1591,P1292,566.0,2025-11-20 11:37:36.952,CANCELLED,8A,c4a96038b4f9e9072673f93977eef98634a3b631eb3ad8f6da7a2126cf6e6363,16833.8,2.0,True,AI106,Air India,HYD,BLR,2026-04-19 02:07:41.702,2026-04-19 03:20:41.702,73.0,False,False,Myra,G***,20,M,149.6042216435185
B1592,P1172,562.0,2025-11-17 11:37:36.952,CONFIRMED,24F,bfb12fa9d66b7690439d44a2ccb431ce616adac8c05658ff3227eb04ec5bf62e,,,,UK085,Vistara,MAA,DEL,2026-04-19 02:15:41.702,2026-04-19 03:17:41.702,62.0,False,False,Sara,B***,1,F,152.60977719907407
B1593,P1719,603.0,2025-09-24 11:37:36.952,UNKNOWN,1A,b6d47f8c80fa1004c544d744bdc3e1332f155cab682b02c88bcef88bb0b4779d,,,,6F087,IndiGo,DEL,HYD,2026-04-18 23:24:41.702,2026-04-19 03:10:41.702,226.0,True,False,Shaurya,G***,1,F,206.49102719907407
B1594,P1943,599.0,2025-06-01 11:37:36.952,CONFIRMED,25E,aaea2ce38aa9005fdd29d85101918f87b2faf46637d0553d1aa9a5c6a8722d5a,1448.88,1.0,False,AI067,Air India,HYD,DEL,2026-04-18 23:36:41.701,2026-04-19 03:09:41.701,213.0,True,False,Shaurya,N***,23,M,321.49936052083336
B1595,P1023,586.0,2026-01-07 11:37:36.952,PENDING,4E,171725b3e2f4f8a7b2f40c65ccd0302f4ae4e77948bf25d8698c989cc2888e3f,24869.85,2.0,True,6F226,IndiGo,DEL,BOM,2026-04-19 00:38:41.704,2026-04-19 02:55:41.704,137.0,False,False,Aditya,P***,76,F,101.54241611111111
B1596,P1098,604.0,2025-12-20 11:37:36.952,CONFIRMED,15E,34988969eee46e40feb29de238dc3b58d149a3671bbf308ab731266e412319c3,18020.9,2.0,True,SJ210,SpiceJet,HYD,CCU,2026-04-18 23:21:41.703,2026-04-19 02:54:41.703,213.0,True,False,Reyansh,C***,89,F,119.48894387731481
B1597,P1405,574.0,2025-10-23 11:37:36.952,CONFIRMED,33A,4a123b9d3137e4956275825f2c230b789b04f7fa1231444ac48cb53c53a884c3,19192.260000000002,2.0,True,6F269,UNKNOWN,HYD,MAA,2026-04-19 01:30:41.702,2026-04-19 02:52:41.702,82.0,False,False,Aditya,R***,55,M,177.57852719907407
B1598,P1355,596.0,2026-01-02 11:37:36.952,CONFIRMED,11B,77969c3eddb831d9b5e2ea3f984ced1d8f948afb9cd9ac28029623ba66691c99,15978.23,2.0,True,UK013,Vistara,BOM,MAA,2026-04-18 23:52:41.701,2026-04-19 02:52:41.701,180.0,True,False,Ishaan,I***,43,F,106.51047163194444
B1599,P1138,596.0,2025-09-30 11:37:36.952,PENDING,9E,1229af52a1691e215ecbea86802e9f45e89e5b7ff0f88e234532a081e7913281,,,,UK013,Vistara,BOM,MAA,2026-04-18 23:52:41.701,2026-04-19 02:52:41.701,180.0,True,False,Saanvi,M***,79,M,200.51047163194445
B1600,P1502,573.0,2025-07-20 11:37:36.952,PENDING,2C,8b020d637180a2659678c41c72898733e8f9cb748080b70f0a8cb4938738ae3f,24083.25,2.0,True,UK143,Vistara,BLR,BOM,2026-04-19 01:34:41.703,2026-04-19 02:48:41.703,74.0,False,False,Vivaan,P***,75,F,272.5813049884259
B1601,P1825,572.0,2025-09-07 11:37:36.952,PENDING,28D,401daf4031e0aac358f5c337d8430e1985e508a023734ec5285ae1a5b2c63f65,,,,6F262,UNKNOWN,MAA,DEL,2026-04-19 01:44:41.702,2026-04-19 02:47:41.702,63.0,False,False,Ishaan,I***,61,M,223.5882494212963
B1602,P1173,611.0,2025-07-07 11:37:36.952,UNKNOWN,2A,495450b9989e598c739c2f02a674028cc0678812711f4c1c70112c4877932d15,4028.21,1.0,False,6F042,IndiGo,HYD,DEL,2026-04-18 22:35:41.701,2026-04-19 02:41:41.701,246.0,True,False,Aadhya,M***,27,F,285.45699940972224
B1603,P1028,582.0,2025-12-06 11:37:36.952,CANCELLED,17E,9be67efa903416f26cb42d1fc017ccc25989f3bb44149385260380dc32125449,,,,SJ118,SpiceJet,DEL,BOM,2026-04-19 01:08:41.702,2026-04-19 02:33:41.702,85.0,False,False,Aadhya,M***,59,F,133.5632494212963
B1604,P1930,582.0,2025-11-17 11:37:36.952,CANCELLED,3C,def234c0b75c5d1ecb108bb9a591eb372afa4b0850c3ad4ab3bf6a4e980b5a18,,,,SJ118,SpiceJet,DEL,BOM,2026-04-19 01:08:41.702,2026-04-19 02:33:41.702,85.0,False,False,Vivaan,G***,1,F,152.5632494212963
B1605,P1495,570.0,2025-10-03 11:37:36.952,CANCELLED,6C,1bb2de95b853a6df990f2d2c13b0360989174d7afd048bb270d098f3a57fedc1,0.0,1.0,False,SJ082,SpiceJet,BOM,DEL,2026-04-19 01:54:41.702,2026-04-19 02:33:41.702,39.0,False,False,Arjun,N***,8,F,197.59519386574075
B1606,P1654,597.0,2025-07-18 11:37:36.952,CONFIRMED,23E,35ffd069ac415985455607c754d59f4b89da1c838ec1b51f0d88dee5ebdc0767,21087.41,3.0,True,6F015,IndiGo,BOM,CCU,2026-04-18 23:39:41.701,2026-04-19 02:27:41.701,168.0,True,False,Ishaan,N***,28,M,274.50144385416667
B1607,P1827,605.0,2026-02-02 11:37:36.952,INVALID,30F,31903349f1c2eba85905c923ffa2e9a8cf6d605d128cc9cc8a41d9eb28a9da10,13086.08,2.0,True,AI101,Air India,DEL,BLR,2026-04-18 23:20:41.702,2026-04-19 02:23:41.702,183.0,True,False,Ananya,K***,26,F,75.4882494212963
B1608,P1350,571.0,2025-06-28 11:37:36.952,CANCELLED,10B,19cc3241f12ff2d8e0adc3c77125d7fcd74ab3bd530c4fed2352588bf608123c,,,,SJ110,SpiceJet,CCU,DEL,2026-04-19 01:47:41.702,2026-04-19 02:20:41.702,33.0,False,False,Diya,V***,27,M,294.5903327546296
B1609,P1553,609.0,2025-10-21 11:37:36.952,CANCELLED,19D,5af0cd586be384f47f22b1029b6ca4ba29f537c07be6cef04e2e53c87624ee89,,,,SJ042,SpiceJet,HYD,CCU,2026-04-18 22:38:41.701,2026-04-19 02:20:41.701,222.0,True,False,Anika,K***,57,M,179.45908274305555
B1610,P1298,583.0,2025-10-13 11:37:36.952,CONFIRMED,27A,0d14865cc37b5496709db82f46fa8886391c80eda7f2308a71d3121ed4e14d20,5809.44,1.0,False,6F145,IndiGo,CCU,DEL,2026-04-19 01:02:41.703,2026-04-19 02:18:41.703,76.0,False,False,Ananya,K***,48,M,187.55908276620372
B1611,P1719,601.0,2026-01-05 11:37:36.952,CANCELLED,14C,bc83cd7d4f7b2e69a00ea3d6a6328ac81ee1499addce04e31f7135b4208d6c04,22397.64,2.0,True,UK029,Vistara,DEL,BOM,2026-04-18 23:26:41.701,2026-04-19 02:15:41.701,169.0,True,False,Shaurya,G***,1,F,103.49241607638889
B1612,P1841,602.0,2025-04-18 11:37:36.952,CANCELLED,28C,362f1c4c29ca8172ad830b53c14a432d98a7888badbaabc38883d3e4993ef317,,,,SJ200,SpiceJet,BOM,DEL,2026-04-18 23:24:41.703,2026-04-19 02:11:41.703,167.0,True,False,Diya,D***,2,M,365.49102721064816
B1613,P1944,613.0,2026-01-29 11:37:36.952,CONFIRMED,6A,36f3e7a69bc2d13790e8a894c66562871a911115668d3cb98ac88eacdeb61089,16309.3,2.0,True,SJ209,SpiceJet,BLR,BOM,2026-04-18 22:22:41.703,2026-04-19 02:03:41.703,221.0,True,False,Riya,G***,10,M,79.4479716550926
B1614,P1191,612.0,2025-05-11 11:37:36.952,UNKNOWN,30B,0ce6ea43c344e22757535d637930bcd151258570338b269cd62e9c619df19cec,8965.77,2.0,True,AI116,Air India,CCU,BOM,2026-04-18 22:30:41.702,2026-04-19 01:57:41.702,207.0,True,False,Aditya,M***,62,F,342.4535271990741
B1615,P1671,585.0,2025-05-23 11:37:36.952,CANCELLED,33B,1e8011c366fcb76760042a444e32c9f3ed0753ec855fad78672b049b4d8a168a,13670.64,2.0,True,6F117,IndiGo,CCU,DEL,2026-04-19 00:46:41.702,2026-04-19 01:51:41.702,65.0,False,False,Aadhya,V***,29,M,330.5479716435185
B1616,P1063,593.0,2025-12-23 11:37:36.952,PENDING,17A,98281bd664be8df030f4a802f10ee4e2d73a3c7519a0dffb1538db7f2e14a405,,,,SJ181,SpiceJet,BOM,BLR,2026-04-19 00:20:41.703,2026-04-19 01:49:41.703,89.0,False,False,Shaurya,M***,36,F,116.52991609953703
B1617,P1754,594.0,2025-05-10 11:37:36.952,INVALID,18A,21f4515e5e25841deac42b4b7a7ab82622d6acc519bf75e5cdbcd21cd83df256,12237.51,1.0,False,AI070,Air India,CCU,DEL,2026-04-19 00:05:41.702,2026-04-19 01:44:41.702,99.0,False,False,Arjun,G***,30,M,343.5194994212963
B1618,P1769,594.0,2026-01-19 11:37:36.952,CONFIRMED,1B,a74fb0fb0ef754576acafd952f52601c6b8c4bdadb1ee91032b525c18961e42e,6904.57,1.0,False,AI070,Air India,CCU,DEL,2026-04-19 00:05:41.702,2026-04-19 01:44:41.702,99.0,False,False,Aditya,G***,56,F,89.5194994212963
B1619,P1663,628.0,2026-02-05 11:37:36.952,PENDING,13A,35f6b0b3061afb9ecd49547631aeab3ab63636d893f2b098cbdbb64f4df2293b,33652.61,3.0,True,UK042,Vistara,MAA,BOM,2026-04-18 20:59:41.701,2026-04-19 01:38:41.701,279.0,True,False,Saanvi,D***,64,F,72.39033274305555
B1620,P1214,625.0,2026-02-24 11:37:36.952,PENDING,1B,d565b8fae932abe0ab78f3d66e622c64933f9d11ed355e3b20c7046d61958874,33808.97,4.0,True,AI169,Air India,CCU,DEL,2026-04-18 21:21:41.703,2026-04-19 01:34:41.703,253.0,True,False,Riya,M***,55,M,53.40561054398148
B1621,P1833,624.0,2025-12-21 11:37:36.952,PENDING,27A,5e348003290cc55802633c6b7c925a2f32abe5d0993eddbbb87f941fc446581a,11805.25,2.0,True,6F021,IndiGo,BLR,MAA,2026-04-18 21:23:41.701,2026-04-19 01:25:41.701,242.0,True,False,Aadhya,D***,47,M,118.40699940972222
B1622,P1165,619.0,2025-06-23 11:37:36.952,PENDING,19F,0b6e015de6f981476050ecaba97e69c3e347e11d93177ce8a6628a2458d03dcc,36638.7,3.0,True,SJ046,SpiceJet,BOM,MAA,2026-04-18 22:01:41.701,2026-04-19 01:25:41.701,204.0,True,False,Ira,S***,44,M,299.43338829861113
B1623,P1542,600.0,2025-08-17 11:37:36.952,CANCELLED,22B,b36653540e86085dd458cff345f5505a6aea923ea93910e069d467eca88d56d3,37128.79,4.0,True,AI211,Air India,DEL,CCU,2026-04-18 23:34:41.703,2026-04-19 01:21:41.703,107.0,True,False,Sai, ***,52,M,244.49797165509258
B1624,P1882,607.0,2025-12-20 11:37:36.952,CANCELLED,34F,4aa292eccc639cea3e43735013e104b18448ce780c3df929eef27c3bdf3875e6,,,,SJ091,SpiceJet,BLR,CCU,2026-04-18 23:10:41.702,2026-04-19 00:47:41.702,97.0,True,False,Krishna,G***,56,F,119.48130497685185
B1625,P1231,614.0,2026-04-05 11:37:36.952,PENDING,7D,165b745f5ed02eebbd44517b434a5068bd6d56f343b0f79698c102c568103beb,,,,AI123,Air India,MAA,BOM,2026-04-18 22:19:41.702,2026-04-19 00:45:41.702,146.0,True,False,Riya,D***,59,M,13.445888310185186
B1626,P1793,636.0,2025-04-17 11:37:36.952,CANCELLED,25C,bfb888771f3080fdde82ec55a46ca6e9c2aaf00343473cf379483198de2db70a,7859.04,1.0,False,6F053,IndiGo,DEL,HYD,2026-04-18 20:26:41.701,2026-04-19 00:39:41.701,253.0,True,False,Anika,J***,67,M,366.3674160763889
B1627,P1540,616.0,2026-01-09 11:37:36.952,PENDING,27E,77d9cefc7cced9b07aca5cce887b0a1791a5aa19689d25fd00aac9224683bfa3,23952.61,2.0,True,UK012,Vistara,MAA,BOM,2026-04-18 22:16:41.701,2026-04-19 00:25:41.701,129.0,True,False,Kavya,K***,28,F,99.44380496527778
B1628,P1194,639.0,2025-11-25 11:37:36.952,PENDING,33A,e660354dbd4dbdb97609351b6566aae0af518354a0cb04b34b0d75d4c8081626,1971.53,1.0,False,6F023,IndiGo,MAA,BLR,2026-04-18 20:18:41.701,2026-04-19 00:14:41.701,236.0,True,False,Ananya,D***,12,M,144.36186052083332
B1629,P1505,630.0,2026-01-02 11:37:36.952,CONFIRMED,11A,4142e92c8dd6278b20696b25930b548f1257a21d80355d86fccdb8c2518db85c,,,,AI250,UNKNOWN,BOM,CCU,2026-04-18 20:48:41.704,2026-04-19 00:12:41.704,204.0,True,False,Myra,M***,89,F,106.3826938888889
B1630,P1333,646.0,2026-04-07 11:37:36.952,PENDING,26F,fc03e909e8a5710c6eea82fb20d708794049f993c9a7f0138dee4ced49d44559,11475.88,1.0,False,AI238,Air India,CCU,MAA,2026-04-18 19:25:41.704,2026-04-19 00:07:41.704,282.0,True,False,Kavya,S***,85,M,11.325054999999999
B1631,P1767,618.0,2026-02-17 11:37:36.952,CANCELLED,24F,4adfeb15fe587f60bda9c9cb1fe445c8b18f49e81ca5c3d9fb3244a2b3ecbbc3,17514.41,2.0,True,UK096,Vistara,BLR,HYD,2026-04-18 22:11:41.702,2026-04-19 00:06:41.702,115.0,True,False,Sai,S***,4,M,60.44033275462963
B1632,P1792,610.0,2026-03-30 11:37:36.952,PENDING,1D,5a2fd0bac26c9c553a7cf0e79d0dda235fb909aaf13ee975f958d7af28bf7605,11397.25,1.0,False,UK126,Vistara,CCU,DEL,2026-04-18 22:37:41.702,2026-04-19 00:03:41.702,86.0,True,False,Ishaan,C***,25,M,19.458388310185185
B1633,P1303,631.0,2025-08-30 11:37:36.952,CONFIRMED,8E,b2d7cffcbe296ffe43b48c5a281559d1739bcc8024698888ada73e29bbc2de68,,,,SJ195,SpiceJet,BOM,CCU,2026-04-18 20:41:41.703,2026-04-18 23:54:41.703,193.0,False,False,Ira,N***,30,F,231.37783276620368
B1634,P1832,629.0,2025-12-25 11:37:36.952,CANCELLED,1C,2a5178901251bcd2883d370bc10b7e38b1934a0d3905ac55254d75285f032b45,,,,SJ171,SpiceJet,DEL,HYD,2026-04-18 20:52:41.703,2026-04-18 23:52:41.703,180.0,False,False,Kavya,B***,79,F,114.3854716550926
B1635,P1436,634.0,2025-08-14 11:37:36.952,INVALID,7C,b309beb7f6765ec7d94e10bdf9eb3f5c38a82b52fc5cfc4e7b4b8e7460500321,,,,AI136,Air India,BLR,DEL,2026-04-18 20:29:41.702,2026-04-18 23:48:41.702,199.0,False,False,Myra,R***,26,F,247.3694994212963
B1637,P1501,649.0,2025-12-01 11:37:36.952,PENDING,27C,9ef28d67266b2b8587e9e069b8d59e33c43eea740790da2bf017af169b8e86a5,25470.66,3.0,True,6F035,IndiGo,CCU,HYD,2026-04-18 19:16:41.701,2026-04-18 23:40:41.701,264.0,False,False,Sai,J***,58,M,138.31880496527776
B1638,P1857,648.0,2026-02-23 11:37:36.952,CONFIRMED,22C,3b1ba257ab17e50995fc934a9d9fe7cf1a43d14fc63619dab231293e2c0570b2,,,,UK088,UNKNOWN,MAA,BLR,2026-04-18 19:16:41.702,2026-04-18 23:36:41.702,260.0,False,False,Ira,K***,57,M,54.31880497685185
B1639,P1913,638.0,2025-09-14 11:37:36.952,CONFIRMED,24E,99a304cb3a4f0714213282c70900746dd74004f058691ab972deb7187fd28f4f,6069.3,2.0,True,6F009,IndiGo,BLR,CCU,2026-04-18 20:21:41.701,2026-04-18 23:36:41.701,195.0,False,False,Ananya,N***,66,F,216.36394385416668
B1640,P1392,644.0,2026-01-28 11:37:36.952,CANCELLED,30B,0dfa3d2dc8c7955279553fd9b434969d6ea71290b779f541137cdbd95539c0a8,,,,6F004,IndiGo,BOM,CCU,2026-04-18 19:53:41.701,2026-04-18 23:33:41.701,220.0,False,False,Riya,I***,52,M,80.34449940972222
B1641,P1805,633.0,2026-03-27 11:37:36.952,UNKNOWN,28D,a5a177db9d351cbfa115988e10cc1ab9d4e3cc237371f779459d05acd1e79c96,14953.42,1.0,False,UK122,Vistara,HYD,CCU,2026-04-18 20:29:42.000,2026-04-18 23:29:42.000,180.0,False,False,Kavya,P***,61,F,22.36950287037037
B1642,P1598,608.0,2026-02-15 11:37:36.952,PENDING,4E,8e5bb2f1f092aa3218c9dda46065b9191625d1d6ffea0b069ab14f9d9e76cf38,6919.99,1.0,False,AI251,Air India,MAA,DEL,2026-04-18 22:40:41.704,2026-04-18 23:24:41.704,44.0,False,False,Aadhya,G***,39,M,62.46047166666667
B1643,P1148,645.0,2026-02-04 11:37:36.952,PENDING,14A,21f4ba7013f69a4083864f0d557ab6a857ce19dbe63bcea75dedfcbe5240fdb8,,,,AI027,Air India,BOM,MAA,2026-04-18 19:41:41.701,2026-04-18 23:23:41.701,222.0,False,False,Muhammad,C***,43,M,73.33616607638889
B1644,P1760,641.0,2025-10-20 11:37:36.952,PENDING,20E,7f89177d2919ec57ebb0ce955bee9a7ebd010dab10f3dfbc9d05d11bda65cb95,10406.49,1.0,False,SJ165,SpiceJet,CCU,BOM,2026-04-18 20:08:41.703,2026-04-18 23:18:41.703,190.0,False,False,Sai,A***,88,M,180.35491609953704
B1645,P1832,620.0,2025-08-16 11:37:36.952,CONFIRMED,17D,0bd50d55d21c694559257336b2f109adcb559c4e48c99ef5d56abd6d3ed7e08b,2308.55,1.0,False,UK081,UNKNOWN,BLR,DEL,2026-04-18 22:00:41.702,2026-04-18 23:00:41.702,60.0,False,False,Kavya,B***,79,F,245.43269386574073
B1646,P1404,621.0,2025-09-27 11:37:36.952,CANCELLED,28C,dcb3450557115d32760688a0eddf65b4d433b3182cb7c82ee4a4059d0926c414,22654.88,2.0,True,UK191,Vistara,MAA,BLR,2026-04-18 21:51:41.703,2026-04-18 22:57:41.703,66.0,False,False,Muhammad,K***,47,M,203.4264438773148
B1647,P1282,617.0,2025-11-06 11:37:36.952,PENDING,14F,2a3d133a580f0244d5055aeb03d5861b48c0db66700c2255a4f87a4cb369f087,17320.63,2.0,True,SJ188,SpiceJet,BLR,BOM,2026-04-18 22:15:41.703,2026-04-18 22:55:41.703,40.0,False,False,Kavya,C***,35,M,163.44311054398148
B1648,P1361,615.0,2025-08-09 11:37:36.952,CONFIRMED,33D,4ccbef63e0bdf9971c5a0271cf1e1c51066678819b1184857fd3d837f00b2aa7,3484.04,1.0,False,6F016,IndiGo,HYD,BOM,2026-04-18 22:18:41.701,2026-04-18 22:54:41.701,36.0,False,False,Anika,P***,25,F,252.4451938541667
B1649,P1378,622.0,2026-04-05 11:37:36.952,PENDING,4F,ec7e3cc1e6cc47310a6c5b8045529e83c9e37d3d0e5a208f8aedd7efc36c3eba,28108.05,2.0,True,6F064,IndiGo,CCU,DEL,2026-04-18 21:45:41.701,2026-04-18 22:50:41.701,65.0,False,False,Aditya,I***,32,M,13.4222771875
B1650,P1197,647.0,2026-04-03 11:37:36.952,UNKNOWN,10D,d3fb11aa8268cf78159b56a1922d5bc35b93b2f1da7422853f8ba1a95a1cd4bd,,,,SJ105,SpiceJet,BOM,HYD,2026-04-18 19:22:41.702,2026-04-18 22:48:41.702,206.0,False,False,Krishna,N***,3,M,15.32297164351852
B1651,P1555,656.0,2025-09-09 11:37:36.952,CANCELLED,21B,a7c92440f67553788ac51a3006d3f594190690c8c4e318ef94f2fce31af98b4d,6941.55,1.0,False,SJ054,SpiceJet,MAA,BLR,2026-04-18 18:13:41.701,2026-04-18 22:46:41.701,273.0,False,False,Saanvi,J***,53,M,221.2750549652778
B1652,P1355,657.0,2025-12-19 11:37:36.952,PENDING,23C,cdd97d2f70f6382d57ae8705afa5a49f53bf2dc246c0b8d0ce00cda359a9dd5e,21520.53,4.0,True,6F197,IndiGo,BOM,BLR,2026-04-18 17:59:41.703,2026-04-18 22:44:41.703,285.0,False,False,Ishaan,I***,43,F,120.2653327662037
B1653,P1539,627.0,2026-03-26 11:37:36.952,CANCELLED,31B,9eeee144b1866f99b0d2df76e443f52e0b981aa4c44047b59ba9b1011a57242e,10350.94,1.0,False,AI040,Air India,HYD,BLR,2026-04-18 21:01:41.701,2026-04-18 22:42:41.701,101.0,False,False,Anika,N***,71,M,23.391721631944446
B1654,P1428,643.0,2025-08-14 11:37:36.952,UNKNOWN,31A,3dbbdc54cf78fa74627153f9f3c73db5a5f4dd5a26659be8d94c6c0f536f2034,12116.85,1.0,False,AI131,Air India,MAA,BOM,2026-04-18 19:55:41.702,2026-04-18 22:35:41.702,160.0,False,False,Ishaan,M***,16,M,247.3458883101852
B1655,P1016,635.0,2025-10-09 11:37:36.952,PENDING,7D,ec748ee3966e242dd071b616eb2b3950c4a0823a507fb366c1d452aae80738ee,,,,6F141,IndiGo,BOM,CCU,2026-04-18 20:26:41.702,2026-04-18 22:28:41.702,122.0,False,False,Vivaan,N***,30,M,191.36741608796297
B1656,P1638,626.0,2025-05-12 11:37:36.952,CONFIRMED,26E,41b998aba0b892c7848107ad75833c47cf0cf1efdabcfd7590b8913089a38a62,9174.46,1.0,False,UK035,Vistara,HYD,BOM,2026-04-18 21:08:41.701,2026-04-18 22:24:41.701,76.0,False,False,Krishna,B***,14,F,341.3965827430556
B1657,P1378,623.0,2025-08-28 11:37:36.952,CONFIRMED,12B,180ed27dc9100f4b46748fc0136ae279e50a681b9db2c0d4e0423188495b031b,11326.44,1.0,False,AI005,Air India,DEL,CCU,2026-04-18 21:24:41.701,2026-04-18 22:11:41.701,47.0,False,False,Aditya,I***,32,M,233.4076938541667
B1658,P1679,651.0,2025-06-22 11:37:36.952,CONFIRMED,18D,c2c3095f7f47e91accb93424ab2f8d55635f6920ef2a8a20ee31dbf6af331d93,,,,AI001,Air India,DEL,HYD,2026-04-18 19:00:41.700,2026-04-18 22:03:41.700,183.0,False,False,Sai,P***,25,F,300.3076938425926
B1659,P1505,632.0,2026-01-17 11:37:36.952,PENDING,6D,57d6033ba5fe53db82a5838d6b9456095b179c9d3f7350feabc515c28acb4c15,,,,UK211,Vistara,MAA,CCU,2026-04-18 20:39:41.704,2026-04-18 22:02:41.704,83.0,False,False,Myra,M***,89,F,91.37644388888889
B1660,P1755,666.0,2026-04-04 11:37:36.952,CANCELLED,12D,93771791c943605c56fd329f1c855f615facbd8e925cb36c21fcfaca8f9545e8,5033.75,2.0,True,SJ189,SpiceJet,HYD,BLR,2026-04-18 17:05:41.703,2026-04-18 22:01:41.703,296.0,False,False,Reyansh,V***,79,M,14.227832766203703
B1661,P1898,640.0,2025-04-21 11:37:36.952,PENDING,18D,4f34bb1dd5c1aac2dbf2cac678d864b1bd910390b2a09a763cf5957b1e16bc7b,20979.510000000002,2.0,True,UK006,Vistara,MAA,CCU,2026-04-18 20:16:41.701,2026-04-18 21:55:41.701,99.0,False,False,Shaurya,S***,3,F,362.36047163194445
B1662,P1075,642.0,2025-10-13 11:37:36.952,CONFIRMED,17A,6eab22ee2340440216b5b46852f6702c6251519f3338ab166da7dbe69c2bf9e0,9168.1,1.0,False,6F189,IndiGo,MAA,BLR,2026-04-18 20:08:41.703,2026-04-18 21:51:41.703,103.0,False,False,Krishna,K***,74,F,187.35491609953704
B1663,P1230,650.0,2025-05-16 11:37:36.952,CANCELLED,15B,180d2539362f06e6fcef368043fdadc847e0e419fd4ac9943463d294aafbff33,66885.47,6.0,True,AI133,Air India,DEL,CCU,2026-04-18 19:12:41.702,2026-04-18 21:32:41.702,140.0,False,False,Kavya,M***,20,F,337.3160271990741
B1664,P1715,653.0,2025-11-08 11:37:36.952,CONFIRMED,25B,48bc740d5cd7931c759fa7354a4e778dad19f4782826d09da2a8fea6fa562b06,,,,SJ216,SpiceJet,BOM,CCU,2026-04-18 18:35:41.703,2026-04-18 21:31:41.703,176.0,False,False,Vivaan,M***,17,M,161.2903327662037
B1665,P1961,652.0,2026-03-04 11:37:36.952,CANCELLED,29D,23b39a585f3e43b6fa5ca3bda306679bd7fcdd013f3f1d5fe61ef3eaef2456a8,13434.66,1.0,False,SJ133,SpiceJet,BOM,CCU,2026-04-18 18:50:41.702,2026-04-18 21:29:41.702,159.0,False,False,Muhammad,I***,49,M,45.300749421296295
B1666,P1247,671.0,2026-03-05 11:37:36.952,PENDING,32C,98c0dcb3e2837662543ffcfc0b2c8091e52cf4c854db339f741d0cdfe57b17da,4184.87,1.0,False,UK082,Vistara,DEL,BOM,2026-04-18 16:50:41.702,2026-04-18 21:21:41.702,271.0,False,False,Arjun,A***,50,F,44.21741608796296
B1667,P1301,637.0,2026-02-16 11:37:36.952,CANCELLED,32C,20e8c56e6c76ef8e908e9006f270974c367e303585d8bf61c25ff89701f36faf,,,,6F136,IndiGo,CCU,DEL,2026-04-18 20:24:41.702,2026-04-18 21:01:41.702,37.0,False,False,Reyansh,P***,86,F,61.366027199074075
B1668,P1725,674.0,2025-04-30 11:37:36.952,PENDING,3B,08542579bc6c9a81fa147f521c06c1e73a91b5cfaef4dc81dbc6d26f9978a8aa,,,,6F039,IndiGo,MAA,CCU,2026-04-18 16:43:41.701,2026-04-18 21:01:41.701,258.0,False,False,Aadhya,S***,65,M,353.2125549652778
B1669,P1214,669.0,2025-06-16 11:37:36.952,CONFIRMED,3E,76c9be4589d3d2ea7af44bf648d90c2f4a3825119a1f343bbd5d06f3e541ffb2,,,,AI011,Air India,CCU,BOM,2026-04-18 16:58:41.701,2026-04-18 21:01:41.701,243.0,False,False,Riya,M***,55,M,306.22297163194446
B1670,P1157,654.0,2025-05-12 11:37:36.952,CANCELLED,16C,cb964c0495c097ea1d8cf3f134a8fcebe47080f10ee6e65de7e5784cf32515a0,,,,SJ225,UNKNOWN,DEL,HYD,2026-04-18 18:16:41.704,2026-04-18 20:53:41.704,157.0,False,False,Arjun,A***,66,M,341.2771383333333
B1671,P1068,676.0,2025-07-08 11:37:36.952,CONFIRMED,22C,e2af476ea74868e91cff727f20fa729cc658d10be935444c80e18c48e773b3da,,,,SJ024,SpiceJet,DEL,MAA,2026-04-18 16:29:41.701,2026-04-18 20:21:41.701,232.0,False,False,Sai,B***,54,M,284.2028327430556
B1672,P1392,687.0,2025-08-01 11:37:36.952,CANCELLED,14E,650128205a4c56282bb499374f986a0a00147acd99d1752c8206128142604375,6895.9,1.0,False,AI109,Air India,BLR,BOM,2026-04-18 15:53:41.702,2026-04-18 20:14:41.702,261.0,False,False,Riya,I***,52,M,260.1778327546296
B1673,P1084,655.0,2025-06-12 11:37:36.952,UNKNOWN,28B,823745f06bee486452ed54941a0896edab25d433ac003559eaa00fee2dbe983e,,,,AI147,Air India,HYD,CCU,2026-04-18 18:14:41.703,2026-04-18 20:10:41.703,116.0,False,False,Aditya,P***,40,F,310.2757494328703
B1674,P1266,693.0,2025-11-03 11:37:36.952,CANCELLED,18C,dd3467605c235ed48e0e6dc9e96975bf446f633c432626d5068230bd0b7bf280,,,,UK057,Vistara,CCU,DEL,2026-04-18 15:25:41.701,2026-04-18 20:04:41.701,279.0,False,False,Aditya,K***,20,F,166.1583882986111
B1675,P1068,664.0,2025-08-01 11:37:36.952,CANCELLED,9A,a7cec80fbdbc1c3be346c196dcd5d1a4a98ec4b1b59e2d2f9de745a586d2c689,,,,6F111,IndiGo,HYD,DEL,2026-04-18 17:09:41.702,2026-04-18 20:02:41.702,173.0,False,False,Sai,B***,54,M,260.2306105324074
B1676,P1610,678.0,2026-04-14 11:37:36.952,PENDING,24C,9111e950c2dccf9abc029c423d8bdcae94696130304dbce78af0b947bca9ba95,26552.82,2.0,True,AI197,Air India,BOM,CCU,2026-04-18 16:25:41.703,2026-04-18 20:00:41.703,215.0,False,False,Diya,S***,1,M,4.200054988425926
B1677,P1346,686.0,2026-01-31 11:37:36.952,PENDING,29C,84a57e583b3fc3fc3c7008e4fcdf8bd053622942ab0ac54e9938c428a09f81b0,19599.18,2.0,True,UK127,Vistara,BOM,HYD,2026-04-18 15:56:41.702,2026-04-18 20:00:41.702,244.0,False,False,Anika,M***,47,M,77.17991608796297
B1678,P1961,692.0,2025-12-31 11:37:36.952,PENDING,24B,51d9180b215f977557cfc1a9625313f0ff03a324b1bddc50af350c99c19b8a3c,3831.88,1.0,False,6F240,IndiGo,DEL,HYD,2026-04-18 15:31:41.704,2026-04-18 19:56:41.704,265.0,False,False,Muhammad,I***,49,M,108.162555
B1679,P1727,683.0,2025-08-17 11:37:36.952,CANCELLED,25A,9edfd73850d65cef58b94746eb8a0991a8b9e9523488aec06412be4712057b86,,,,6F257,UNKNOWN,MAA,CCU,2026-04-18 16:04:41.704,2026-04-18 19:55:41.704,231.0,False,False,Aadhya,d***,34,M,244.18547166666667
B1680,P1926,681.0,2026-03-19 11:37:36.952,UNKNOWN,11F,336e0a1cc660d92e1a8e081c15561d3cba85916d602ec7bc69f106e9dc1296c2,,,,AI253,Air India,BLR,BOM,2026-04-18 16:13:41.704,2026-04-18 19:51:41.704,218.0,False,False,Krishna,I***,84,M,30.191721666666666
B1681,P1672,684.0,2026-04-02 11:37:36.952,CANCELLED,15C,df283b8533f84ceaabfe530012193ad0a656096ece9b22ce72b6a2cd991c3bb0,26057.93,2.0,True,SJ135,SpiceJet,MAA,CCU,2026-04-18 16:03:41.702,2026-04-18 19:48:41.702,225.0,False,False,Diya,J***,13,M,16.184777199074073
B1682,P1422,667.0,2025-07-10 11:37:36.952,CANCELLED,20B,232d1c0d9502797c3d1ede1c44b2a2dc72a0414340cb99b83a1de649a470028c,2916.86,1.0,False,UK112,UNKNOWN,CCU,DEL,2026-04-18 17:05:41.702,2026-04-18 19:47:41.702,162.0,False,False,Shaurya,G***,58,M,282.2278327546296
B1683,P1605,665.0,2025-08-07 11:37:36.952,CONFIRMED,9C,9f61d041b615380030761ce903ce215e3948337f37bf514e79d6d6cb0372c2e7,19349.760000000002,2.0,True,AI050,Air India,BLR,BOM,2026-04-18 17:07:41.701,2026-04-18 19:42:41.701,155.0,False,False,Anika,K***,58,M,254.22922163194445
B1684,P1173,682.0,2025-11-18 11:37:36.952,PENDING,8E,7f3a90ad9d4d71b27cb739193d965999f40f3cdce051a5622bb6d665718a886d,,,,UK060,Vistara,BLR,CCU,2026-04-18 16:09:41.701,2026-04-18 19:42:41.701,213.0,False,False,Aadhya,M***,27,F,151.18894385416667
B1685,P1676,659.0,2025-05-15 11:37:36.952,CANCELLED,25E,2df5d0e071d2793562836d03bcf44c796125f5318ec427b69238792996c08b49,12700.44,2.0,True,SJ183,SpiceJet,CCU,DEL,2026-04-18 17:44:41.703,2026-04-18 19:40:41.703,116.0,False,False,Reyansh,R***,82,F,338.254916099537
B1686,P1114,672.0,2025-11-17 11:37:36.952,CONFIRMED,23E,e2ccff8e291a3bcfa056bfbe58bf6e4aa87f6d08452d803f7f565b1b89bc6cc5,1293.05,1.0,False,UK138,Vistara,DEL,BLR,2026-04-18 16:47:41.703,2026-04-18 19:36:41.703,169.0,False,False,Anika,S***,28,F,152.21533276620372
B1687,P1219,661.0,2025-10-12 11:37:36.952,PENDING,22F,e7deaaae6ca16ac1f93988fea9988431c332be1baa360dbd8f4d9f80b1fc0851,,,,SJ071,SpiceJet,CCU,MAA,2026-04-18 17:43:41.701,2026-04-18 19:32:41.701,109.0,False,False,Muhammad,N***,24,M,188.25422163194443
B1688,P1955,688.0,2025-06-14 11:37:36.952,PENDING,9D,a01873f30682f0db39d7f039f6adcb28e5dd0617b99153f54a544f0548901925,10945.95,1.0,False,AI057,Air India,BOM,CCU,2026-04-18 15:53:41.701,2026-04-18 19:22:41.701,209.0,False,False,Aarav,D***,9,F,308.1778327430556
B1689,P1030,660.0,2025-07-10 11:37:36.952,CANCELLED,20B,30a69f52e614decfac070ad7a6250050a5763c157081c23f39e86a05ae1a72f7,8030.27,1.0,False,SJ151,SpiceJet,BOM,CCU,2026-04-18 17:44:41.702,2026-04-18 19:16:41.702,92.0,False,False,Aditya,K***,60,F,282.25491608796295
B1690,P1522,690.0,2025-06-28 11:37:36.952,PENDING,12C,84cbd470a56bad5a23b8c226dd6f9a00df74f4287916f711c2bffed2b650ae63,7675.73,1.0,False,SJ144,SpiceJet,BLR,BOM,2026-04-18 15:35:41.702,2026-04-18 19:12:41.702,217.0,False,False,Reyansh,S***,23,F,294.1653327546296
B1691,P1342,702.0,2026-01-23 11:37:36.952,PENDING,12E,5ab2047d375d8b9bd18c3db304eccdcaaddfcbe3c5982fddd2669289d85f42f1,10442.06,1.0,False,SJ087,SpiceJet,BOM,DEL,2026-04-18 14:20:41.702,2026-04-18 19:09:41.702,289.0,False,False,Reyansh,N***,67,M,85.1132494212963
B1692,P1376,658.0,2026-04-02 11:37:36.952,CONFIRMED,18A,fde81946c722e21662728779b862ab437142c013c45647383edd1e28fad7d7ac,,,,SJ066,SpiceJet,HYD,CCU,2026-04-18 17:47:41.701,2026-04-18 19:03:41.701,76.0,False,False,Krishna,I***,15,F,16.256999409722223
B1693,P1129,685.0,2026-01-02 11:37:36.952,CONFIRMED,11F,fd88a5243fc93e55c4a8be787902372d6ddf0355795afaa4770d62b1d2f8cb5f,,,,AI247,Air India,BOM,CCU,2026-04-18 15:58:41.704,2026-04-18 19:02:41.704,184.0,False,False,Vivaan,J***,65,F,106.18130500000001
B1694,P1999,662.0,2026-04-01 11:37:36.952,PENDING,24D,d1786521094812672de71e02e08a42b51125f064840ece118724361641b3ad14,7153.610000000001,2.0,True,SJ102,SpiceJet,MAA,CCU,2026-04-18 17:26:41.702,2026-04-18 18:58:41.702,92.0,False,False,Ananya,P***,14,F,17.24241608796296
B1695,P1616,699.0,2026-04-13 11:37:36.952,CONFIRMED,4F,4438155ebe696c02b25e927623acc0350e86b49b7aeda9945a13bfc97d126e5b,5969.93,1.0,False,6F252,UNKNOWN,MAA,BLR,2026-04-18 14:25:41.701,2026-04-18 18:52:41.701,267.0,False,False,Anika,K***,56,M,5.116721631944444
B1696,P1538,680.0,2025-11-28 11:37:36.952,PENDING,11C,276ecaadcc0e56c0b6420f4beceb8f04aa06a2465b5cd357d35e7f4abc78571f,,,,6F055,IndiGo,DEL,CCU,2026-04-18 16:21:41.701,2026-04-18 18:49:41.701,148.0,False,False,Aditya,M***,9,F,141.1972771875
B1697,P1738,714.0,2025-11-12 11:37:36.952,CANCELLED,34B,50c21caf5356a78de6c1091caec42b224847ae476100e0dfa02fe1ad12b8d7bd,,,,AI204,Air India,CCU,MAA,2026-04-18 13:40:41.703,2026-04-18 18:38:41.703,298.0,False,False,Ananya,P***,5,M,157.0854716550926
B1698,P1001,704.0,2026-02-02 11:37:36.952,CONFIRMED,31D,f0d567941af209ed076469fa5d683100e045a6c9c53657d3b8383d27728257d9,8023.98,1.0,False,AI016,Air India,BOM,CCU,2026-04-18 14:15:41.701,2026-04-18 18:38:41.701,263.0,False,False,Krishna,R***,15,M,75.1097771875
B1699,P1870,663.0,2025-12-11 11:37:36.952,PENDING,15D,cecc55d3ec697230da35ac861476e3084b3a6045b77b1a8992d81b9c42c88018,23144.93,4.0,True,AI209,Air India,BLR,CCU,2026-04-18 17:25:41.703,2026-04-18 18:37:41.703,72.0,False,False,Reyansh,P***,86,F,128.2417216550926
B1700,P1100,679.0,2026-01-04 11:37:36.952,PENDING,14B,65e1cbc46369844c7ee2f37303b3a6869ecc7490b08650570a4a30885020afcb,6028.27,1.0,False,SJ211,SpiceJet,MAA,BOM,2026-04-18 16:22:41.703,2026-04-18 18:34:41.703,132.0,False,False,Muhammad,J***,9,M,104.1979716550926
B1701,P1532,689.0,2025-10-16 11:37:36.952,CONFIRMED,13F,778a78c05c94abc6c75831345b46be8b956ce152fefe25be3da0ef63c8403814,,,,6F103,IndiGo,CCU,MAA,2026-04-18 15:37:41.702,2026-04-18 18:32:41.702,175.0,False,False,Diya,B***,19,M,184.1667216435185
B1702,P1057,703.0,2025-04-22 11:37:36.952,CONFIRMED,31F,448e80cb3fd8af983a1e5ad218020663dc87cc19372a01db8365a5a6b155c719,13329.36,2.0,True,UK182,Vistara,HYD,CCU,2026-04-18 14:19:41.703,2026-04-18 18:25:41.703,246.0,False,False,Ishaan,G***,44,M,361.1125549884259
B1703,P1388,709.0,2025-12-25 11:37:36.952,CANCELLED,19B,238f552984c69ef516a03274e6c889155ffd85d0c968f09320c6c3aa79eb5c00,11995.2,2.0,True,6F264,UNKNOWN,DEL,HYD,2026-04-18 14:03:41.701,2026-04-18 18:23:41.701,260.0,False,False,Reyansh,D***,58,M,114.10144385416666
B1704,P1691,670.0,2025-07-23 11:37:36.952,PENDING,29A,28a8f1ea96a0662d672bd3c696da56972a9f3feb46db05d9b8733be9656dfb85,13993.49,1.0,False,6F027,IndiGo,BLR,DEL,2026-04-18 16:52:41.701,2026-04-18 18:21:41.701,89.0,False,False,Vivaan,A***,26,M,269.2188049652778
B1705,P1940,673.0,2026-01-31 11:37:36.952,CANCELLED,3B,ec5ba277b2139e72caf29c5794985e028cb54c7e02beabc89f90503640e90915,20858.789999999997,4.0,True,UK198,Vistara,DEL,BLR,2026-04-18 16:43:41.703,2026-04-18 18:18:41.703,95.0,False,False,Reyansh,R***,50,F,77.21255498842592
B1706,P1340,668.0,2025-09-07 11:37:36.952,CANCELLED,15C,6b2d1b2113c249923c23547dc7afefaf5cbda758e7068725c430c1468fa68906,,,,6F171,IndiGo,DEL,BLR,2026-04-18 17:03:41.703,2026-04-18 18:12:41.703,69.0,False,False,Anika,C***,54,M,223.2264438773148
B1707,P1860,711.0,2025-07-05 11:37:36.952,CANCELLED,1B,ca48569f7510d5079a623f176ac9b0c8694e874d3fe3daf225d2db99618cbe5b,,,,AI004,Air India,HYD,MAA,2026-04-18 13:58:41.701,2026-04-18 18:12:41.701,254.0,False,False,Sara,C***,44,M,287.09797163194446
B1708,P1019,675.0,2025-11-22 11:37:36.952,CONFIRMED,3C,28265e9fff3a747905810827751d5a75efe5f62e34b47afaa28be163b348d21a,,,,6F157,IndiGo,MAA,CCU,2026-04-18 16:37:41.703,2026-04-18 18:04:41.703,87.0,False,False,Diya,P***,64,M,147.20838832175926
B1709,P1254,723.0,2025-10-03 11:37:36.952,CANCELLED,22B,63b55a036f684a91a31d0e6eb1fbbf47825ec85699f5a92dc946f90df0fc1430,,,,AI018,Air India,BOM,CCU,2026-04-18 13:12:41.701,2026-04-18 18:04:41.701,292.0,False,False,Muhammad,K***,2,F,197.06602718750003
B1710,P1316,715.0,2025-08-05 11:37:36.952,CONFIRMED,21E,a2b9033cfed071e538b59f3f82a2a968256719e2463328cd484fc6e78863c13d,12059.65,1.0,False,UK098,Vistara,CCU,DEL,2026-04-18 13:38:41.702,2026-04-18 17:54:41.702,256.0,False,False,Aadhya,K***,48,F,256.0840827546296
B1711,P1037,677.0,2026-01-29 11:37:36.952,UNKNOWN,4C,fa143555327c86b01fb53e6c45e1858c42e9d627bc6151146945e4050cef337d,,,,6F167,IndiGo,BLR,BOM,2026-04-18 16:26:41.703,2026-04-18 17:50:41.703,84.0,False,False,Muhammad,G***,51,M,79.20074943287037
B1712,P1659,721.0,2025-09-06 11:37:36.952,CANCELLED,17C,efc47f6e0d4875430a8ea7529056a7d9e33165eb32dfa66681b05ca33f195bc0,,,,AI228,Air India,BLR,BOM,2026-04-18 13:16:41.703,2026-04-18 17:44:41.703,268.0,False,False,Riya,M***,60,F,224.0688049884259
B1713,P1536,695.0,2025-08-31 11:37:36.952,CANCELLED,17D,a493d09b9d53e4b175fa525ac85a2f947c1c8218f2956e5e9376d5c61dbfa3e7,,,,SJ242,SpiceJet,BLR,HYD,2026-04-18 14:55:41.704,2026-04-18 17:42:41.704,167.0,False,False,Riya,N***,19,F,230.137555
B1714,P1385,720.0,2025-12-11 11:37:36.952,PENDING,34C,7c0e390fcbe61c5e9577bdeb773711aa029f4451d7e0ea5a3237848587565b8d,5064.12,1.0,False,6F227,IndiGo,MAA,BOM,2026-04-18 13:16:41.704,2026-04-18 17:41:41.704,265.0,False,False,Reyansh,D***,63,F,128.068805
B1715,P1632,696.0,2025-08-27 11:37:36.952,CANCELLED,20C,9547aa7e70298b9e857eac5213035cea4807fac76dab67d9d21fd9c5b1850ea3,,,,6F037,IndiGo,BOM,MAA,2026-04-18 14:51:41.701,2026-04-18 17:23:41.701,152.0,False,False,Ananya,K***,19,M,234.13477718750002
B1716,P1927,705.0,2025-12-22 11:37:36.952,PENDING,28A,a0aee1417b3c36e8babca6d9569f010bc76ae349194d79b9d520a026c9db0f1c,,,,6F107,IndiGo,CCU,BLR,2026-04-18 14:14:41.702,2026-04-18 17:14:42.000,180.0049666666667,False,False,Sai,R***,20,F,117.10908275462963
B1717,P1025,701.0,2025-11-06 11:37:36.952,CANCELLED,14A,40db31827ba69c6691ac474577792db2924510243ae55cc21ebdc944b789c143,2408.2200000000003,2.0,True,SJ125,SpiceJet,DEL,BLR,2026-04-18 14:21:41.702,2026-04-18 16:55:41.702,154.0,False,False,Aarav,C***,22,M,163.11394386574074
B1718,P1453,719.0,2025-06-17 11:37:36.952,CANCELLED,9B,436237ae11aadadcc8c6c136b91c7bf4dbd3aca1973204d0667a12c5c78f4878,18312.78,2.0,True,UK117,Vistara,BLR,BOM,2026-04-18 13:17:41.702,2026-04-18 16:54:41.702,217.0,False,False,Diya,I***,23,M,305.0694994212963
B1719,P1680,729.0,2025-11-12 11:37:36.952,CANCELLED,29E,0403274a854c90495b35b45ed2713838f4dc756b51a28ba56dfec2ee8be9d999,5781.1,1.0,False,6F192,IndiGo,CCU,BLR,2026-04-18 12:20:41.703,2026-04-18 16:45:41.703,265.0,False,False,Ira,I***,66,M,157.02991609953705
B1720,P1322,694.0,2025-11-27 11:37:36.952,CANCELLED,27B,deee309e609cfd2a0a8f2464ca4b38386c4b1b48b36c23a5eae1b54769aff9de,5194.3,1.0,False,AI201,Air India,BLR,CCU,2026-04-18 15:19:41.703,2026-04-18 16:40:41.703,81.0,False,False,Krishna,I***,17,M,142.15422165509258
B1721,P1736,712.0,2026-03-25 11:37:36.952,PENDING,21A,621d3cf046eda8651132994e53b75795b028df74c896782b031089738c441c81,,,,SJ126,SpiceJet,DEL,BLR,2026-04-18 13:47:41.702,2026-04-18 16:31:41.702,164.0,False,False,Aarav,N***,65,F,24.090332754629628
B1722,P1512,707.0,2026-02-10 11:37:36.952,PENDING,5E,ab399f26f93999ceb543883c78d22219ce45bd3ab6d8eda3db2812629067c7b8,0.0,1.0,False,AI177,Air India,CCU,HYD,2026-04-18 14:11:41.703,2026-04-18 16:26:41.703,135.0,False,False,Reyansh,N***,49,M,67.10699943287037
B1723,P1818,717.0,2025-12-23 11:37:36.952,CANCELLED,26B,568ba77d20124faa8a7915b34c7a8a6a53d093e91755460c53e8f2e32f9edd06,,,,AI092,Air India,CCU,BOM,2026-04-18 13:36:41.702,2026-04-18 16:20:41.702,164.0,False,False,Aditya,D***,73,M,116.08269386574074
B1724,P1772,691.0,2025-10-10 11:37:36.952,CANCELLED,11D,14abd42aea37be5924dc9a3d70fce4860e61aaa0a171597c0e549b90cd3da238,10484.53,1.0,False,6F076,IndiGo,CCU,HYD,2026-04-18 15:35:41.702,2026-04-18 16:20:41.702,45.0,False,False,Sai,C***,17,M,190.16533275462962
B1725,P1012,731.0,2025-04-29 11:37:36.952,PENDING,1E,1dc394ec4e5ce312428ebcb4790974885a0865c6cd9bc281ce6c1b66f95c643b,0.0,1.0,False,AI185,Air India,CCU,BOM,2026-04-18 12:16:41.703,2026-04-18 16:18:41.703,242.0,False,False,Arjun,P***,22,M,354.02713832175925
B1726,P1914,698.0,2025-05-14 11:37:36.952,CONFIRMED,2B,9dccff1425fde8754961e39a5e2905a629d8e80ab75425ed4dcbed4a4b8e03d3,10313.45,2.0,True,AI055,Air India,CCU,BOM,2026-04-18 14:39:41.701,2026-04-18 16:18:41.701,99.0,False,False,Diya,B***,79,M,339.12644385416667
B1727,P1907,710.0,2026-03-15 11:37:36.952,CONFIRMED,27D,c17ef9d640b3a612685694b8a03d39936c14bc09fe1f63d8f6be6963e221078f,,,,6F222,IndiGo,HYD,MAA,2026-04-18 14:01:41.704,2026-04-18 16:11:41.704,130.0,False,False,Sai,S***,4,F,34.100055
B1728,P1559,716.0,2025-12-12 11:37:36.952,CONFIRMED,1C,2c63961575d5f19025444e701e3124e27f6d419de2fc9ed04796de326868e2a5,7592.89,1.0,False,AI090,Air India,MAA,CCU,2026-04-18 13:37:41.702,2026-04-18 16:11:41.702,154.0,False,False,Aditya,K***,14,F,127.08338831018519
B1729,P1920,700.0,2025-06-03 11:37:36.952,PENDING,4F,2a62e425ef788d0bf303e1171b7941e250bacf5845418d8870248b0ca3791501,2726.28,1.0,False,AI183,Air India,DEL,CCU,2026-04-18 14:24:41.703,2026-04-18 16:06:41.703,102.0,False,False,Reyansh,A***,44,F,319.11602721064816
B1730,P1824,708.0,2025-04-29 11:37:36.952,PENDING,25F,62d74181a0f3b1f0fe242db338c0bc97d6b4f692ba1c3e66b6a0291214f281fb,0.0,1.0,False,AI041,Air India,BOM,BLR,2026-04-18 14:08:41.701,2026-04-18 15:59:41.701,111.0,False,False,Ira,A***,48,M,354.1049160763889
B1731,P1370,737.0,2025-07-12 11:37:36.952,CONFIRMED,25F,7d85991b6e0166378e54d225498c53354fc737922de5d7f32f1b1f5a403026b4,1355.89,1.0,False,6F210,IndiGo,HYD,DEL,2026-04-18 11:51:41.703,2026-04-18 15:58:41.703,247.0,False,False,Myra,N***,65,F,280.0097772106481
B1732,P1290,741.0,2026-01-15 11:37:36.952,CONFIRMED,3A,229aba8e47b68a29ac08c0322003be83cbcbcb4625ab219b2e4939217f82f796,7405.96,1.0,False,AI170,Air India,HYD,DEL,2026-04-18 11:27:41.703,2026-04-18 15:50:41.703,263.0,False,False,Aditya,M***,21,M,92.99311054398149
B1733,P1331,749.0,2026-04-16 11:37:36.952,CANCELLED,2E,d60682ef8a3ae1d6d1652916fd5a1de732c1f36a0f966059773c8500c445d5c4,10832.74,1.0,False,SJ008,SpiceJet,HYD,BLR,2026-04-18 10:53:41.701,2026-04-18 15:48:41.701,295.0,False,False,Aadhya,N***,60,F,1.9694994097222223
B1734,P1605,718.0,2025-09-29 11:37:36.952,PENDING,27E,a4ca03fb72681515a68f02e01269d80c93eb496f7017132913fe62bd9ea4b2d7,2972.66,1.0,False,AI049,Air India,CCU,MAA,2026-04-18 13:35:41.701,2026-04-18 15:48:41.701,133.0,False,False,Anika,K***,58,M,201.08199940972224
B1735,P1260,697.0,2025-05-12 11:37:36.952,PENDING,34E,1804564eca7ae2dfcfd7e8f7bb45b131b932f8323df4125b8a75841f5f5a1181,10012.48,1.0,False,SJ132,SpiceJet,MAA,DEL,2026-04-18 14:44:41.702,2026-04-18 15:36:41.702,52.0,False,False,Ananya,M***,32,M,341.12991608796295
B1736,P1993,725.0,2026-01-26 11:37:36.952,CONFIRMED,28E,286eb81467f00fa13c18e856293ffcb0ab79c9bb5a01eb5ad213ac3b6be44696,8590.58,2.0,True,SJ224,SpiceJet,DEL,MAA,2026-04-18 12:41:41.703,2026-04-18 15:33:41.703,172.0,False,False,Muhammad,N***,42,M,82.04449943287037
B1737,P1789,728.0,2025-06-11 11:37:36.952,CONFIRMED,1E,a766ce097138901401c92de1b55ef435379d33518038089050ddf50e4519534d,12049.41,1.0,False,UK038,Vistara,MAA,CCU,2026-04-18 12:22:41.701,2026-04-18 15:31:41.701,189.0,False,False,Anika,G***,4,M,311.0313049652778
B1738,P1870,713.0,2025-08-14 11:37:36.952,PENDING,27B,5062102443c70495b5ea3df24372d29a8a1921c7ef0918f6aa9665b25a0ceda5,26003.14,3.0,True,SJ220,SpiceJet,BOM,CCU,2026-04-18 13:45:41.703,2026-04-18 15:21:41.703,96.0,False,False,Reyansh,P***,86,F,247.0889438773148
B1739,P1204,751.0,2025-06-29 11:37:36.952,CANCELLED,34F,e337b0b7de821418d655e191b1a10187e8db98f617b8072520b7b761e1f92b05,8263.32,1.0,False,6F124,IndiGo,BLR,BOM,2026-04-18 10:47:41.702,2026-04-18 15:21:41.702,274.0,False,False,Shaurya,S***,87,M,292.9653327546296
B1740,P1696,722.0,2025-11-16 11:37:36.952,CONFIRMED,14D,418e7a8e8be89dd3487eb0f0db94d57a5a17d20d63cad7c8a9528c024566355f,,,,SJ164,SpiceJet,CCU,MAA,2026-04-18 13:14:41.703,2026-04-18 15:14:42.000,120.00495,False,False,Riya,S***,27,M,153.06741609953704
B1741,P1686,706.0,2025-05-18 11:37:36.952,PENDING,18E,b9c7dd7912666b943acc97ccf9836b0aef809869a6e849d95332014793d6b7f9,4483.43,1.0,False,AI026,Air India,DEL,BOM,2026-04-18 14:14:41.701,2026-04-18 15:13:41.701,59.0,False,False,Ishaan,K***,65,M,335.1090827430556
B1742,P1949,736.0,2025-09-14 11:37:36.952,PENDING,16D,066f10077caa38deb8e7d51dd17f624411ead3815e4c9af0db177f83bf9e2927,,,,6F144,IndiGo,HYD,BOM,2026-04-18 11:56:41.702,2026-04-18 15:11:41.702,195.0,False,False,Saanvi,G***,2,M,216.0132494212963
B1743,P1386,752.0,2025-11-21 11:37:36.952,INVALID,6F,0dec466abbbcfc2126393332a128842a0526dcac90bb863e3908b2a32f1743fb,4062.36,1.0,False,6F137,IndiGo,CCU,DEL,2026-04-18 10:45:41.702,2026-04-18 15:01:41.702,256.0,False,False,Riya,G***,62,F,147.96394386574073
B1744,P1891,748.0,2025-09-05 11:37:36.952,CANCELLED,10A,fd801dce6b0b07a90dd0975c255b72c55f87290a6da3a790300cead88802ecbf,9225.17,1.0,False,UK139,UNKNOWN,BLR,MAA,2026-04-18 10:54:41.703,2026-04-18 14:31:41.703,217.0,False,False,Shaurya,B***,4,F,224.97019387731478
B1745,P1820,748.0,2025-05-20 11:37:36.952,CONFIRMED,27B,687048c14a9a8d98f1a85a81cb0ce005af4cffc096509103a77feff34450e095,10889.16,1.0,False,UK139,UNKNOWN,BLR,MAA,2026-04-18 10:54:41.703,2026-04-18 14:31:41.703,217.0,False,False,Myra,B***,47,F,332.9701938773148
B1746,P1467,754.0,2025-08-31 11:37:36.952,CONFIRMED,34D,3127f284842cf5cb0789bae92be082a8702469b00940be4a0bdbdab8e40ffbcb,,,,SJ140,UNKNOWN,HYD,DEL,2026-04-18 10:42:41.702,2026-04-18 14:30:41.702,228.0,False,False,Ishaan,S***,2,M,229.9618605324074
B1747,P1414,761.0,2025-04-20 11:37:36.952,CONFIRMED,9F,1a781a89e36abd64f3a56e73f8643f345d297e5e7e8557b2887156c788f50a36,,,,6F131,IndiGo,BLR,HYD,2026-04-18 10:22:41.702,2026-04-18 14:20:41.702,238.0,False,False,Muhammad,S***,19,M,362.94797164351854
B1748,P1068,744.0,2025-11-15 11:37:36.952,PENDING,9A,64d55121052705eea04227b367110561c5d579e708ac37a8ea41a0f43cf4ad25,13170.94,1.0,False,UK128,Vistara,BOM,CCU,2026-04-18 11:22:41.702,2026-04-18 14:11:41.702,169.0,False,False,Sai,B***,54,M,153.98963831018517
B1749,P1471,771.0,2026-02-19 11:37:36.952,CONFIRMED,23D,0cfb80a3c0ef9ae4da000a8ecb4fc2b02eee94da4201ae492887e795e0c2bc27,,,,SJ219,SpiceJet,BOM,DEL,2026-04-18 09:32:41.703,2026-04-18 14:09:41.703,277.0,False,False,Anika,I***,12,F,57.91324943287037
B1750,P1103,727.0,2025-09-21 11:37:36.952,PENDING,33D,083c7ad8ee107d9808c1772637703ed03d52675ad81d2b41cbd46cfba54b2809,,,,SJ159,SpiceJet,CCU,DEL,2026-04-18 12:22:41.703,2026-04-18 14:05:41.703,103.0,False,False,Ishaan,B***,8,M,209.03130498842592
B1751,P1757,724.0,2025-09-19 11:37:36.952,CONFIRMED,17E,ea38a080e71076fba94eed68d1882e6fd71005a610e421c6a5b78407be84f995,14391.99,1.0,False,UK192,Vistara,HYD,DEL,2026-04-18 12:54:41.703,2026-04-18 13:54:42.000,60.00495,False,False,Anika,G***,63,M,211.05352721064813
B1752,P1160,760.0,2025-08-13 11:37:36.952,CANCELLED,34F,cb0d89eb3ea58cb91146ee8052f45a7fe0ad6d3db5467e27a9d394c780fbb7ce,,,,AI014,Air India,HYD,MAA,2026-04-18 10:24:41.701,2026-04-18 13:51:41.701,207.0,False,False,Ananya,J***,62,F,247.94936052083335
B1753,P1199,732.0,2025-08-08 11:37:36.952,CANCELLED,5C,57c7287ec752f50e973f11ed869acf36edb4716f811c42c9fac91150c85cd0f4,4016.57,1.0,False,SJ152,SpiceJet,BOM,DEL,2026-04-18 12:09:41.702,2026-04-18 13:50:41.702,101.0,False,False,Aditya,P***,81,F,253.02227719907407
B1754,P1215,776.0,2026-02-11 11:37:36.952,PENDING,3C,c457b729a60b5bd0660e3464dbf0613134b078e739a9fc66c1718fa404f873df,12013.34,1.0,False,SJ060,SpiceJet,HYD,CCU,2026-04-18 08:51:41.701,2026-04-18 13:46:41.701,295.0,False,False,Ira,N***,75,M,65.88477718749999
B1755,P1945,756.0,2026-02-17 11:37:36.952,CANCELLED,10F,d9281b4addffec4d0a79cd5677d2967e710f81fb6c5a3f8abf5ff5f3d5416519,4760.39,1.0,False,AI127,Air India,DEL,HYD,2026-04-18 10:37:41.702,2026-04-18 13:45:41.702,188.0,False,False,Riya,V***,44,M,59.958388310185185
B1756,P1211,757.0,2026-01-27 11:37:36.952,PENDING,11F,7270e53e6e1099f38fe0853bbe5c409c116913047127c2d588f40e5e72007f68,0.0,1.0,False,SJ096,UNKNOWN,DEL,HYD,2026-04-18 10:29:41.702,2026-04-18 13:45:41.702,196.0,False,False,Ishaan,A***,70,F,80.95283275462963
B1757,P1507,733.0,2025-04-24 11:37:36.952,PENDING,22B,951783aef93037db5f1bd019480e7eb982ffee531274bd88d835706eea9a6b9f,1608.39,1.0,False,AI215,Air India,BLR,DEL,2026-04-18 12:07:41.703,2026-04-18 13:43:41.703,96.0,False,False,Ananya,K***,36,F,359.02088832175923
B1758,P1015,740.0,2026-02-28 11:37:36.952,CANCELLED,26B,da3cc671cfd39e8a9edcef4124d1c8d745e29d19c9b8f8d350038a2ca174cb24,8260.94,1.0,False,UK009,Vistara,BOM,DEL,2026-04-18 11:34:41.701,2026-04-18 13:41:41.701,127.0,False,False,Aadhya,V***,88,F,48.997971631944445
B1759,P1497,750.0,2025-10-26 11:37:36.952,PENDING,16F,a610bf56c1a436f6406856ae640d151b444d6230159cca584c46c202d5275f7a,10926.0,2.0,True,AI171,Air India,MAA,BLR,2026-04-18 10:51:41.703,2026-04-18 13:34:41.703,163.0,False,False,Ishaan,N***,74,M,173.96811054398148
B1760,P1883,763.0,2026-01-14 11:37:36.952,CANCELLED,31B,f95268e21cabf4904ab450e7e022c716e5ccda5b5560261842adc704b1d6ea80,12133.03,1.0,False,UK151,UNKNOWN,BOM,CCU,2026-04-18 10:11:41.703,2026-04-18 13:30:41.703,199.0,False,False,Riya,C***,59,M,93.94033276620371
B1761,P1331,746.0,2025-05-22 11:37:36.952,CONFIRMED,15A,bb977b2f4251ccba9fd1c29d02b619ccbabb38395b830712865aaaa5dedec800,35672.39,4.0,True,AI099,Air India,BLR,BOM,2026-04-18 11:07:41.702,2026-04-18 13:29:41.702,142.0,False,False,Aadhya,N***,60,F,330.97922164351854
B1762,P1716,726.0,2025-06-04 11:37:36.952,CONFIRMED,32B,0dddf52e82351b07a8bd47ae931166a69f97fc9b7ae0880708d169898fdee7d2,13897.13,2.0,True,UK050,Vistara,BOM,DEL,2026-04-18 12:39:41.701,2026-04-18 13:18:41.701,39.0,False,False,Shaurya,M***,85,F,318.04311052083335
B1763,P1876,739.0,2025-10-06 11:37:36.952,CANCELLED,3B,1057e76832fa8edb3205486a5e322787dded5eae85a6c11fd9ffe36c1fde4d7f,0.0,1.0,False,UK092,Vistara,MAA,BLR,2026-04-18 11:42:41.702,2026-04-18 13:17:41.702,95.0,False,False,Arjun,G***,41,M,194.00352719907409
B1764,P1550,774.0,2025-06-20 11:37:36.952,CANCELLED,13B,7b1dc121358b8506a6463d12cd32ffc5395fedb0b4ec9c2c2670f13429d7ecb2,10528.45,1.0,False,SJ058,SpiceJet,DEL,HYD,2026-04-18 08:58:41.701,2026-04-18 13:14:41.701,256.0,False,False,Ira,A***,53,F,301.88963829861115
B1765,P1600,759.0,2025-12-21 11:37:36.952,CANCELLED,1C,bc699cdb65e77f343e6d979dc3f9030fc15fc963b7c9398449f350ccfc0872ac,23925.48,2.0,True,SJ090,SpiceJet,HYD,MAA,2026-04-18 10:24:41.702,2026-04-18 13:11:41.702,167.0,False,False,Sara,A***,19,F,117.94936053240741
B1766,P1941,730.0,2025-09-07 11:37:36.952,CANCELLED,1F,b94872c224622b0ce5080503d9d1cd35ba605be3fe9fc6bdc7d676a34200c026,,,,6F173,IndiGo,BOM,CCU,2026-04-18 12:19:41.703,2026-04-18 13:08:41.703,49.0,False,False,Riya,N***,10,M,223.02922165509258
B1767,P1255,745.0,2025-11-19 11:37:36.952,CONFIRMED,6D,93d1331aff7bfd2d7b8fff1e3227f5bbf7a9c3472e7dfda6ba9fa564f33c466e,10462.21,2.0,True,AI186,Air India,DEL,BOM,2026-04-18 11:11:41.703,2026-04-18 13:05:41.703,114.0,False,False,Aadhya,C***,1,M,149.98199943287037
B1768,P1991,762.0,2026-03-23 11:37:36.952,PENDING,13C,bd0ae61fb994748f8981e22e0864197bcf658156fae0a1afe7eff40a6be5e512,2835.7,1.0,False,AI130,Air India,BOM,BLR,2026-04-18 10:18:41.702,2026-04-18 12:59:41.702,161.0,False,False,Aarav,S***,4,F,25.94519386574074
B1769,P1765,738.0,2025-11-23 11:37:36.952,INVALID,6F,2aa72f01f02e416a60a11965b1b141bdef0d0d6220b1bac749f25c319eb0b32d,2465.29,2.0,True,SJ111,SpiceJet,DEL,MAA,2026-04-18 11:47:41.702,2026-04-18 12:59:41.702,72.0,False,False,Saanvi,G***,5,F,146.00699942129629
B1770,P1727,747.0,2025-08-04 11:37:36.952,CONFIRMED,8D,214d210c97b4b26a82ef4c347962d091595a029263489da1af595e48694d511b,,,,6F203,IndiGo,BLR,HYD,2026-04-18 11:05:41.703,2026-04-18 12:56:41.703,111.0,False,False,Aadhya,d***,34,M,256.9778327662037
B1771,P1879,770.0,2025-05-24 11:37:36.952,PENDING,1F,e32408bdbc25cb92de72bd47ac64e79d7da49caad4707750cb7b1b887207623f,6761.89,1.0,False,6F138,IndiGo,HYD,BLR,2026-04-18 09:49:41.702,2026-04-18 12:53:41.702,184.0,False,False,Arjun,K***,26,F,328.92505497685187
B1772,P1814,735.0,2025-08-29 11:37:36.952,UNKNOWN,10B,5855b49d3fa8689fc958a594f6848ef6f8f3acaee173f7120117654f93900af9,,,,6F109,IndiGo,BLR,BOM,2026-04-18 12:00:41.702,2026-04-18 12:51:41.702,51.0,False,False,Reyansh,P***,49,F,232.01602719907407
B1773,P1171,734.0,2026-01-01 11:37:36.952,PENDING,16E,f95c87cfa5819590cb47e2239e7fe05384d9cc30bee29d7e572913ef05b77417,11699.42,1.0,False,AI074,Air India,CCU,BOM,2026-04-18 12:03:41.702,2026-04-18 12:50:41.702,47.0,False,False,Ishaan,B***,62,M,107.0181105324074
B1774,P1648,765.0,2026-01-07 11:37:36.952,CANCELLED,1B,b69a687b1873cd903818aeb62f714ea600f0ba2e9f260ba218f6998d198052d1,,,,UK161,Vistara,BLR,BOM,2026-04-18 10:05:41.703,2026-04-18 12:48:41.703,163.0,False,False,Arjun,A***,12,M,100.93616609953703
B1775,P1999,753.0,2025-06-19 11:37:36.952,CANCELLED,14B,60b57faf4fc883ab158282ce4c652b2aba0e8e396b21695cdf3553c23a4d0338,13185.54,1.0,False,AI008,Air India,BOM,CCU,2026-04-18 10:43:41.701,2026-04-18 12:43:42.000,120.00498333333333,False,False,Ananya,P***,14,F,302.9625549652778
B1776,P1497,777.0,2025-12-27 11:37:36.952,CANCELLED,17A,69033b999023067ed715d78dd76665001d2c858fcd955b670d56f5ae490c22b5,16692.14,2.0,True,UK121,Vistara,BLR,BOM,2026-04-18 08:36:41.702,2026-04-18 12:36:41.702,240.0,False,False,Ishaan,N***,74,M,111.87436053240741
B1777,P1470,742.0,2025-04-26 11:37:36.952,CONFIRMED,11A,0bb25a612cf987a76101212c1d45f5e444951ffe58905a4091aa1aa7ab6bfb5f,9927.3,1.0,False,6F154,IndiGo,CCU,DEL,2026-04-18 11:26:41.703,2026-04-18 12:23:41.703,57.0,False,False,Myra,K***,24,M,356.992416099537
B1778,P1383,743.0,2025-08-01 11:37:36.952,CONFIRMED,10D,a933d60d9bdbe9c03f7374e6b3988fedd4726c1a5f82ecb66a4ca59d02f811c8,,,,6F161,IndiGo,MAA,DEL,2026-04-18 11:24:41.703,2026-04-18 12:21:41.703,57.0,False,False,Arjun,N***,25,M,259.99102721064816
B1779,P1689,779.0,2026-02-01 11:37:36.952,PENDING,22B,b5efe065917d66b8641f2980257325b859f9bfdd8b3ebe214a4f4cb3f611a9e7,8876.97,1.0,False,6F153,IndiGo,CCU,BLR,2026-04-18 08:23:41.703,2026-04-18 12:20:41.703,237.0,False,False,Ira,P***,11,F,75.86533276620371
B1780,P1588,792.0,2026-02-10 11:37:36.952,PENDING,11B,1e0494cc0f478fece310f0c9a04c4046576842db063e56526610f71c6ceebbe1,,,,6F225,IndiGo,HYD,CCU,2026-04-18 07:33:41.704,2026-04-18 12:12:41.704,279.0,False,False,Sara,S***,71,M,66.83061055555557
B1781,P1699,782.0,2026-02-09 11:37:36.952,PENDING,18C,36e8c8067645e94b683bf26d3869c97d310f0cb7cbd50fc31eab95c6cf8c528f,,,,AI191,Air India,BLR,MAA,2026-04-18 07:57:41.703,2026-04-18 11:58:41.703,241.0,False,False,Vivaan,A***,33,M,67.84727721064814
B1782,P1506,775.0,2025-08-18 11:37:36.952,CONFIRMED,25F,7b5566e1bf897dadaf93594a0b86ad8c5787e64433947ce9f7d2296fe6d0c24f,4755.95,1.0,False,AI218,Air India,BOM,CCU,2026-04-18 08:55:41.703,2026-04-18 11:55:41.703,180.0,False,False,Diya,G***,21,F,242.8875549884259
B1783,P1991,783.0,2025-09-28 11:37:36.952,PENDING,25D,8b07c6c20b2383a73c187de79250ad8d663ca6deaa62bca12103f00046626c89,8201.65,1.0,False,6F267,UNKNOWN,DEL,MAA,2026-04-18 07:56:41.703,2026-04-18 11:49:41.703,233.0,False,False,Aarav,S***,4,F,201.84658276620368
B1784,P1526,798.0,2025-08-20 11:37:36.952,CANCELLED,1B,3886a1faa09b685180a1f650d9bd8bcbe33221089b8cbbda1ce4fb01c4a0ae19,1577.5,1.0,False,UK125,Vistara,HYD,BOM,2026-04-18 06:58:41.702,2026-04-18 11:44:41.702,286.0,False,False,Saanvi,S***,62,M,240.80630497685186
B1785,P1803,778.0,2025-08-19 11:37:36.952,PENDING,1B,c78fd77799b368fee0424822dcda842cf68d278bc15c4a2fc99f66f8b08dd98a,2489.15,1.0,False,6F208,IndiGo,CCU,BOM,2026-04-18 08:27:41.703,2026-04-18 11:34:41.703,187.0,False,False,Krishna,S***,82,F,241.86811054398146
B1786,P1830,773.0,2026-02-12 11:37:36.952,CANCELLED,26B,1fc08c52c32651a5753af897c83065e4e1768f3cb43b2c0a521b10bb2c49cce6,14801.3,1.0,False,6F119,IndiGo,DEL,BOM,2026-04-18 09:19:41.702,2026-04-18 11:33:41.702,134.0,False,False,Myra,J***,8,M,64.90422164351853
B1787,P1324,796.0,2025-07-11 11:37:36.952,CONFIRMED,1E,3ea97cb742b62d1a00c376fc6ad1a8b9c04130db401878420481abffdd202246,13330.68,3.0,True,AI063,Air India,HYD,BLR,2026-04-18 07:03:41.701,2026-04-18 11:26:41.701,263.0,False,False,Saanvi,N***,30,F,280.8097771875
B1788,P1213,755.0,2025-06-05 11:37:36.952,CANCELLED,2B,5393a4a8aec23638a4349c3e888ef2a80425e532005ce2fd5f8dab705396e0d7,,,,UK016,Vistara,DEL,CCU,2026-04-18 10:42:41.701,2026-04-18 11:22:41.701,40.0,False,False,Sai,P***,68,F,316.96186052083334
B1789,P1207,758.0,2026-01-13 11:37:36.952,CANCELLED,30F,29118d6e6864630097d1ab77ff7e57b8c4d4436a7fdca4a69f2b1b927d534fc2,11758.27,1.0,False,6F048,IndiGo,HYD,DEL,2026-04-18 10:27:41.701,2026-04-18 11:18:41.701,51.0,False,False,Sai,G***,2,F,94.95144385416667
B1790,P1168,769.0,2025-04-23 11:37:36.952,CANCELLED,28A,09696b649598115db9697a17c925dc8a9ee1e8c1ee30028c010703e330d85b71,4971.8,2.0,True,6F266,UNKNOWN,CCU,MAA,2026-04-18 09:49:41.703,2026-04-18 11:17:41.703,88.0,False,False,Myra,A***,62,F,359.9250549884259
B1791,P1329,800.0,2026-02-24 11:37:36.952,CONFIRMED,3C,377ee23c58948a5dc420433e61d4af59dfe3a0fa3d8e141b426612934e80745b,,,,AI167,Air India,BLR,DEL,2026-04-18 06:43:41.703,2026-04-18 11:10:41.703,267.0,False,False,Arjun,S***,46,F,52.795888321759264
B1792,P1279,764.0,2026-01-17 11:37:36.952,CONFIRMED,8E,2921dbc35c449f8fc04f91f7514cce6ee81dec4d6ea84fb1ee5d9f8e065d0f29,,,,6F165,IndiGo,BLR,BOM,2026-04-18 10:11:41.703,2026-04-18 11:09:41.703,58.0,False,False,Ira,R***,82,M,90.94033276620371
B1793,P1977,767.0,2025-11-25 11:37:36.952,CONFIRMED,14C,a7dfd0570e55a09376713a56beb8c17ce8743f5c81bc54ca8eae3f40b6d701ab,12515.25,1.0,False,SJ104,SpiceJet,HYD,DEL,2026-04-18 10:00:41.702,2026-04-18 11:00:42.000,60.00496666666666,False,False,Shaurya,J***,64,M,143.93269386574073
B1794,P1304,801.0,2025-06-26 11:37:36.952,CONFIRMED,8D,c779190e99477ab32b28f6daa0151e0eab1034ca0e5acd3f9e4ffc8b3259756e,,,,UK160,Vistara,BLR,BOM,2026-04-18 06:42:41.703,2026-04-18 10:58:41.703,256.0,False,False,Myra,K***,38,F,295.7951938773148
B1795,P1145,801.0,2026-03-21 11:37:36.952,PENDING,9C,b3312b0b6152eceb5135cd803214643e78f361ce1c8cefe7e46a45e57cf1d442,11714.65,1.0,False,UK160,Vistara,BLR,BOM,2026-04-18 06:42:41.703,2026-04-18 10:58:41.703,256.0,False,False,Ananya,P***,4,F,27.795193877314816
B1796,P1774,803.0,2025-11-28 11:37:36.952,CONFIRMED,9B,912c45fda4856be49228fe91f4a1277214e15732ab0c8280464a9b9b14716d3d,,,,SJ230,SpiceJet,BOM,CCU,2026-04-18 06:22:41.704,2026-04-18 10:57:41.704,275.0,False,False,Aditya,G***,88,F,140.781305
B1797,P1515,768.0,2025-06-03 11:37:36.952,CANCELLED,1A,eea73527e427e74aa79e60b8884456a3a517f9d59ce7b7b8d774cae0e0b4198e,,,,AI042,Air India,CCU,DEL,2026-04-18 09:53:41.701,2026-04-18 10:57:41.701,64.0,False,False,Ishaan,I***,24,M,318.9278327430556
B1798,P1089,772.0,2025-05-16 11:37:36.952,CONFIRMED,23E,9c71f9d3a6e780e79d360d616348fe272d3e537e49bab8068cf40013d6ab04d3,14793.78,2.0,True,UK197,Vistara,BLR,HYD,2026-04-18 09:22:41.703,2026-04-18 10:54:41.703,92.0,False,False,Ishaan,M***,24,M,336.9063049884259
B1799,P1452,766.0,2026-02-05 11:37:36.952,PENDING,16E,6bf15e3f33b925a335606a3f9cc3a8ca22a6a97aee7599432dd968133d716345,,,,AI107,Air India,HYD,CCU,2026-04-18 10:03:41.702,2026-04-18 10:49:41.702,46.0,False,False,Aadhya,N***,33,F,71.93477719907408
B1800,P1059,790.0,2025-08-22 11:37:36.952,PENDING,7F,eef52c1399aedc9a0c59664725cae3b046b594615a0160dcd904b485b78e0246,4478.56,1.0,False,SJ128,SpiceJet,CCU,BLR,2026-04-18 07:39:41.702,2026-04-18 10:42:41.702,183.0,False,False,Ishaan,B***,47,F,238.83477719907407
B1801,P1310,808.0,2026-04-14 11:37:36.952,PENDING,34F,2137a0d6eb13d49ad96fd4d2057c59000a1a3b5e24e1f688c05f746feab81733,,,,6F121,IndiGo,HYD,MAA,2026-04-18 05:44:41.702,2026-04-18 10:42:41.702,298.0,False,False,Aarav,S***,21,F,3.754916087962963
B1802,P1527,788.0,2025-06-30 11:37:36.952,INVALID,16B,54ef2484bfb7d6fcd9c07e7406715d71ccf8e7676066f0c2ce34a41873c103c6,2072.55,1.0,False,AI111,Air India,MAA,CCU,2026-04-18 07:40:41.702,2026-04-18 10:39:41.702,179.0,False,False,Ananya,M***,84,F,291.83547164351853
B1803,P1226,805.0,2026-02-21 11:37:36.952,CONFIRMED,24F,3c71fb9d6c85ef2d0b970be13d1e8c3d49d7cdbb3c5a482bda256bec2c96ed52,5663.2,1.0,False,SJ137,SpiceJet,CCU,DEL,2026-04-18 06:08:41.702,2026-04-18 10:14:41.702,246.0,False,False,Kavya,C***,59,F,55.77158275462963
B1804,P1473,799.0,2025-11-12 11:37:36.952,CONFIRMED,1F,516fa95af3ca4c7b4bab79741cbf204d847ccf30c100dc5a5ac9f2d781da663e,9496.04,1.0,False,AI232,Air India,DEL,BLR,2026-04-18 06:43:41.704,2026-04-18 10:13:41.704,210.0,False,False,Vivaan,S***,35,M,156.79588833333332
B1805,P1977,781.0,2025-10-26 11:37:36.952,CONFIRMED,14B,56d5c7476d10e16412dd57f2a6e0c1be1067f48d4b502f9a6ba39e110fa30d92,0.0,1.0,False,SJ113,SpiceJet,BLR,BOM,2026-04-18 08:10:41.702,2026-04-18 10:10:42.000,120.00496666666666,False,False,Shaurya,J***,64,M,173.85630497685185
B1806,P1540,780.0,2025-08-02 11:37:36.952,CANCELLED,17A,b6e51833d26c78a53bb09873a7edda69d8a2039f6507341a66251cceb8507474,14488.78,1.0,False,AI117,Air India,HYD,BLR,2026-04-18 08:18:41.702,2026-04-18 10:09:41.702,111.0,False,False,Kavya,K***,28,F,258.86186053240743
B1807,P1662,784.0,2025-06-28 11:37:36.952,CANCELLED,12C,e37166d7121c8d90f38e15c5d648e97f2423389910b4e31391a53eeaaad549a2,1759.8,1.0,False,6F185,IndiGo,CCU,DEL,2026-04-18 07:49:41.703,2026-04-18 10:08:41.703,139.0,False,False,Ira,V***,41,F,293.84172165509256
B1808,P1756,815.0,2026-01-26 11:37:36.952,PENDING,3B,24f75f7198e41855863afbee5d7465be7050a2bcec2413b7b425d5bfd08c7355,,,,AI194,Air India,MAA,BLR,2026-04-18 05:09:41.703,2026-04-18 09:38:41.703,269.0,False,False,Ira,N***,51,F,81.73061054398148
B1809,P1781,787.0,2026-04-09 11:37:36.952,PENDING,13B,4568afa34a4cb48fdc7ec77f9022dbc77e8db95c1ab3c337e0d302ee780a24b7,2114.98,1.0,False,UK045,Vistara,MAA,HYD,2026-04-18 07:43:41.701,2026-04-18 09:28:41.701,105.0,False,False,Arjun,S***,43,M,8.837554965277777
B1810,P1078,822.0,2026-03-20 11:37:36.952,CONFIRMED,34B,703372582d619254cec03f93a7f2c0ccbd7c2504a9714dec129d45a21765482b,,,,6F228,IndiGo,HYD,MAA,2026-04-18 04:36:41.704,2026-04-18 09:27:41.704,291.0,False,False,Reyansh,R***,48,M,28.707693888888887
B1811,P1432,817.0,2026-04-04 11:37:36.952,CANCELLED,25A,d65fda1865faf86bea04d8907bf8bd48610c6d74daf9aa08322341c35138eb23,9625.29,1.0,False,SJ190,SpiceJet,BOM,CCU,2026-04-18 04:57:41.703,2026-04-18 09:25:41.703,268.0,False,False,Sai,C***,69,F,13.722277210648148
B1812,P1800,789.0,2026-01-06 11:37:36.952,CANCELLED,8A,eb85d00ee61f47fb3564718e09ca5c549282c6b366ebc3c3b4d9103eaf0f5431,1736.99,1.0,False,AI156,Air India,CCU,BOM,2026-04-18 07:39:41.703,2026-04-18 09:22:41.703,103.0,False,False,Reyansh,J***,19,M,101.83477721064816
B1813,P1152,791.0,2025-04-21 11:37:36.952,INVALID,9D,5b4553e334b63a708f2ef02f87c86d2f2449422c944a5781b0861b4b073ab75b,,,,AI104,Air India,MAA,HYD,2026-04-18 07:35:41.702,2026-04-18 09:20:41.702,105.0,False,False,Diya,J***,32,M,361.8319994212963
B1814,P1788,823.0,2025-06-22 11:37:36.952,CONFIRMED,26C,65e8422d839596f942c9cf2923fb31cee842641790c8d4e3ea3710d5d7571349,9940.19,2.0,True,UK033,Vistara,HYD,DEL,2026-04-18 04:34:41.701,2026-04-18 09:18:41.701,284.0,False,False,Reyansh,M***,8,F,299.7063049652778
B1815,P1400,795.0,2025-05-01 11:37:36.952,PENDING,3C,2484c5616cc9fb06c16949a02384f853845691b6b9ac16c887c8f541caeb4eac,6355.84,2.0,True,UK137,Vistara,BOM,MAA,2026-04-18 07:04:41.703,2026-04-18 09:14:41.703,130.0,False,False,Shaurya,A***,60,M,351.81047165509256
B1816,P1278,809.0,2025-06-21 11:37:36.952,PENDING,20F,cce67ae025959daaa0c33441e12d74ab330c519a30fcca05bce886d7ea18481c,4762.94,2.0,True,UK214,Vistara,HYD,DEL,2026-04-18 05:30:41.704,2026-04-18 09:10:41.704,220.0,False,False,Aditya,N***,18,M,300.7451938888889
B1817,P1056,793.0,2025-06-07 11:37:36.952,PENDING,28D,ed6179e2a5466ef6f12a6b58e42f42ce65cb0ee40f629a71866e3e4a7a7980f0,19018.62,2.0,True,6F033,IndiGo,DEL,HYD,2026-04-18 07:08:41.701,2026-04-18 09:08:41.701,120.0,False,False,Saanvi,D***,71,F,314.81324940972223
B1818,P1976,785.0,2025-11-07 11:37:36.952,CONFIRMED,26B,e77286a7fc8c0918f3b11f1bcae191b56ddb149fc16ce1ca86cce608f8b6b052,4317.72,1.0,False,AI114,Air India,CCU,DEL,2026-04-18 07:48:41.702,2026-04-18 09:03:41.702,75.0,False,False,Reyansh,K***,60,M,161.84102719907406
B1819,P1185,812.0,2026-01-19 11:37:36.952,CONFIRMED,21E,89253e839728ffee2e752cee367b1737c78c3c351d747362ebe526f49c2bc456,,,,AI017,Air India,CCU,BOM,2026-04-18 05:15:41.701,2026-04-18 08:48:41.701,213.0,False,False,Aditya,K***,24,M,88.7347771875
B1820,P1397,794.0,2025-12-01 11:37:36.952,PENDING,18E,c02bc93ead6158f637fcbcc9d2144ce70812bb1ca39829eae4a6173900020523,22474.87,2.0,True,6F244,IndiGo,MAA,CCU,2026-04-18 07:07:41.704,2026-04-18 08:31:41.704,84.0,False,False,Ishaan,P***,60,M,137.812555
B1821,P1604,828.0,2025-11-27 11:37:36.952,PENDING,1C,09b389447f89b57019429810e1e088ce198adccd799bb24afb7965b182d774e8,5390.05,3.0,True,6F160,IndiGo,MAA,BLR,2026-04-18 04:09:41.703,2026-04-18 08:26:41.703,257.0,False,False,Riya,M***,13,F,141.6889438773148
B1822,P1787,807.0,2026-01-05 11:37:36.952,CANCELLED,17D,c6659e6f9a3ce2ac3115dc3fb14ff4a84a6a4cc2b655de3284209fddf9ac3721,7545.61,1.0,False,6F088,IndiGo,CCU,BLR,2026-04-18 05:51:41.702,2026-04-18 08:22:41.702,151.0,False,False,Reyansh,M***,16,F,102.75977719907408
B1823,P1157,786.0,2025-11-26 11:37:36.952,CANCELLED,19E,784d546f628723ab8cede91b1f5b4eba2c57f3c353f83f691a7c6607fd17cd6e,7854.23,1.0,False,6F155,IndiGo,DEL,BLR,2026-04-18 07:47:41.703,2026-04-18 08:20:41.703,33.0,False,False,Arjun,A***,66,M,142.84033276620372
B1824,P1786,816.0,2026-04-15 11:37:36.952,PENDING,9B,e97d0383fe86aa5a71c3fd254e9a3288f576fc0bee8368e4eaec167a8161fd93,10599.9,1.0,False,AI095,Air India,DEL,MAA,2026-04-18 05:00:41.702,2026-04-18 08:18:41.702,198.0,False,False,Krishna,V***,75,M,2.7243605324074074
B1825,P1692,818.0,2025-05-17 11:37:36.952,PENDING,5E,0740083a652c7a97a06c3ab11e0fe7040bc071c8344bc8b42c4c90d6fc6d18a9,5950.28,1.0,False,6F139,IndiGo,HYD,MAA,2026-04-18 04:55:41.702,2026-04-18 08:17:41.702,202.0,False,False,Sara,V***,63,F,335.72088831018516
B1826,P1358,837.0,2025-07-11 11:37:36.952,CANCELLED,19A,4c069f6064232614bfdb5f56f69f4aa8fa6d3f963a922ba58730372999c23134,5128.12,1.0,False,6F101,IndiGo,BOM,MAA,2026-04-18 03:18:41.702,2026-04-18 08:15:41.702,297.0,False,False,Ishaan,B***,42,F,280.65352719907406
B1827,P1439,832.0,2025-06-23 11:37:36.952,PENDING,20D,c47053969b849f627f55640a32d82cc9f0693392291375fdb07ce53158502ef4,26463.98,2.0,True,AI054,Air India,HYD,CCU,2026-04-18 03:44:41.701,2026-04-18 08:10:41.701,266.0,False,False,Aditya,K***,86,M,298.6715827430556
B1828,P1588,836.0,2025-05-18 11:37:36.952,CANCELLED,25B,05e9db9f9ff03e2a2a9ec835c7a51d0b9595d2b8852881398433552022e8bfbf,9418.44,1.0,False,SJ094,SpiceJet,MAA,HYD,2026-04-18 03:23:41.702,2026-04-18 08:07:41.702,284.0,False,False,Sara,S***,71,M,334.6569994212963
B1829,P1465,814.0,2026-01-15 11:37:36.952,CANCELLED,4E,c5d2ffbfa44190105efb7952e53df0bfa89db4ebe2d88838dbd6eb2a0bd96b00,4847.06,1.0,False,6F217,IndiGo,BLR,BOM,2026-04-18 05:13:41.704,2026-04-18 08:01:41.704,168.0,False,False,Vivaan,C***,24,M,92.73338833333334
B1830,P1662,821.0,2026-04-15 11:37:36.952,CANCELLED,23C,f0c2ba88726e4eb0106ed1769552ea0178774ea9d26ee5b000f02f9f36b94c21,12651.33,1.0,False,6F100,IndiGo,BOM,BLR,2026-04-18 04:40:41.702,2026-04-18 07:49:41.702,189.0,False,False,Ira,V***,41,F,2.7104716435185185
B1831,P1445,806.0,2026-02-05 11:37:36.952,CONFIRMED,21C,344f7c8a5ee6580c479b9e69db5ad6b0ce3fcfc7656b04fc5d07ca44c18c6d44,25995.510000000002,2.0,True,6F081,IndiGo,MAA,BLR,2026-04-18 06:04:41.702,2026-04-18 07:43:41.702,99.0,False,False,Diya,N***,62,F,71.76880497685185
B1832,P1749,797.0,2025-06-17 11:37:36.952,CONFIRMED,4D,67e813b76bf33d2cd58239f3abf0784efd7a07801aa0652df8f4ff7f35b0b3b2,11197.41,1.0,False,SJ156,SpiceJet,BOM,DEL,2026-04-18 06:59:41.703,2026-04-18 07:34:41.703,35.0,False,False,Sara,A***,38,M,304.8069994328703
B1833,P1800,810.0,2025-06-07 11:37:36.952,PENDING,27D,1c6fae528078b8d04499bd24209a1a204af3c9dcf7e0dfb44a2201db281dd9c3,5872.19,1.0,False,6F060,IndiGo,DEL,BLR,2026-04-18 05:29:41.701,2026-04-18 07:29:42.000,120.00498333333333,False,False,Reyansh,J***,19,M,314.74449940972227
B1834,P1742,802.0,2025-08-14 11:37:36.952,CANCELLED,33E,7c0ccb54f288e13cfa4534f3269ca13348ead6fba5f00837ce8c928fa7616a9c,7570.53,1.0,False,UK129,Vistara,HYD,MAA,2026-04-18 06:29:41.702,2026-04-18 07:29:42.000,60.00496666666666,False,False,Aditya,M***,23,M,246.78616608796295
B1835,P1487,834.0,2026-02-07 11:37:36.952,CONFIRMED,2E,c8af127b0eb2192ae8f3a73131db1c8db99a468f23d9cf41852cd0562fe61007,,,,UK032,Vistara,BLR,BOM,2026-04-18 03:31:41.701,2026-04-18 07:28:41.701,237.0,False,False,Ira,B***,29,M,69.66255496527778
B1836,P1529,825.0,2025-09-23 11:37:36.952,PENDING,13A,82f32974bca2d4fed02d75f755a21d9b0ad46b742ede29223d7e4a085083de89,,,,AI166,Air India,BOM,CCU,2026-04-18 04:20:41.703,2026-04-18 07:23:41.703,183.0,False,False,Kavya,S***,86,M,206.69658276620368
B1837,P1072,804.0,2025-10-31 11:37:36.952,PENDING,22F,0962aea689fc9ad53d09c7ba2738d67eda7b38187e82e123922240d0437dc85f,39342.91,3.0,True,SJ056,SpiceJet,HYD,DEL,2026-04-18 06:11:41.701,2026-04-18 07:10:41.701,59.0,False,False,Krishna,B***,18,M,168.77366607638888
B1838,P1928,811.0,2025-06-12 11:37:36.952,PENDING,18F,377808e9942f148dec5b307b1dbce7e5e6e27c5fc3a5f6272965dcf7383b384c,,,,SJ101,SpiceJet,CCU,DEL,2026-04-18 05:17:41.702,2026-04-18 06:57:41.702,100.0,False,False,Shaurya,A***,12,M,309.73616608796294
B1839,P1927,827.0,2025-05-09 11:37:36.952,PENDING,9C,5c66d8c55ac02fd8ec93332a65fd949da3d29e2daa61a6b993feac65106cc95e,16796.17,2.0,True,SJ065,SpiceJet,MAA,BLR,2026-04-18 04:10:41.701,2026-04-18 06:54:41.701,164.0,False,False,Sai,R***,20,F,343.68963829861116
B1840,P1700,835.0,2025-04-19 11:37:36.952,PENDING,34A,6758aefbb2a1b57b92147501d34141cb9f6f64773dddad4fd7c753c7f29fb6cf,7085.2,1.0,False,SJ100,SpiceJet,MAA,BLR,2026-04-18 03:28:41.702,2026-04-18 06:50:41.702,202.0,False,False,Kavya,P***,1,F,363.6604716435185
B1841,P1949,820.0,2025-10-24 11:37:36.952,CANCELLED,1E,505d5425c20f90d91f883a3622ae450e687a71ad48de2f163e5a90f8d65d2456,,,,UK011,Vistara,CCU,DEL,2026-04-18 04:41:41.701,2026-04-18 06:25:41.701,104.0,False,False,Saanvi,G***,2,M,175.71116607638888
B1842,P1016,819.0,2026-02-17 11:37:36.952,PENDING,3B,0b5e9c32c5343b69bccd337b1204a3b59d52f1dc621b25bb56003d37e1d816e2,9813.82,2.0,True,6F062,IndiGo,CCU,DEL,2026-04-18 04:55:41.701,2026-04-18 06:22:41.701,87.0,False,False,Vivaan,N***,30,M,59.72088829861111
B1843,P1530,826.0,2025-08-15 11:37:36.952,CANCELLED,23E,3cebec895481e8b32f60008adb5dc4d794e0d6b6ee967d0684988eb4a2dd6c5b,5648.049999999999,2.0,True,SJ176,SpiceJet,DEL,BOM,2026-04-18 04:15:41.703,2026-04-18 06:17:41.703,122.0,False,False,Riya,P***,13,M,245.69311054398148
B1844,P1730,813.0,2025-11-26 11:37:36.952,CONFIRMED,3B,a5d7e81e999cd29c3d51e0c563741d6c9d9370ef32d33762c2fa97e5e3b78c7e,7078.61,2.0,True,6F120,IndiGo,BLR,BOM,2026-04-18 05:14:41.702,2026-04-18 06:14:41.702,60.0,False,False,Myra,P***,26,M,142.73408275462964
B1845,P1325,845.0,2026-03-05 11:37:36.952,PENDING,24A,40f7815268ab7d7fda89afa9a9ef5bb077e49dc4886580a90b708fd4b2da4f44,3147.85,1.0,False,AI121,Air India,HYD,MAA,2026-04-18 02:42:41.702,2026-04-18 06:11:41.702,209.0,False,False,Ananya,B***,46,M,43.62852719907407
B1846,P1994,841.0,2025-08-30 11:37:36.952,CONFIRMED,34F,27c8d3755ffe5fd70acd7ea613de660ceda3ab1e5c337a5f8f8c6bcca4cac6eb,8100.01,1.0,False,UK072,Vistara,BOM,BLR,2026-04-18 02:55:41.702,2026-04-18 05:55:42.000,180.0049666666667,False,False,Diya,K***,89,F,230.63755497685185
B1847,P1631,839.0,2026-04-06 11:37:36.952,CANCELLED,11B,fca14ef5201992db163bc7e53ce027457a75f9ea59e5f456c7f86a0001305afb,10999.02,1.0,False,AI006,Air India,BOM,BLR,2026-04-18 03:04:41.701,2026-04-18 05:54:41.701,170.0,False,False,Muhammad,D***,36,F,11.643804965277777
B1848,P1612,824.0,2025-05-19 11:37:36.952,CANCELLED,30D,38b3d62ea2d2db3341bf3c055050d0ea58d521bd6e3a0e3c17a89d03cfb48e6f,6682.0,2.0,True,SJ231,SpiceJet,DEL,BLR,2026-04-18 04:23:41.704,2026-04-18 05:48:41.704,85.0,False,False,Ananya,P***,77,F,333.6986661111111
B1849,P1545,852.0,2025-06-24 11:37:36.952,INVALID,12E,c4f43529edcaf4d8b5c2c09c58e04c69ddd3bf0a28efd9ba4327a3609cb97391,,,,SJ129,SpiceJet,CCU,BOM,2026-04-18 01:48:41.702,2026-04-18 05:48:41.702,240.0,False,False,Saanvi,R***,69,M,297.59102719907406
B1850,P1595,847.0,2025-04-21 11:37:36.952,PENDING,33B,86678ea921584c027e48545b56c11aa5ecd5fea456e618cddcd30c2708bd4d9d,22212.88,2.0,True,6F110,IndiGo,HYD,DEL,2026-04-18 02:27:41.702,2026-04-18 05:48:41.702,201.0,False,False,Reyansh,M***,19,M,361.6181105324074
B1851,P1920,857.0,2025-11-26 11:37:36.952,PENDING,2D,8b82eab6b4545a9a6f3ce201ef0e5dde52a08e208fd5e10f400db5f7b65a54aa,,,,6F231,IndiGo,HYD,MAA,2026-04-18 01:16:41.704,2026-04-18 05:43:41.704,267.0,False,False,Reyansh,A***,44,F,142.568805
B1852,P1707,851.0,2025-08-09 11:37:36.952,CONFIRMED,33E,6ad9b8fd28ffccf49264adcda3ecb143ce25f7b48adabc0ed75c102a092edb82,2491.83,1.0,False,6F095,IndiGo,BLR,MAA,2026-04-18 01:53:41.702,2026-04-18 05:34:41.702,221.0,False,False,Saanvi,D***,3,M,251.5944994212963
B1853,P1841,863.0,2025-05-05 11:37:36.952,CONFIRMED,18F,ed731eeabf504aa10d6d7d327a6d5be609de648cb002985abaa9040ddcc9bff3,8948.88,1.0,False,UK054,Vistara,BLR,BOM,2026-04-18 00:37:41.701,2026-04-18 05:30:41.701,293.0,False,False,Diya,D***,2,M,347.5417216319445
B1854,P1201,831.0,2025-08-10 11:37:36.952,CONFIRMED,29D,7f617c35090f09028d7fd7015b67c7d4a4709ec89b1cdd84daa18c87d0deabf4,33343.83,4.0,True,SJ123,SpiceJet,BOM,CCU,2026-04-18 03:57:41.702,2026-04-18 05:25:41.702,88.0,False,False,Myra,R***,2,F,250.6806105324074
B1855,P1343,838.0,2026-01-04 11:37:36.952,PENDING,3D,2b7ce9c324d52a6c5fc08bb0cfcac7f9816668ec37ddf7a7ef0883d8b7f8f6ea,21909.6,2.0,True,6F006,IndiGo,BOM,BLR,2026-04-18 03:06:41.701,2026-04-18 05:06:42.000,120.00498333333333,False,False,Ira,D***,46,F,103.64519385416666
B1856,P1852,830.0,2025-05-04 11:37:36.952,PENDING,4E,73ed2bc7916b9ce95651b90bf6e6fe2b653aeeee536b7c03c50e52bf4991f4ed,25660.08,2.0,True,UK226,Vistara,MAA,HYD,2026-04-18 03:58:41.704,2026-04-18 05:01:41.704,63.0,False,False,Sai,G***,64,F,348.681305
B1857,P1522,868.0,2026-03-07 11:37:36.952,PENDING,17E,1b269821155b17291f92bdd734f545935af8af2f82b4c42c875efd668db9cc8d,17650.920000000002,2.0,True,AI065,UNKNOWN,MAA,BLR,2026-04-18 00:09:41.701,2026-04-18 05:00:41.701,291.0,False,False,Reyansh,S***,23,F,41.522277187499995
B1858,P1858,865.0,2025-11-25 11:37:36.952,UNKNOWN,10B,b05d5077011bcebecc862f56e36eb5d0e0856eb5548584b618df051c19a90347,,,,6F008,IndiGo,DEL,BOM,2026-04-18 00:14:41.701,2026-04-18 04:59:41.701,285.0,False,False,Myra,G***,17,F,143.5257494097222
B1859,P1399,840.0,2025-11-11 11:37:36.952,PENDING,7B,73f723ba52ae0d3def30fa7a8c53b1e062c7295e54563625df4ea63cd5a39121,,,,AI195,Air India,CCU,MAA,2026-04-18 02:58:41.703,2026-04-18 04:57:41.703,119.0,False,False,Ananya,D***,53,F,157.63963832175926
B1860,P1217,861.0,2025-08-01 11:37:36.952,UNKNOWN,3A,af827a01b509e6ae6a924b8c8248cd3985d8d4d012c66a515cb38f31148661ca,9531.5,2.0,True,UK043,UNKNOWN,DEL,HYD,2026-04-18 00:48:41.701,2026-04-18 04:52:41.701,244.0,False,False,Krishna,I***,17,M,259.5493605208334
B1861,P1444,858.0,2025-10-15 11:37:36.952,CONFIRMED,25E,cadf4859991b0f08442c71f2f384c565ba41d42f47e6a2099121b491b131f9bd,9044.04,1.0,False,AI125,UNKNOWN,CCU,DEL,2026-04-18 01:12:41.702,2026-04-18 04:51:41.702,219.0,False,False,Sai,G***,47,M,184.56602719907409
B1862,P1764,829.0,2025-10-05 11:37:36.952,PENDING,21A,0ba639f080c17c05c618e5dff5b7ec481deb94860b1c5d9bcd4fd319fb6edaa6,,,,AI089,Air India,CCU,BOM,2026-04-18 04:05:41.702,2026-04-18 04:47:41.702,42.0,False,False,Myra,G***,81,F,194.68616608796296
B1863,P1221,833.0,2026-02-12 11:37:36.952,CONFIRMED,22C,2c8b1e3f7745d80a59e09e896ec39f63a1452f2e803e1b07b82ea68ccd3f5f69,22928.67,2.0,True,UK019,Vistara,BOM,HYD,2026-04-18 03:41:41.701,2026-04-18 04:35:41.701,54.0,False,False,Diya,N***,70,M,64.66949940972222
B1864,P1382,860.0,2025-09-27 11:37:36.952,CANCELLED,22C,9a98890c43ab6d738ba30badad60d43096ad8b32afeb38e1ee6902b5352d6937,10081.04,1.0,False,UK078,Vistara,BOM,HYD,2026-04-18 01:03:41.702,2026-04-18 04:32:41.702,209.0,False,False,Anika,I***,51,F,202.55977719907406
B1865,P1880,844.0,2025-07-28 11:37:36.952,CANCELLED,15E,a20234a1879c3ba2a996acbfbe358ab884213bb023dcf78a63076012dc87e306,11740.51,1.0,False,SJ009,SpiceJet,CCU,BLR,2026-04-18 02:48:41.701,2026-04-18 04:23:41.701,95.0,False,False,Reyansh,K***,64,M,263.6326938541667
B1866,P1591,874.0,2026-01-28 11:37:36.952,CONFIRMED,7A,ee7a801ac64c206dabd8579ff009fe2a9e990d3c698b16569372474fe2984461,4987.99,1.0,False,UK178,Vistara,DEL,BLR,2026-04-17 23:41:41.703,2026-04-18 04:09:41.703,268.0,True,False,Krishna,M***,4,M,79.50283276620371
B1867,P1006,848.0,2025-11-23 11:37:36.952,CONFIRMED,13D,e1185cbe1d9a066e6c2e0b935e9ceed0f6bd08569ce6001414a074215e8ededf,8158.17,1.0,False,UK018,Vistara,BOM,CCU,2026-04-18 02:15:41.701,2026-04-18 04:08:41.701,113.0,False,False,Kavya,N***,87,M,145.6097771875
B1868,P1271,843.0,2026-04-10 11:37:36.952,CANCELLED,29E,5c8f3466e8ea9194db8744fbccacfa8711c17d627bcd9723497fc7864ae74401,,,,SJ059,SpiceJet,CCU,DEL,2026-04-18 02:50:41.701,2026-04-18 04:06:41.701,76.0,False,False,Muhammad,P***,75,F,7.634082743055555
B1869,P1738,864.0,2026-02-04 11:37:36.952,CONFIRMED,19C,bda456f6e93a598740fb7b630dc7636793ac21f202d3dbd2287b936b351b0852,21553.27,2.0,True,UK108,Vistara,DEL,BLR,2026-04-18 00:28:41.702,2026-04-18 03:46:41.702,198.0,False,False,Ananya,P***,5,M,72.53547164351852
B1870,P1015,881.0,2025-04-25 11:37:36.952,CANCELLED,5D,6e6bfc99c9c06272fd6378ecc1b4af1e8ab8b57a5524bb6248ecaf46876a77dc,,,,6F045,IndiGo,BOM,HYD,2026-04-17 23:04:41.701,2026-04-18 03:38:41.701,274.0,True,False,Aadhya,V***,88,F,357.4771382986111
B1871,P1423,862.0,2025-10-04 11:37:36.952,CANCELLED,23E,8f2d93a86434f0def24ea2a06c76636e0bbc41de6fe1a88c2143d7afa22f93b7,,,,AI144,Air India,MAA,BOM,2026-04-18 00:43:41.702,2026-04-18 03:36:41.702,173.0,False,False,Aditya,G***,1,M,195.54588831018518
B1872,P1523,842.0,2025-07-09 11:37:36.952,PENDING,26E,ac7314a3b694827e2f648d18570799cba02ddfc3700b602fee0bb90411f10e97,14817.12,3.0,True,AI244,Air India,BLR,BOM,2026-04-18 02:50:41.704,2026-04-18 03:25:41.704,35.0,False,False,Krishna,V***,89,F,282.6340827777778
B1873,P1802,846.0,2025-04-25 11:37:36.952,CONFIRMED,11B,78407459f2eae92cf3544db8bd6c6fc917fcebcd234c1e9099c8f17516842dce,32289.57,3.0,True,6F265,UNKNOWN,DEL,HYD,2026-04-18 02:27:41.703,2026-04-18 03:24:41.703,57.0,False,False,Myra,G***,5,M,357.61811054398146
B1874,P1752,875.0,2026-01-26 11:37:36.952,CONFIRMED,16E,33264ded1e73cec888d060fb2951bf3209a08f1826cf0059a2f1756eaaea7233,24444.489999999998,3.0,True,6F108,IndiGo,DEL,HYD,2026-04-17 23:41:41.702,2026-04-18 03:23:41.702,222.0,True,False,Ira,S***,50,M,81.50283275462964
B1875,P1020,872.0,2025-06-17 11:37:36.952,PENDING,17D,7f34b31b8a74481bf12da0beaccb126ddb2985bb71709ab94dabb4c0851618e2,0.0,1.0,False,6F069,IndiGo,MAA,BLR,2026-04-17 23:44:41.701,2026-04-18 03:17:41.701,213.0,True,False,Ananya,K***,60,M,304.5049160763889
B1876,P1689,849.0,2025-06-14 11:37:36.952,CANCELLED,18F,d46918b121864fe1d6475b1b7b41c0a5e2870bd2bce4258cc20fc79b41377638,11290.32,1.0,False,6F072,IndiGo,BLR,CCU,2026-04-18 02:14:41.702,2026-04-18 03:11:41.702,57.0,False,False,Ira,P***,11,F,307.60908275462964
B1877,P1938,885.0,2025-11-09 11:37:36.952,CONFIRMED,33F,bf9a2e549016485b25ef1f546187d1350218216a92cda5d73d26c5a64cf5f96c,,,,6F096,IndiGo,MAA,BLR,2026-04-17 22:45:41.702,2026-04-18 02:58:41.702,253.0,True,False,Reyansh,J***,33,F,159.46394386574073
B1878,P1227,856.0,2025-12-31 11:37:36.952,PENDING,31D,3a0d7f7bf9b7fd49d1254c7ffa7a8ca8285af77e35f123cb3d4eeb1090ef8d1d,14778.71,1.0,False,SJ233,SpiceJet,DEL,HYD,2026-04-18 01:18:41.704,2026-04-18 02:56:41.704,98.0,False,False,Aadhya,R***,70,M,107.5701938888889
B1879,P1784,867.0,2025-12-03 11:37:36.952,PENDING,9E,e336afc8c867ecf662d9676b57a53700875ecb00670b7236efe2204a46de346f,4682.98,1.0,False,AI203,Air India,BOM,CCU,2026-04-18 00:09:41.703,2026-04-18 02:56:41.703,167.0,False,False,Ira,K***,55,F,135.52227721064816
B1880,P1287,876.0,2026-03-08 11:37:36.952,CONFIRMED,2E,f733bf22e57fdd068c0819c6abfbab3538c9b83e40e0486990711f0b25e064ac,11737.0,1.0,False,UK147,Vistara,CCU,DEL,2026-04-17 23:35:41.703,2026-04-18 02:55:41.703,200.0,True,False,Ishaan,K***,68,F,40.49866609953704
B1881,P1808,853.0,2025-08-26 11:37:36.952,PENDING,8E,d531397d9fe9a36a3cb9b9d3b56ce64abd6bc0151dc94f7cbfce2d5cb559eaca,,,,UK039,Vistara,HYD,BOM,2026-04-18 01:40:41.701,2026-04-18 02:53:41.701,73.0,False,False,Aditya,J***,70,M,234.58547163194447
B1882,P1133,892.0,2025-10-17 11:37:36.952,CANCELLED,18B,f0c17e6da411e7eb81e177e067248b7817ce7303bf6eb2839dbb16ac1b4408b7,,,,6F216,IndiGo,BLR,DEL,2026-04-17 21:58:41.704,2026-04-18 02:51:41.704,293.0,True,False,Sai,B***,1,F,182.431305
B1883,P1983,887.0,2025-11-17 11:37:36.952,PENDING,5B,dc092e5edf81fcf5f21a9a13af148522047904a8516e244bb95fc8fb11d688a5,7691.33,2.0,True,AI214,Air India,CCU,DEL,2026-04-17 22:23:41.703,2026-04-18 02:49:41.703,266.0,True,False,Muhammad,K***,35,M,151.44866609953704
B1884,P1282,882.0,2025-08-31 11:37:36.952,CANCELLED,31D,973ea6687da71a9d2244d1d762f7f5262e8ebd380c5d7b7fa9b0a1475985318c,,,,UK025,Vistara,DEL,BOM,2026-04-17 22:55:41.701,2026-04-18 02:47:41.701,232.0,True,False,Kavya,C***,35,M,229.47088829861113
B1885,P1403,869.0,2025-08-10 11:37:36.952,CANCELLED,11B,66ecf7c3c34fc56dd0fe5a6681798f2b7c24150761ceeb25c37cbb3e8c507703,9992.33,1.0,False,UK053,Vistara,BLR,BOM,2026-04-17 23:56:41.701,2026-04-18 02:46:41.701,170.0,True,False,Myra,G***,6,M,250.51324940972225
B1886,P1664,854.0,2026-02-12 11:37:36.952,INVALID,9D,28348146ccf5c99964be8b53234eedf2a7b16fae16ccaf708bf98135a2a8fe99,,,,6F130,IndiGo,DEL,HYD,2026-04-18 01:27:41.702,2026-04-18 02:45:41.702,78.0,False,False,Myra,N***,27,M,64.57644386574074
B1887,P1065,855.0,2026-03-09 11:37:36.952,PENDING,23F,a54ee7925788a1c30e4925ef22e3b1a9f84e4aea85f4a997369f215b8b039489,9312.51,1.0,False,6F247,IndiGo,DEL,HYD,2026-04-18 01:27:41.702,2026-04-18 02:45:41.702,78.0,False,False,Ishaan,K***,4,F,39.57644386574074
B1888,P1648,850.0,2025-12-25 11:37:36.952,CANCELLED,25C,e554f9bfa63b49d1f535b40af1abc4290d353ccb3315e69c4875a4f99a127f9f,14913.74,2.0,True,6F159,IndiGo,CCU,BOM,2026-04-18 02:08:41.703,2026-04-18 02:43:41.703,35.0,False,False,Arjun,A***,12,M,113.60491609953704
B1889,P1603,870.0,2026-02-24 11:37:36.952,CANCELLED,22C,f06a372de876e39ea3164ce26084361443445fad66167e692936e7eb07f85257,,,,UK086,Vistara,CCU,BLR,2026-04-17 23:55:41.702,2026-04-18 02:27:41.702,152.0,True,False,Ananya,G***,45,M,52.51255497685185
B1890,P1436,859.0,2025-08-30 11:37:36.952,PENDING,12E,e2d2253611ec2328f01eac75c8b5d4af8584da56e137d35a89c4e74b2d3c5dd4,13732.45,1.0,False,6F102,IndiGo,HYD,MAA,2026-04-18 01:10:41.702,2026-04-18 02:24:41.702,74.0,False,False,Myra,R***,26,F,230.5646383101852
B1891,P1828,880.0,2026-01-26 11:37:36.952,CANCELLED,18D,97bdea92636d5c1aeb0b23123b3f173b513dab40a934994e337246684fa47581,4194.57,2.0,True,UK186,Vistara,BOM,BLR,2026-04-17 23:05:41.703,2026-04-18 02:22:41.703,197.0,True,False,Reyansh,B***,36,F,81.4778327662037
B1892,P1933,873.0,2025-08-24 11:37:36.952,PENDING,17F,c80b48758f08213c9f7b9be3bd957fe1d5eca34bbeb6e8bfe5bd2e584176408e,,,,6F032,IndiGo,DEL,BOM,2026-04-17 23:43:41.701,2026-04-18 02:22:41.701,159.0,True,False,Ira,K***,38,F,236.50422163194446
B1893,P1258,896.0,2025-08-02 11:37:36.952,CONFIRMED,19A,dce988fc36c97786f0fc3b069228618eb2420b0965db97906f37ac93fc1a3dba,,,,6F186,IndiGo,HYD,BOM,2026-04-17 21:48:41.703,2026-04-18 02:02:41.703,254.0,True,False,Diya,P***,69,M,258.42436054398144
B1894,P1979,866.0,2026-02-24 11:37:36.952,CANCELLED,4F,89f338cd7fc52c23e84a27fddf1c233389587c06e516f993a6033154c72ae091,,,,6F106,IndiGo,BOM,CCU,2026-04-18 00:10:41.702,2026-04-18 01:52:41.702,102.0,False,False,Kavya,G***,11,M,52.52297164351852
B1895,P1965,897.0,2025-10-05 11:37:36.952,CANCELLED,14E,3b5d797dc6c17d09db569f2242a00fca8e5d34b25e335a1665f323fbb328caa8,54031.62,5.0,True,AI021,Air India,DEL,HYD,2026-04-17 21:39:41.701,2026-04-18 01:38:41.701,239.0,True,False,Aarav,B***,50,F,194.41811052083335
B1896,P1102,884.0,2025-11-30 11:37:36.952,PENDING,11F,57f1fcd062d63a5d12f7874f05ea90ad23813c191d2f2ab614e51557cf02a60e,0.0,1.0,False,AI157,Air India,BLR,CCU,2026-04-17 22:45:41.703,2026-04-18 01:33:41.703,168.0,True,False,Myra,K***,1,F,138.46394387731482
B1897,P1992,891.0,2025-11-01 11:37:36.952,PENDING,26F,59a836c80d8c90a4cd29c0d93202e9a7d6c187043c01b566cfba8a85edddf695,16995.309999999998,2.0,True,6F054,IndiGo,HYD,BLR,2026-04-17 22:00:41.701,2026-04-18 01:25:41.701,205.0,True,False,Diya,S***,89,F,167.43269385416667
B1898,P1566,877.0,2025-10-03 11:37:36.952,PENDING,10D,f7d1380547c9d577e69eb8a7d1edb50d6973bcaa4535ae98f18e802b0a151d9e,5718.04,1.0,False,AI187,Air India,BLR,HYD,2026-04-17 23:32:41.703,2026-04-18 01:16:41.703,104.0,True,False,Vivaan,S***,9,F,196.4965827662037
B1899,P1768,905.0,2025-09-28 11:37:36.952,PENDING,4B,e36862a918bfca92278dcc483d3665d714088f018b189fe916893724eafd1d98,3146.15,1.0,False,SJ124,SpiceJet,HYD,DEL,2026-04-17 21:05:41.702,2026-04-18 01:12:41.702,247.0,True,False,Krishna,G***,10,M,201.3944994212963
B1900,P1100,871.0,2025-10-06 11:37:36.952,CANCELLED,11C,5bad9f4cf190e7d61a742438f82d2b7759f8584caed15c7103d75ab6b32b6d3b,1212.98,1.0,False,SJ223,SpiceJet,HYD,MAA,2026-04-17 23:54:41.703,2026-04-18 01:08:41.703,74.0,True,False,Muhammad,J***,9,M,193.51186054398147
B1901,P1197,894.0,2025-04-25 11:37:36.952,CONFIRMED,21A,d4225f77ec76d7c60efce2e0eb6d461d37d327536a519919395faef3dd2ce074,10787.49,1.0,False,UK103,Vistara,MAA,DEL,2026-04-17 21:52:41.702,2026-04-18 01:06:41.702,194.0,True,False,Krishna,N***,3,M,357.42713831018517
B1902,P1812,889.0,2026-02-08 11:37:36.952,CONFIRMED,14F,1decbd29cfbe2544f50a6070121d96dbb55f881b2b4b7a1e9bcc8aae2f08bb11,,,,SJ157,SpiceJet,DEL,HYD,2026-04-17 22:11:41.703,2026-04-18 01:05:41.703,174.0,True,False,Muhammad,P***,46,F,68.44033276620371
B1903,P1225,903.0,2025-11-06 11:37:36.952,CONFIRMED,9B,36d8ef2746e29dab52bf55c36173580d8bb10664e96e98729b3649b8c1401126,,,,6F242,IndiGo,BLR,MAA,2026-04-17 21:10:41.704,2026-04-18 01:04:41.704,234.0,True,False,Muhammad,G***,73,M,162.39797166666668
B1904,P1942,878.0,2025-07-01 11:37:36.952,CONFIRMED,8B,40b1d023f363963c390ef67140adc12ce53e5038567bd953a8ab5aa1610625cc,5769.34,1.0,False,UK213,Vistara,BOM,CCU,2026-04-17 23:21:41.704,2026-04-18 01:01:41.704,100.0,True,False,Riya,P***,5,M,290.4889438888889
B1905,P1462,901.0,2026-02-13 11:37:36.952,PENDING,24B,207c5dfb1d81736ef00dc4bc3e321bd8cc7a54a516bf30ea11db2c1b13cc3235,,,,SJ120,SpiceJet,MAA,BLR,2026-04-17 21:19:41.702,2026-04-18 00:56:41.702,217.0,True,False,Reyansh,K***,69,F,63.40422164351852
B1906,P1236,879.0,2025-08-11 11:37:36.952,CANCELLED,22B,8737dfca2fe6c8d5a5d070b0a16e7e86fd385774e03ba79d603cebed3cfe3b8f,11037.65,1.0,False,AI035,Air India,DEL,MAA,2026-04-17 23:17:41.701,2026-04-18 00:48:41.701,91.0,True,False,Myra,S***,20,F,249.4861660763889
B1907,P1025,919.0,2026-01-14 11:37:36.952,CANCELLED,1B,4b432f17b1d3823095a26a8f2d2aa31fa1084c6f25ef951eadedcddbb286a7c5,5451.44,1.0,False,6F147,IndiGo,HYD,MAA,2026-04-17 19:57:41.703,2026-04-18 00:31:41.703,274.0,True,False,Aarav,C***,22,M,93.34727721064814
B1908,P1120,886.0,2025-08-09 11:37:36.952,CANCELLED,23B,8dcf010d1dd8b21d6807588366a216a71d2be91bb625a3b81bae0b6011c150dd,10746.849999999999,2.0,True,SJ229,SpiceJet,CCU,DEL,2026-04-17 22:25:41.704,2026-04-18 00:27:41.704,122.0,True,False,Aarav,G***,33,M,251.450055
B1909,P1909,911.0,2025-11-14 11:37:36.952,PENDING,31B,4f16c5f08f75eb483866cb2bb9554d0d45b2fc50a558250cdf1217aeebb73980,,,,AI230,UNKNOWN,CCU,BLR,2026-04-17 20:37:41.704,2026-04-18 00:22:41.704,225.0,True,False,Ananya,C***,6,M,154.375055
B1910,P1505,883.0,2025-06-10 11:37:36.952,CANCELLED,5C,3c1e2f0fc3d3e5c3dacc196badc9c7b3a59e66dcd2bc7af43c6dc0f11dcdb80e,21554.05,2.0,True,UK162,Vistara,BOM,CCU,2026-04-17 22:47:41.703,2026-04-18 00:21:41.703,94.0,True,False,Myra,M***,89,F,311.4653327662037
B1911,P1181,895.0,2025-05-29 11:37:36.952,PENDING,27C,e266325a3fbbbd69e3f36ec300857d03a5aca171ff36982a0028309f98f2788c,,,,AI066,Air India,HYD,MAA,2026-04-17 21:51:41.701,2026-04-18 00:11:41.701,140.0,True,False,Shaurya,C***,62,M,323.4264438541667
B1912,P1710,888.0,2025-09-09 11:37:36.952,CANCELLED,19D,e151b2ebbb00d413ee6ee08609ac2cff3665f869a439a2b7e9be7805b107418e,6279.57,1.0,False,6F205,IndiGo,HYD,BOM,2026-04-17 22:16:41.703,2026-04-18 00:02:41.703,106.0,True,False,Vivaan,V***,53,M,220.4438049884259
B1913,P1813,913.0,2025-05-24 11:37:36.952,CONFIRMED,27B,d2182e3232c2e2891fa851f071796fe3105f6c1cf1d8adbba3e2cc8ccea9b05a,15295.38,2.0,True,AI124,Air India,CCU,HYD,2026-04-17 20:28:41.702,2026-04-18 00:00:41.702,212.0,True,False,Kavya,J***,34,M,328.36880497685183
B1914,P1766,890.0,2025-10-19 11:37:36.952,PENDING,20A,3d35368ba6389c44a4a75c2c68c31bd8a1254c57801c25da8ff9f6ad80ebf0e1,5079.38,1.0,False,UK114,Vistara,HYD,CCU,2026-04-17 22:10:41.702,2026-04-17 23:58:41.702,108.0,False,False,Ira,B***,29,F,180.4396383101852
B1915,P1633,893.0,2025-06-03 11:37:36.952,CANCELLED,18B,f2f8ab60b89747c0245612f970c2f3bd61aad47358a87c15e55de1e2b1374e03,1162.01,1.0,False,AI231,Air India,DEL,HYD,2026-04-17 21:52:41.704,2026-04-17 23:51:41.704,119.0,False,False,Sara,V***,20,F,318.42713833333335
B1916,P1542,898.0,2025-10-30 11:37:36.952,CONFIRMED,7D,b0838bc2349b3e1a6d3e5dd073f856532d8e78d60305e3249583345d849c063f,3156.86,1.0,False,AI113,Air India,CCU,HYD,2026-04-17 21:21:41.702,2026-04-17 23:51:41.702,150.0,False,False,Sai, ***,52,M,169.4056105324074
B1917,P1983,902.0,2025-08-03 11:37:36.952,INVALID,27A,c629fc15abbd896a201732100ec4f57944be5dad6346603193edbab631c4fd24,,,,UK180,Vistara,CCU,MAA,2026-04-17 21:18:41.703,2026-04-17 23:29:41.703,131.0,False,False,Muhammad,K***,35,M,257.4035272106481
B1918,P1314,902.0,2025-10-07 11:37:36.952,CONFIRMED,2B,1356acc909e9194b24a9ae3ae464cb0fca1de55de2ad5dea0cc412668b7df4ff,4095.5699999999997,2.0,True,UK180,Vistara,CCU,MAA,2026-04-17 21:18:41.703,2026-04-17 23:29:41.703,131.0,False,False,Anika,J***,69,M,192.40352721064815
B1919,P1990,921.0,2026-03-17 11:37:36.952,PENDING,7C,51188cf53682052244474353c096fe5b409c265b60eacc1279844f05e3348c5d,,,,6F080,IndiGo,HYD,MAA,2026-04-17 19:47:41.702,2026-04-17 23:13:41.702,206.0,False,False,Arjun,A***,62,F,31.340332754629628
B1920,P1796,916.0,2025-05-11 11:37:36.952,PENDING,14A,b311ced7623ee79c2a4e036eb15cc0bf555cfb3d2f163f66953cc75dc45d0eab,,,,SJ095,SpiceJet,DEL,MAA,2026-04-17 20:09:41.702,2026-04-17 23:13:41.702,184.0,False,False,Diya,A***,32,M,341.3556105324074
B1921,P1617,906.0,2025-04-24 11:37:36.952,CANCELLED,21F,cf13262d5ae355fb8981183d0ef1732d0825789eb6fa858ebec60952fb423a85,9627.04,1.0,False,SJ115,SpiceJet,BOM,HYD,2026-04-17 21:05:41.702,2026-04-17 23:10:41.702,125.0,False,False,Reyansh,G***,33,F,358.3944994212963
B1922,P1735,908.0,2025-05-14 11:37:36.952,CONFIRMED,7D,3c6b7e635f83b45f68ba0019fb418c4ad02f7b0efdbb6b804585487ae0ce13a9,19566.92,2.0,True,AI142,Air India,BOM,DEL,2026-04-17 20:49:41.702,2026-04-17 23:03:41.702,134.0,False,False,Aarav,K***,12,F,338.3833883101852
B1923,P1272,932.0,2025-11-28 11:37:36.952,CANCELLED,33F,60d169d9b1d515c0f31f465ed1088df92b75a7bf6921c1521441da53ae726911,8467.53,2.0,True,UK169,Vistara,HYD,DEL,2026-04-17 18:12:41.703,2026-04-17 23:01:41.703,289.0,False,False,Sai,C***,72,F,140.2743605439815
B1924,P1909,930.0,2025-05-04 11:37:36.952,CANCELLED,27D,3a228e031196fcb39cb52e835eddb41133243e3b6bdc65e246d1e4548a5239ae,4739.01,1.0,False,SJ041,SpiceJet,CCU,HYD,2026-04-17 18:24:41.701,2026-04-17 22:59:41.701,275.0,False,False,Ananya,C***,6,M,348.28269385416667
B1925,P1231,918.0,2025-04-20 11:37:36.952,CONFIRMED,7D,0fe0322e7f3fd942550f8341d2ba9976a5c5ae35a0fb9a4908c9fc3c579959ef,29535.22,3.0,True,UK171,Vistara,HYD,CCU,2026-04-17 19:59:41.703,2026-04-17 22:53:41.703,174.0,False,False,Riya,D***,59,M,362.348666099537
B1926,P1419,907.0,2025-11-27 11:37:36.952,CANCELLED,18F,57d4b60c1075ce04830307f52aae8dc06b431592def85c0e5c4fb5aceee1b0df,,,,AI081,Air India,CCU,BOM,2026-04-17 21:03:41.702,2026-04-17 22:51:41.702,108.0,False,False,Krishna,I***,9,F,141.3931105324074
B1927,P1767,924.0,2026-01-28 11:37:36.952,PENDING,27D,360e4cde1c73981c5818cbc44417f8afe02bf02caa6966e923d05fc56b5e6dc2,,,,AI162,Air India,MAA,DEL,2026-04-17 19:20:41.703,2026-04-17 22:40:41.703,200.0,False,False,Sai,S***,4,M,79.3215827662037
B1928,P1441,925.0,2026-01-23 11:37:36.952,CANCELLED,6F,22f7d67dfc129df114e0893d8be0fcdef54bd94b26e740813a164268ebf442d2,6983.66,1.0,False,SJ037,SpiceJet,BLR,BOM,2026-04-17 19:14:41.701,2026-04-17 22:31:41.701,197.0,False,False,Arjun,K***,29,M,84.31741607638888
B1929,P1495,925.0,2025-11-05 11:37:36.952,CONFIRMED,6A,82a0755f38b853c2a0397820c2e8e748a7d3f2f4882608f0301399c324e332ba,,,,SJ037,SpiceJet,BLR,BOM,2026-04-17 19:14:41.701,2026-04-17 22:31:41.701,197.0,False,False,Arjun,N***,8,F,163.3174160763889
B1930,P1023,904.0,2025-12-16 11:37:36.952,PENDING,3B,479132795205a60d545ffbdc684e584123876f960e7c001323b37469ba2ab302,1625.9,2.0,True,UK080,Vistara,BLR,MAA,2026-04-17 21:09:41.702,2026-04-17 22:29:41.702,80.0,False,False,Aditya,P***,76,F,122.39727719907407
B1931,P1108,899.0,2025-09-26 11:37:36.952,PENDING,16C,fb70900ab05e0264026042946bb44015c906573fe233d642dd9263a3376e828f,10011.51,1.0,False,SJ031,SpiceJet,DEL,BOM,2026-04-17 21:20:41.701,2026-04-17 22:29:41.701,69.0,False,False,Ishaan,K***,8,M,203.4049160763889
B1932,P1702,928.0,2025-12-28 11:37:36.952,CANCELLED,4B,20177912a4b87913a816fe5073ba60299df6e4c88101a4ddc0bb0de952ba2b34,8636.39,2.0,True,AI199,Air India,HYD,DEL,2026-04-17 18:47:41.703,2026-04-17 22:26:41.703,219.0,False,False,Aadhya,M***,55,M,110.29866609953704
B1933,P1501,914.0,2025-05-28 11:37:36.952,CANCELLED,7B,538d1b80eb257af055ca01e5b46a62f3065761c986fa6fa9853b620a678bab93,,,,6F082,IndiGo,BOM,BLR,2026-04-17 20:26:41.702,2026-04-17 22:26:41.702,120.0,False,False,Sai,J***,58,M,324.36741608796297
B1934,P1858,900.0,2026-04-12 11:37:36.952,PENDING,9F,fe8da665f70f1cf9e63c874cc6e4c177314b86bc53dd6b27754acd07ca7396ef,10978.81,1.0,False,UK217,Vistara,MAA,CCU,2026-04-17 21:19:41.704,2026-04-17 22:14:41.704,55.0,False,False,Myra,G***,17,F,5.4042216666666665
B1935,P1024,910.0,2026-04-13 11:37:36.952,CANCELLED,6C,2437d254afcc829e485d3158d3c46b5865f42df49396e241c7f2657bdb007a36,,,,UK014,Vistara,HYD,MAA,2026-04-17 20:41:41.701,2026-04-17 22:06:41.701,85.0,False,False,Vivaan,S***,58,M,4.3778327430555555
B1936,P1186,939.0,2026-01-11 11:37:36.952,CONFIRMED,14D,055ef86c67a7545e5462821ea3fff7b2215b0e94ea6df58822177a8874f44981,11286.73,2.0,True,SJ180,SpiceJet,HYD,CCU,2026-04-17 17:12:41.703,2026-04-17 22:00:41.703,288.0,False,False,Sara,M***,79,F,96.23269387731482
B1937,P1287,912.0,2026-02-19 11:37:36.952,CANCELLED,16E,e86a0d4b95087ef9ff2c55adc58db9195fdba5b20d0684ad4e3f105b9b52c7a0,6825.66,1.0,False,6F268,UNKNOWN,DEL,MAA,2026-04-17 20:29:41.701,2026-04-17 21:58:41.701,89.0,False,False,Ishaan,K***,68,F,57.36949940972222
B1938,P1627,927.0,2026-04-07 11:37:36.952,CANCELLED,19B,1b76c24e008d12dec15f623e1ae8908c59cc28d3a846a6c78f1054d0c32e0a3c,12242.79,1.0,False,UK205,Vistara,HYD,MAA,2026-04-17 18:57:41.703,2026-04-17 21:46:41.703,169.0,False,False,Aditya,I***,21,M,10.305610543981482
B1939,P1337,920.0,2025-07-22 11:37:36.952,PENDING,22B,a1ceb7db9a8f4d37f2d0d06d9889b758b552af377527083d00ab64704af34f03,41153.630000000005,4.0,True,SJ212,UNKNOWN,MAA,BLR,2026-04-17 19:49:41.703,2026-04-17 21:44:41.703,115.0,False,False,Vivaan,C***,67,F,269.34172165509256
B1940,P1877,909.0,2025-06-25 11:37:36.952,CANCELLED,17C,3dfe21b4717b273160e2ed0a859525fc0e946e3141f3a469c31f238336fcb019,18574.85,2.0,True,UK052,Vistara,BLR,CCU,2026-04-17 20:48:41.701,2026-04-17 21:40:41.701,52.0,False,False,Ananya,K***,6,F,296.3826938541667
B1941,P1913,917.0,2025-06-13 11:37:36.952,CANCELLED,19D,297150fdc26a5809499a6f8f3a566b54890a441ab45ce52f760a066f8705419c,1551.73,1.0,False,UK230,Vistara,BLR,BOM,2026-04-17 20:02:41.704,2026-04-17 21:35:41.704,93.0,False,False,Ananya,N***,66,F,308.35074944444443
B1942,P1036,941.0,2025-07-18 11:37:36.952,CANCELLED,23D,52c23117d0b6483f68891ad16809fa2425d6600c4b1402b23fedc2f0899bf746,1755.58,1.0,False,AI145,UNKNOWN,DEL,BOM,2026-04-17 17:06:41.702,2026-04-17 21:31:41.702,265.0,False,False,Riya,R***,62,F,273.22852719907405
B1943,P1793,915.0,2026-03-13 11:37:36.952,CONFIRMED,7E,2afc19eb30e33dfbb415b9d2d13e46bd169b1d437a59d2047d8c6e563a493a0f,14420.98,2.0,True,SJ035,SpiceJet,CCU,DEL,2026-04-17 20:15:41.701,2026-04-17 21:15:42.000,60.004983333333335,False,False,Anika,J***,67,M,35.3597771875
B1944,P1136,948.0,2025-07-20 11:37:36.952,CANCELLED,10B,0503ddbdc7954fc90f237dcceeba2e2b11793f11b81532dc71c758c2614a7dea,12698.08,2.0,True,SJ184,SpiceJet,CCU,DEL,2026-04-17 16:32:41.703,2026-04-17 21:00:41.703,268.0,False,False,Aadhya,V***,27,M,271.204916099537
B1945,P1507,943.0,2025-11-03 11:37:36.952,CONFIRMED,24A,102be45dae9fa99573c9335ff2c5cd17f08f9889d522936e5f3a8708bd50a244,,,,6F207,IndiGo,BOM,HYD,2026-04-17 16:59:41.703,2026-04-17 21:00:41.703,241.0,False,False,Ananya,K***,36,F,165.22366609953704
B1946,P1226,933.0,2026-03-30 11:37:36.952,CONFIRMED,15A,9831fdc174faf57f891613747c613ee153595ff24600447cd1f4b5d255464891,11196.94,1.0,False,UK144,Vistara,BOM,CCU,2026-04-17 18:07:41.703,2026-04-17 20:59:41.703,172.0,False,False,Kavya,C***,59,F,18.27088832175926
B1947,P1319,937.0,2025-10-22 11:37:36.952,CONFIRMED,1A,8f8a317db0cdc0d183958349917aa7a953ad8073e8544e900adbc68edbbc728e,2186.2,1.0,False,AI126,Air India,MAA,HYD,2026-04-17 17:26:41.702,2026-04-17 20:48:41.702,202.0,False,False,Kavya,C***,35,M,177.24241608796297
B1948,P1839,935.0,2025-05-19 11:37:36.952,CONFIRMED,10A,89e8c4f2714c9d00fcd15d35f409a7e3bc050a0d2fb9deda448778b8d1e26184,14449.69,2.0,True,SJ145,SpiceJet,BLR,HYD,2026-04-17 17:41:41.702,2026-04-17 20:38:41.702,177.0,False,False,Ishaan,N***,78,M,333.25283275462965
B1949,P1915,955.0,2025-05-16 11:37:36.952,PENDING,15B,78da5f3f104150a22d1bc3fe0248e0b2382e6718a94c4937455d5cbe59090c77,14360.11,2.0,True,6F040,IndiGo,HYD,CCU,2026-04-17 15:52:41.701,2026-04-17 20:33:41.701,281.0,False,False,Sai,P***,75,M,336.1771382986111
B1950,P1181,922.0,2025-06-15 11:37:36.952,CONFIRMED,21B,59abd1abe2875e045d6c7c4caa930e3b3779acc9c8316b6a09b529c9b932ad71,,,,UK049,Vistara,HYD,BOM,2026-04-17 19:47:41.701,2026-04-17 20:32:41.701,45.0,False,False,Shaurya,C***,62,M,306.34033274305557
B1951,P1873,922.0,2026-03-18 11:37:36.952,CANCELLED,3F,220ac90c194efac7748272fa109833ad402eb36862d397ca84dbf76c15b013c0,12831.14,1.0,False,UK049,Vistara,HYD,BOM,2026-04-17 19:47:41.701,2026-04-17 20:32:41.701,45.0,False,False,Shaurya,R***,40,M,30.340332743055555
B1952,P1085,949.0,2025-10-18 11:37:36.952,CONFIRMED,2C,dfcf5f4a11d157bbb3b62d5016c7150f7183911f83415b09c63851486f3e6da1,10237.24,1.0,False,AI087,Air India,MAA,DEL,2026-04-17 16:32:41.702,2026-04-17 20:30:41.702,238.0,False,False,Diya,N***,85,M,181.20491608796297
B1953,P1466,923.0,2025-05-24 11:37:36.952,CANCELLED,19A,542539dfa11714e5af4aa490fe1d918aa53daa48f15c7ece5f0dc6d82662071d,12741.76,1.0,False,AI152,Air India,BLR,CCU,2026-04-17 19:21:41.703,2026-04-17 20:26:41.703,65.0,False,False,Aditya,R***,80,F,328.3222772106481
B1954,P1925,947.0,2025-11-06 11:37:36.952,CONFIRMED,2A,d9121ffdc34b6a37be6babbd0e2f6f7e81dc926db1893f9715d0cb257289bab8,14524.79,1.0,False,SJ240,SpiceJet,BOM,HYD,2026-04-17 16:42:41.704,2026-04-17 20:21:41.704,219.0,False,False,Diya,N***,19,M,162.21186055555555
B1955,P1052,956.0,2025-09-14 11:37:36.952,PENDING,22B,ba06ccf0d09d344f244d9cc3d1104fcab10049db08b06503c5a90229db961afa,,,,AI212,Air India,DEL,CCU,2026-04-17 15:31:41.703,2026-04-17 20:13:41.703,282.0,False,False,Sai,K***,53,F,215.1625549884259
B1956,P1859,931.0,2025-09-21 11:37:36.952,CONFIRMED,3B,7ef6d89813183832c02dc38467cd2b12346bb6bf2645281386a08371ab166baa,,,,AI064,Air India,BLR,MAA,2026-04-17 18:24:41.701,2026-04-17 20:07:41.701,103.0,False,False,Shaurya,K***,86,F,208.2826938541667
B1957,P1866,952.0,2025-06-07 11:37:36.952,CONFIRMED,32E,67ccf72774c4e47ab2d137cc961ce17c7321ad79a1d7eb34f9d0bee3141bf931,4851.79,1.0,False,6F093,IndiGo,CCU,DEL,2026-04-17 16:09:41.702,2026-04-17 20:00:41.702,231.0,False,False,Ishaan,G***,68,F,314.1889438657407
B1958,P1234,934.0,2025-04-28 11:37:36.952,PENDING,29C,6d2015fd32402b94b1285f6623bc22112c9f504da35f26aa3fe78a26044b5dd6,2727.84,2.0,True,AI118,Air India,HYD,MAA,2026-04-17 17:50:41.702,2026-04-17 19:59:41.702,129.0,False,False,Ananya,B***,67,M,354.2590827546296
B1959,P1958,926.0,2025-12-19 11:37:36.952,CONFIRMED,23D,9b80358e64c8add365e8d0e3b93250692c5b687a8c0379655ed2dfd92cbfed15,17094.079999999998,2.0,True,AI172,Air India,BOM,CCU,2026-04-17 19:08:41.703,2026-04-17 19:53:41.703,45.0,False,False,Arjun,G***,24,M,119.31324943287038
B1960,P1778,940.0,2026-01-30 11:37:36.952,CANCELLED,27E,5c1d55a69680fffc5b600082e20954092f0c60dc3aae79fa3cc160f6a1b90715,14657.97,1.0,False,6F183,IndiGo,MAA,HYD,2026-04-17 17:08:41.703,2026-04-17 19:52:41.703,164.0,False,False,Krishna,V***,53,F,77.22991609953704
B1961,P1798,969.0,2025-07-15 11:37:36.952,CONFIRMED,28A,f24fcefc260522e9ee464d689ebe30483ef692ed9836c24777900b2f90ab4161,,,,6F200,IndiGo,HYD,DEL,2026-04-17 14:54:41.703,2026-04-17 19:41:41.703,287.0,False,False,Aarav,M***,61,F,276.13686054398147
B1962,P1432,936.0,2025-12-23 11:37:36.952,CONFIRMED,18C,273f61215919d166819d198d03f6ff8d2b72dbb29d86fd77913845441e03ba3b,30993.239999999998,4.0,True,SJ077,SpiceJet,BLR,MAA,2026-04-17 17:32:41.701,2026-04-17 19:40:41.701,128.0,False,False,Sai,C***,69,F,115.24658274305555
B1963,P1495,963.0,2026-02-24 11:37:36.952,CONFIRMED,27F,e534e29c631809787204cfdab72a4740a7ecf0c3824e73da6331d104a272b6b9,,,,UK030,Vistara,CCU,DEL,2026-04-17 15:11:41.701,2026-04-17 19:38:41.701,267.0,False,False,Arjun,N***,8,F,52.148666076388885
B1964,P1998,966.0,2025-05-21 11:37:36.952,PENDING,18B,4c216ec64082c9f91467f4702a713013feb8a793be3063275556efca824871ae,,,,SJ232,SpiceJet,MAA,BLR,2026-04-17 15:02:41.704,2026-04-17 19:22:41.704,260.0,False,False,Shaurya,K***,39,F,331.1424161111111
B1965,P1099,964.0,2026-01-29 11:37:36.952,CONFIRMED,20D,e88c91c4ce8e371f6a954d60d8aed9e90ca37ec0e8704bc718dff7a95ffa4015,,,,6F090,IndiGo,HYD,BLR,2026-04-17 15:10:41.702,2026-04-17 19:22:41.702,252.0,False,False,Vivaan,A***,71,F,78.14797164351852
B1966,P1989,976.0,2025-11-06 11:37:36.952,CONFIRMED,12B,bd4984f9dc2c410aa5528163f84e75be39617c53ea3953dd61d812c13de557fa,34300.32,3.0,True,UK002,Vistara,CCU,MAA,2026-04-17 14:28:41.700,2026-04-17 19:20:41.700,292.0,False,False,Reyansh,C***,26,M,162.1188049537037
B1967,P1598,957.0,2025-07-03 11:37:36.952,CANCELLED,22C,30e4570111fa8ea9c78a76ed0c2cfc08f70a0c771c2f837e8a7df90eec7b03b3,12518.31,1.0,False,AI154,Air India,HYD,MAA,2026-04-17 15:25:41.703,2026-04-17 19:16:41.703,231.0,False,False,Aadhya,G***,39,M,288.1583883217592
B1968,P1402,942.0,2025-10-11 11:37:36.952,CONFIRMED,2D,cf181aa9ccdcae847f6d5cecb47a70ef7c6d298fe45471153ac4f10999114809,14600.78,1.0,False,6F089,IndiGo,DEL,HYD,2026-04-17 17:06:41.702,2026-04-17 19:10:41.702,124.0,False,False,Riya,K***,68,F,188.22852719907408
B1969,P1395,960.0,2026-04-08 11:37:36.952,CONFIRMED,29A,93bc7d27d08ae6c357739bfc29a9d85d9147669fba02662b238d22745ce20955,13598.0,1.0,False,6F218,IndiGo,BLR,BOM,2026-04-17 15:16:41.704,2026-04-17 19:03:41.704,227.0,False,False,Riya,I***,15,F,9.152138333333333
B1970,P1526,929.0,2025-11-26 11:37:36.952,CONFIRMED,12B,62b0624b65cd64bf38a52d3f015128be7b43372cb27523d3587a216a4fb50c32,4558.49,1.0,False,6F241,IndiGo,DEL,HYD,2026-04-17 18:27:41.704,2026-04-17 19:02:41.704,35.0,False,False,Saanvi,S***,62,M,142.28477722222223
B1971,P1414,946.0,2025-08-20 11:37:36.952,CONFIRMED,2B,eb79ca72c0e56dec5149270e6e033d6bde3036441ca3dfe82197f6514a1f15a6,,,,6F116,IndiGo,MAA,CCU,2026-04-17 16:43:41.702,2026-04-17 19:02:41.702,139.0,False,False,Muhammad,S***,19,M,240.21255497685186
B1972,P1938,959.0,2025-04-18 11:37:36.952,CANCELLED,19B,173b7db0219f7e81207ad13b1e3dbc780550f6390e8ddfa9a5c0ada56bc2107a,5458.57,1.0,False,UK199,Vistara,BOM,CCU,2026-04-17 15:24:41.703,2026-04-17 18:55:41.703,211.0,False,False,Reyansh,J***,33,F,364.1576938773148
B1973,P1612,938.0,2025-04-28 11:37:36.952,CANCELLED,8C,2a46c5fa309a225ff26b5a2b4e4eda47b54b24c79bd4b1484d521bfd1c9198fd,,,,SJ033,SpiceJet,HYD,DEL,2026-04-17 17:26:41.701,2026-04-17 18:51:41.701,85.0,False,False,Ananya,P***,77,F,354.2424160763889
B1974,P1676,951.0,2025-08-03 11:37:36.952,PENDING,15B,8df86f378cb27b0171891d4137d22d26ef61eaf24600a76401de73ec7b39781b,,,,AI210,Air India,BLR,BOM,2026-04-17 16:13:41.703,2026-04-17 18:50:41.703,157.0,False,False,Reyansh,R***,82,F,257.1917216550926
B1975,P1462,950.0,2025-08-26 11:37:36.952,UNKNOWN,20E,5f50e40ff96a0fd0a636d2db27f2d2cc82fa84a62c3dc46b57874414eec4a583,7791.01,1.0,False,UK148,Vistara,HYD,BOM,2026-04-17 16:31:41.703,2026-04-17 18:43:41.703,132.0,False,False,Reyansh,K***,69,F,234.20422165509257
B1976,P1540,944.0,2025-08-27 11:37:36.952,PENDING,16F,2c9c3a92cbf98579435772a078d4eea34c49abac973561b5b22c2c6467a66a18,8576.26,1.0,False,AI229,Air India,HYD,MAA,2026-04-17 16:48:41.703,2026-04-17 18:40:41.703,112.0,False,False,Kavya,K***,28,F,233.21602721064812
B1977,P1625,980.0,2026-01-01 11:37:36.952,PENDING,4A,c1c31fa9ed3bb84e838e0cc4bb1c6a2da220679fb5cfdcedf76bf8ec715619f3,,,,UK005,Vistara,BOM,MAA,2026-04-17 14:02:41.701,2026-04-17 18:14:41.701,252.0,False,False,Riya,P***,61,F,106.10074940972223
B1978,P1618,953.0,2025-12-07 11:37:36.952,CONFIRMED,12C,6990aa0ac8d60e401e153aa10b2017477140d0821b249853702bc75efbfa439b,9450.85,1.0,False,SJ080,SpiceJet,CCU,MAA,2026-04-17 16:04:41.702,2026-04-17 17:59:41.702,115.0,False,False,Ishaan,S***,38,F,131.18547164351853
B1979,P1921,990.0,2025-12-02 11:37:36.952,CANCELLED,1F,167f29c93a0c680ec95df9a925d32a0a37663f3ff225870ae27cba11511986b4,,,,SJ092,SpiceJet,BLR,MAA,2026-04-17 13:19:41.702,2026-04-17 17:56:41.702,277.0,False,False,Ishaan,C***,5,M,136.07088831018518
B1980,P1363,977.0,2025-12-04 11:37:36.952,CANCELLED,15A,642656fead84ca6ed76c1963158cb9872391b055d5578882712e69113f235f4b,12102.14,1.0,False,SJ055,SpiceJet,HYD,MAA,2026-04-17 14:17:41.701,2026-04-17 17:56:41.701,219.0,False,False,Sara,I***,13,F,134.11116607638888
B1981,P1129,975.0,2025-05-17 11:37:36.952,CONFIRMED,19D,194c1ff334ec6b7cdddbff3b3f5e8b7bf899e22f894224f4730c2d821a45ef05,12166.27,2.0,True,AI239,Air India,BOM,HYD,2026-04-17 14:33:41.704,2026-04-17 17:47:41.704,194.0,False,False,Vivaan,J***,65,F,335.12227722222224
B1982,P1083,970.0,2025-06-17 11:37:36.952,UNKNOWN,7A,da2d4df4666b2a20176e78cb5e867d4681bfa112ee2ee47f0dfe2a03920172f2,,,,6F162,IndiGo,CCU,BOM,2026-04-17 14:50:41.703,2026-04-17 17:44:41.703,174.0,False,False,Arjun,B***,62,F,304.1340827662037
B1983,P1270,968.0,2025-06-28 11:37:36.952,UNKNOWN,27A,b1ec26b79390538bd526ce8ab693f396ff548005ddfb2ab244e9911159061ec2,9117.5,1.0,False,UK101,Vistara,DEL,HYD,2026-04-17 15:00:41.702,2026-04-17 17:43:41.702,163.0,False,False,Reyansh,N***,24,M,293.1410271990741
B1984,P1243,1000.0,2025-04-25 11:37:36.952,CONFIRMED,27F,9addb84ab4e74bf110979f242e8804f7c2370f56c1d74c6697b434d4b5a74cf8,19611.190000000002,2.0,True,6F198,IndiGo,HYD,BLR,2026-04-17 12:40:41.703,2026-04-17 17:39:41.703,299.0,False,False,Aadhya,C***,1,M,357.0438049884259
B1985,P1387,958.0,2025-09-28 11:37:36.952,CONFIRMED,31F,b7bca1f547c035740cf2f1e80020451db493ac3d749b5f198c5c32671bd00012,,,,6F239,IndiGo,CCU,BOM,2026-04-17 15:24:41.704,2026-04-17 17:37:41.704,133.0,False,False,Anika,S***,22,F,201.1576938888889
B1986,P1213,996.0,2025-10-07 11:37:36.952,CONFIRMED,13F,eccdbbde392ac5992d9c9a587ee50fd4fe6d1e44c57c014af81201cde61aae9c,,,,SJ177,SpiceJet,BOM,CCU,2026-04-17 13:04:41.703,2026-04-17 17:37:41.703,273.0,False,False,Sai,P***,68,F,192.06047165509258
B1987,P1817,987.0,2026-03-12 11:37:36.952,CANCELLED,19F,3a75e0b82eaab0a0f596cb2e77fe808887c6bfdca89fcd72da07dcd6e005c25c,8733.92,2.0,True,6F044,IndiGo,DEL,HYD,2026-04-17 13:25:41.701,2026-04-17 17:36:41.701,251.0,False,False,Reyansh,P***,27,M,36.07505496527778
B1988,P1165,988.0,2026-02-17 11:37:36.952,PENDING,13A,b2abdbadf4cb0ea2601978a4524286c2632d23120e4c492bbfde5e4323cf61c3,13945.28,1.0,False,6F248,IndiGo,DEL,HYD,2026-04-17 13:25:41.701,2026-04-17 17:36:41.701,251.0,False,False,Ira,S***,44,M,59.07505496527778
B1989,P1790,979.0,2025-12-10 11:37:36.952,UNKNOWN,16F,bf47153d90dacf5f3154de862799c2e9eef96c24c26cbaf4f75ce8e21eb46c3e,,,,6F002,IndiGo,BLR,MAA,2026-04-17 14:11:41.700,2026-04-17 17:34:41.700,203.0,False,False,Sai,B***,4,F,128.10699939814813
B1990,P1058,971.0,2026-03-31 11:37:36.952,CONFIRMED,14B,2fb692e2db98726674fec92f835426b7a11d4d753f34f5e6df1e2d7b2141aab6,14394.7,3.0,True,SJ197,SpiceJet,HYD,BLR,2026-04-17 14:49:41.703,2026-04-17 17:33:41.703,164.0,False,False,Diya,M***,8,F,17.13338832175926
B1991,P1601,985.0,2026-01-14 11:37:36.952,CANCELLED,22E,4aa73e23192d35b7f2e0d05b7651956098eb0fcf636a3d9a8d77893fa25e22d0,,,,UK091,Vistara,CCU,BOM,2026-04-17 13:37:41.702,2026-04-17 17:31:41.702,234.0,False,False,Krishna,N***,39,M,93.08338831018519
B1992,P1882,997.0,2025-04-25 11:37:36.952,CONFIRMED,25C,3bd00e59fdc2d052fb3bb47cf3af3d3f73814b0eafde9a02e2aae99237f2ab07,14003.060000000001,3.0,True,6F215,IndiGo,DEL,BLR,2026-04-17 13:00:41.703,2026-04-17 17:30:41.703,270.0,False,False,Krishna,G***,56,F,357.0576938773148
B1993,P1842,1001.0,2026-03-11 11:37:36.952,CANCELLED,5B,183ca99088a1487cfafc0cecde8b36dd324aa249957f90f65129687c37834f20,,,,AI093,Air India,BOM,BLR,2026-04-17 12:35:41.702,2026-04-17 17:28:41.702,293.0,False,False,Ira,B***,26,F,37.04033275462963
B1994,P1923,973.0,2026-03-31 11:37:36.952,CONFIRMED,21D,a173e965992f81ff13474086fab1e5d3f8e04eafbc0672557d0f76c631490280,,,,UK090,Vistara,HYD,MAA,2026-04-17 14:44:41.702,2026-04-17 17:24:41.702,160.0,False,False,Sai,G***,26,M,17.129916087962965
B1995,P1503,954.0,2025-11-20 11:37:36.952,CANCELLED,11C,5025eb66e890523a21dedac55104398ab026181500ed376c5fb84c48276cff05,,,,SJ005,SpiceJet,DEL,MAA,2026-04-17 16:03:41.701,2026-04-17 17:24:41.701,81.0,False,False,Riya,V***,29,F,148.1847771875
B1996,P1705,962.0,2025-08-08 11:37:36.952,CANCELLED,27E,65c0e8317e379a5227bd3e56f893e0f9443e6024e59ae36fcb4ead0d62cd4aee,10358.84,1.0,False,UK106,Vistara,BOM,CCU,2026-04-17 15:12:41.702,2026-04-17 17:23:41.702,131.0,False,False,Saanvi,S***,69,M,252.1493605324074
B1997,P1122,945.0,2025-05-03 11:37:36.952,PENDING,27B,9c2be330bc8f2b18931a79bc103805548df4750881e5afb01e428e0d94814344,0.0,2.0,True,6F223,IndiGo,MAA,BLR,2026-04-17 16:47:41.704,2026-04-17 17:21:41.704,34.0,False,False,Ananya,V***,23,M,349.2153327777778
B1998,P1647,961.0,2025-10-23 11:37:36.952,CONFIRMED,14C,f260e8c9632372f928de90c846fca8dd3fcb42bca9915456d4041841dea211ab,18385.6,2.0,True,6F011,IndiGo,MAA,BLR,2026-04-17 15:16:41.701,2026-04-17 17:16:42.000,120.00498333333333,False,False,Anika,N***,75,M,176.1521382986111
B1999,P1412,974.0,2025-08-08 11:37:36.952,INVALID,12B,ae872528e8dc647fe29a6b39d3a2d91f0bb60465c05da5a65a18bab5ad01e142,2806.06,1.0,False,UK124,Vistara,MAA,BLR,2026-04-17 14:35:41.702,2026-04-17 17:09:41.702,154.0,False,False,Riya,I***,17,F,252.12366608796296
